glm53: video placeholders aligned to encoder grid_t (Glm5Next→glm46v)
glm53: disabled GB10 persistent_topk (use top_k_per_row_decode)
glm53: overlay install ok aligned=True
glm53: video placeholders aligned to encoder grid_t (Glm5Next→glm46v)
[suppress-stops-in-reasoning] skipped: /usr/local/lib/python3.12/dist-packages/vllm/v1/engine/detokenizer.py
glm53: video placeholders aligned to encoder grid_t (Glm5Next→glm46v)
scheduler.py: # [glm53-decode-floor] already present — skipping
glm53: video placeholders aligned to encoder grid_t (Glm5Next→glm46v)
[patch_glm5_drafter_group] /usr/local/lib/python3.12/dist-packages/vllm/v1/core/kv_cache_utils.py: already patched (DFLASH2-DRAFTER-GROUP + padded slot-share); no-op.
glm53: video placeholders aligned to encoder grid_t (Glm5Next→glm46v)
kv_cache_coordinator.py: # [glm53-hybrid-apc] already present — skipping
glm53: video placeholders aligned to encoder grid_t (Glm5Next→glm46v)
backend_xgrammar.py: termination fix already present (#52805)
__init__.py: reasoning fix already present (#53046)
glm53: video placeholders aligned to encoder grid_t (Glm5Next→glm46v)
block_table.py: kpool tail slot-map already present
glm53: video placeholders aligned to encoder grid_t (Glm5Next→glm46v)
installed /usr/local/lib/python3.12/dist-packages/vllm/models/glm5next/nvidia/glm53_ablit.py
model.py: ABLIT-HOOK already present — skipping
mtp.py: ABLIT-HOOK already present — skipping
[tp4-r1] launching: vllm serve /root/.cache/huggingface/hub/models--Mia-AiLab--GLM-5.3-Flash-EXL3-TR3-4bpw/snapshots/25a44fdbf16862a46b7cc9921142c6c81350af2f --served-model-name GLM-5.3-Flash-EXL3 --host 0.0.0.0 --port 8890 --tensor-parallel-size 4 --nnodes 4 --node-rank 1 --master-addr 10.200.0.11 --master-port 29531 --distributed-executor-backend mp --tool-call-parser glm47 --enable-auto-tool-choice --reasoning-parser glm45 --enable-prefix-caching --no-enable-flashinfer-autotune --quantization exl3 --max-model-len 1000000 --gpu-memory-utilization 0.75 --max-num-seqs 8 --max-num-batched-tokens 2048 --kv-cache-dtype fp8 --limit-mm-per-prompt {"image":4,"video":1} --skip-mm-profiling --chat-template /opt/glm53/chat_template.jinja --headless --speculative-config {"method":"dflash","model":"/root/.cache/huggingface/hub/models--incoai--GLM-5.3-Flash-DFlash2/snapshots/dc77ff1c99eeb2df044ee3d4f0094eb033fee410","num_speculative_tokens":3,"kv_cache_dtype":"auto","draft_sample_method":"probabilistic","rejection_sample_method":"standard","draft_tensor_parallel_size":4}
glm53: video placeholders aligned to encoder grid_t (Glm5Next→glm46v)
INFO 09-03 10:40:47 [model.py:679] Resolved architecture: Glm5NextForConditionalGeneration
INFO 09-03 10:40:47 [model.py:1973] Using max model len 1000000
INFO 09-03 10:40:51 [cache.py:282] Using fp8 data type to store kv cache. It reduces the GPU memory footprint and boosts the performance. Meanwhile, it may cause accuracy drop without a proper scaling factor
INFO 09-03 10:40:51 [arg_utils.py:2168] Inferred data_parallel_rank 0 from node_rank 1
INFO 09-03 10:40:51 [model.py:679] Resolved architecture: DFlash2DraftModel
INFO 09-03 10:40:51 [model.py:1973] Using max model len 1048576
INFO 09-03 10:40:51 [speculative.py:1256] Overriding draft model max model len from 1048576 to 1000000
INFO 09-03 10:40:51 [config.py:605] Mamba cache mode is set to 'align' for Glm5NextForConditionalGeneration by default when prefix caching is enabled
INFO 09-03 10:40:51 [vllm.py:1319] Auto-enabling VLLM_USE_BREAKABLE_CUDAGRAPH=1. Set VLLM_USE_BREAKABLE_CUDAGRAPH=0 to opt out.
INFO 09-03 10:40:51 [kernel.py:306] Final IR op priority after setting platform defaults: IrOpPriorityConfig(rms_norm=['vllm_c', 'native'], fused_add_rms_norm=['vllm_c', 'native'])
WARNING 09-03 10:40:51 [vllm.py:1849] max_num_scheduled_tokens is set to 2048 based on the speculative decoding settings. This may lead to suboptimal performance. Consider increasing max_num_batched_tokens to accommodate the additional draft token slots, or decrease num_speculative_tokens.
INFO 09-03 10:40:51 [compilation.py:329] Enabled custom fusions: norm_quant, act_quant
INFO 09-03 10:40:51 [serve.py:216] Launching vLLM (v0.1.dev20051+g487ecf187) headless multiproc executor, with head node address 10.200.0.11:29531 for torch.distributed process group.
glm53: video placeholders aligned to encoder grid_t (Glm5Next→glm46v)
glm53: video placeholders aligned to encoder grid_t (Glm5Next→glm46v)
(Worker pid=1239) INFO 09-03 10:40:57 [parallel_state.py:1638] world_size=4 rank=1 local_rank=0 distributed_init_method=tcp://10.200.0.11:29531 backend=nccl
[W903 10:40:57.492228442 socket.cpp:207] [c10d] The hostname of the client socket cannot be retrieved. err=-3
(Worker pid=1239) WARNING 09-03 10:41:09 [symm_mem.py:67] SymmMemCommunicator: Device capability 12.1 not supported, communicator is not available.
(Worker pid=1239) WARNING 09-03 10:41:09 [custom_all_reduce.py:254] Custom collectives are disabled because this multi-node group does not support MNNVL multicast.
(Worker pid=1239) INFO 09-03 10:46:15 [parallel_state.py:1982] rank 1 in world size 4 is assigned as DP rank 0, PP rank 0, PCP rank 0, TP rank 1, EP rank 1, EPLB rank N/A
(Worker pid=1239) INFO 09-03 10:46:15 [gpu_worker.py:386] Using V2 Model Runner
(Worker_TP1 pid=1239) INFO 09-03 10:46:15 [model_runner.py:353] Loading model from scratch...
(Worker_TP1 pid=1239) INFO 09-03 10:46:15 [cuda.py:595] Using backend AttentionBackendEnum.FLASH_ATTN for vit attention
(Worker_TP1 pid=1239) INFO 09-03 10:46:15 [mm_encoder_attention.py:375] Using AttentionBackendEnum.FLASH_ATTN for MMEncoderAttention.
(Worker_TP1 pid=1239) INFO 09-03 10:46:15 [kernel.py:306] Final IR op priority after setting platform defaults: IrOpPriorityConfig(rms_norm=['vllm_c', 'native'], fused_add_rms_norm=['vllm_c', 'native'])
(Worker_TP1 pid=1239) WARNING 09-03 10:46:15 [vllm.py:1849] max_num_scheduled_tokens is set to 2048 based on the speculative decoding settings. This may lead to suboptimal performance. Consider increasing max_num_batched_tokens to accommodate the additional draft token slots, or decrease num_speculative_tokens.
(Worker_TP1 pid=1239) INFO 09-03 10:46:15 [cuda.py:536] Using FLASHINFER_MLA_SPARSE_SM120 attention backend out of potential backends: ['FLASHINFER_MLA_SPARSE_SM120'].
(Worker_TP1 pid=1239) INFO 09-03 10:46:15 [mla_attention.py:475] Using fp8_ds_mla KV cache format for FLASHINFER_MLA_SPARSE_SM120 backend.
(Worker_TP1 pid=1239) WARNING 09-03 10:46:15 [mla_attention.py:551] Sparse MLA impl has no dense-MHA prefill path; using the top-k MQA path only.
(Worker_TP1 pid=1239) INFO 09-03 10:46:15 [deep_gemm.py:191] deep_gemm not found in site-packages, trying vendored vllm.third_party.deep_gemm
(Worker_TP1 pid=1239) INFO 09-03 10:46:15 [deep_gemm.py:136] DeepGEMM E8M0 enabled on current platform.
(Worker_TP1 pid=1239) INFO 09-03 10:46:17 [weight_utils.py:858] Filesystem type for checkpoints: EXT4. Checkpoint size: 163.58 GiB. Available RAM: 64.84 GiB.
(Worker_TP1 pid=1239) INFO 09-03 10:46:17 [weight_utils.py:888] Auto-prefetch is disabled because the filesystem (EXT4) is not a recognized network FS (NFS/Lustre) and the checkpoint size (163.58 GiB) exceeds 90% of available RAM (64.84 GiB).
(Worker_TP1 pid=1239) INFO 09-03 10:48:11 [default_loader.py:430] Loading weights took 113.43 seconds
(Worker_TP1 pid=1239) INFO 09-03 10:48:11 [exl3.py:379] exl3 e2 diag schema=1 configured_tier=legacy effective_tier=legacy tier_reason=none_requested shared_suh=1 shared_suh_layers=1/1 sym_exl3_moe=1 sym_fat_gemm=1 sym_fat_gemm_scatter=1 cap=12.1 cap_ok=1 tp_rank=1 tp_size=4 prefill_layer_calls=0 thin_calls=0 row_tile_calls=0 fallback_calls=kernel=0,batched=0,sorted=0,legacy=0 fallback_reasons=none fat_expert_runs=0 direct_calls=0 scatter_calls=0 fat_layers=0 fat_expert_slots=0 max_rows=0 fused_temps_allocs=0 fused_temps_bytes=0 fat_scratch_allocs=0 fat_scratch_bytes=0 fat_scratch_peak_bytes=0
(Worker_TP1 pid=1239) INFO 09-03 10:48:12 [exl3.py:1585] EXL3 MCG trellis engaged for routed experts: bits=4 experts_local=288 hidden=4096 intermediate_local=512 fused_moe=exl3_moe concurrency=6 (no BF16 expert reconstruct at load)
(Worker_TP1 pid=1239) INFO 09-03 10:48:12 [exl3.py:1585] EXL3 MCG trellis engaged for routed experts: bits=4 experts_local=288 hidden=4096 intermediate_local=512 fused_moe=exl3_moe concurrency=6 (no BF16 expert reconstruct at load)
(Worker_TP1 pid=1239) INFO 09-03 10:48:12 [exl3.py:1585] EXL3 MCG trellis engaged for routed experts: bits=4 experts_local=288 hidden=4096 intermediate_local=512 fused_moe=exl3_moe concurrency=6 (no BF16 expert reconstruct at load)
(Worker_TP1 pid=1239) INFO 09-03 10:48:12 [exl3.py:1585] EXL3 MCG trellis engaged for routed experts: bits=4 experts_local=288 hidden=4096 intermediate_local=512 fused_moe=exl3_moe concurrency=6 (no BF16 expert reconstruct at load)
(Worker_TP1 pid=1239) INFO 09-03 10:48:12 [exl3.py:1585] EXL3 MCG trellis engaged for routed experts: bits=4 experts_local=288 hidden=4096 intermediate_local=512 fused_moe=exl3_moe concurrency=6 (no BF16 expert reconstruct at load)
(Worker_TP1 pid=1239) INFO 09-03 10:48:12 [exl3.py:1585] EXL3 MCG trellis engaged for routed experts: bits=4 experts_local=288 hidden=4096 intermediate_local=512 fused_moe=exl3_moe concurrency=6 (no BF16 expert reconstruct at load)
(Worker_TP1 pid=1239) INFO 09-03 10:48:12 [exl3.py:1585] EXL3 MCG trellis engaged for routed experts: bits=4 experts_local=288 hidden=4096 intermediate_local=512 fused_moe=exl3_moe concurrency=6 (no BF16 expert reconstruct at load)
(Worker_TP1 pid=1239) INFO 09-03 10:48:12 [exl3.py:1585] EXL3 MCG trellis engaged for routed experts: bits=4 experts_local=288 hidden=4096 intermediate_local=512 fused_moe=exl3_moe concurrency=6 (no BF16 expert reconstruct at load)
(Worker_TP1 pid=1239) INFO 09-03 10:48:12 [exl3.py:1585] EXL3 MCG trellis engaged for routed experts: bits=4 experts_local=288 hidden=4096 intermediate_local=512 fused_moe=exl3_moe concurrency=6 (no BF16 expert reconstruct at load)
(Worker_TP1 pid=1239) INFO 09-03 10:48:12 [exl3.py:1585] EXL3 MCG trellis engaged for routed experts: bits=4 experts_local=288 hidden=4096 intermediate_local=512 fused_moe=exl3_moe concurrency=6 (no BF16 expert reconstruct at load)
(Worker_TP1 pid=1239) INFO 09-03 10:48:12 [exl3.py:1585] EXL3 MCG trellis engaged for routed experts: bits=4 experts_local=288 hidden=4096 intermediate_local=512 fused_moe=exl3_moe concurrency=6 (no BF16 expert reconstruct at load)
(Worker_TP1 pid=1239) INFO 09-03 10:48:12 [exl3.py:1585] EXL3 MCG trellis engaged for routed experts: bits=4 experts_local=288 hidden=4096 intermediate_local=512 fused_moe=exl3_moe concurrency=6 (no BF16 expert reconstruct at load)
(Worker_TP1 pid=1239) INFO 09-03 10:48:12 [exl3.py:1585] EXL3 MCG trellis engaged for routed experts: bits=4 experts_local=288 hidden=4096 intermediate_local=512 fused_moe=exl3_moe concurrency=6 (no BF16 expert reconstruct at load)
(Worker_TP1 pid=1239) INFO 09-03 10:48:12 [exl3.py:1585] EXL3 MCG trellis engaged for routed experts: bits=4 experts_local=288 hidden=4096 intermediate_local=512 fused_moe=exl3_moe concurrency=6 (no BF16 expert reconstruct at load)
(Worker_TP1 pid=1239) INFO 09-03 10:48:12 [exl3.py:1585] EXL3 MCG trellis engaged for routed experts: bits=4 experts_local=288 hidden=4096 intermediate_local=512 fused_moe=exl3_moe concurrency=6 (no BF16 expert reconstruct at load)
(Worker_TP1 pid=1239) INFO 09-03 10:48:12 [exl3.py:1585] EXL3 MCG trellis engaged for routed experts: bits=4 experts_local=288 hidden=4096 intermediate_local=512 fused_moe=exl3_moe concurrency=6 (no BF16 expert reconstruct at load)
(Worker_TP1 pid=1239) INFO 09-03 10:48:12 [exl3.py:1585] EXL3 MCG trellis engaged for routed experts: bits=4 experts_local=288 hidden=4096 intermediate_local=512 fused_moe=exl3_moe concurrency=6 (no BF16 expert reconstruct at load)
(Worker_TP1 pid=1239) INFO 09-03 10:48:12 [exl3.py:1585] EXL3 MCG trellis engaged for routed experts: bits=4 experts_local=288 hidden=4096 intermediate_local=512 fused_moe=exl3_moe concurrency=6 (no BF16 expert reconstruct at load)
(Worker_TP1 pid=1239) INFO 09-03 10:48:12 [exl3.py:1585] EXL3 MCG trellis engaged for routed experts: bits=4 experts_local=288 hidden=4096 intermediate_local=512 fused_moe=exl3_moe concurrency=6 (no BF16 expert reconstruct at load)
(Worker_TP1 pid=1239) INFO 09-03 10:48:12 [exl3.py:1585] EXL3 MCG trellis engaged for routed experts: bits=4 experts_local=288 hidden=4096 intermediate_local=512 fused_moe=exl3_moe concurrency=6 (no BF16 expert reconstruct at load)
(Worker_TP1 pid=1239) INFO 09-03 10:48:12 [exl3.py:1585] EXL3 MCG trellis engaged for routed experts: bits=4 experts_local=288 hidden=4096 intermediate_local=512 fused_moe=exl3_moe concurrency=6 (no BF16 expert reconstruct at load)
(Worker_TP1 pid=1239) INFO 09-03 10:48:12 [exl3.py:1585] EXL3 MCG trellis engaged for routed experts: bits=4 experts_local=288 hidden=4096 intermediate_local=512 fused_moe=exl3_moe concurrency=6 (no BF16 expert reconstruct at load)
(Worker_TP1 pid=1239) INFO 09-03 10:48:12 [exl3.py:1585] EXL3 MCG trellis engaged for routed experts: bits=4 experts_local=288 hidden=4096 intermediate_local=512 fused_moe=exl3_moe concurrency=6 (no BF16 expert reconstruct at load)
(Worker_TP1 pid=1239) INFO 09-03 10:48:12 [exl3.py:1585] EXL3 MCG trellis engaged for routed experts: bits=4 experts_local=288 hidden=4096 intermediate_local=512 fused_moe=exl3_moe concurrency=6 (no BF16 expert reconstruct at load)
(Worker_TP1 pid=1239) INFO 09-03 10:48:12 [exl3.py:1585] EXL3 MCG trellis engaged for routed experts: bits=4 experts_local=288 hidden=4096 intermediate_local=512 fused_moe=exl3_moe concurrency=6 (no BF16 expert reconstruct at load)
(Worker_TP1 pid=1239) INFO 09-03 10:48:12 [exl3.py:1585] EXL3 MCG trellis engaged for routed experts: bits=4 experts_local=288 hidden=4096 intermediate_local=512 fused_moe=exl3_moe concurrency=6 (no BF16 expert reconstruct at load)
(Worker_TP1 pid=1239) INFO 09-03 10:48:12 [exl3.py:1585] EXL3 MCG trellis engaged for routed experts: bits=4 experts_local=288 hidden=4096 intermediate_local=512 fused_moe=exl3_moe concurrency=6 (no BF16 expert reconstruct at load)
(Worker_TP1 pid=1239) INFO 09-03 10:48:12 [exl3.py:1585] EXL3 MCG trellis engaged for routed experts: bits=4 experts_local=288 hidden=4096 intermediate_local=512 fused_moe=exl3_moe concurrency=6 (no BF16 expert reconstruct at load)
(Worker_TP1 pid=1239) INFO 09-03 10:48:12 [exl3.py:1585] EXL3 MCG trellis engaged for routed experts: bits=4 experts_local=288 hidden=4096 intermediate_local=512 fused_moe=exl3_moe concurrency=6 (no BF16 expert reconstruct at load)
(Worker_TP1 pid=1239) INFO 09-03 10:48:12 [exl3.py:1585] EXL3 MCG trellis engaged for routed experts: bits=4 experts_local=288 hidden=4096 intermediate_local=512 fused_moe=exl3_moe concurrency=6 (no BF16 expert reconstruct at load)
(Worker_TP1 pid=1239) INFO 09-03 10:48:12 [exl3.py:1585] EXL3 MCG trellis engaged for routed experts: bits=4 experts_local=288 hidden=4096 intermediate_local=512 fused_moe=exl3_moe concurrency=6 (no BF16 expert reconstruct at load)
(Worker_TP1 pid=1239) INFO 09-03 10:48:12 [exl3.py:1585] EXL3 MCG trellis engaged for routed experts: bits=4 experts_local=288 hidden=4096 intermediate_local=512 fused_moe=exl3_moe concurrency=6 (no BF16 expert reconstruct at load)
(Worker_TP1 pid=1239) INFO 09-03 10:48:12 [exl3.py:1585] EXL3 MCG trellis engaged for routed experts: bits=4 experts_local=288 hidden=4096 intermediate_local=512 fused_moe=exl3_moe concurrency=6 (no BF16 expert reconstruct at load)
(Worker_TP1 pid=1239) INFO 09-03 10:48:12 [exl3.py:1585] EXL3 MCG trellis engaged for routed experts: bits=4 experts_local=288 hidden=4096 intermediate_local=512 fused_moe=exl3_moe concurrency=6 (no BF16 expert reconstruct at load)
(Worker_TP1 pid=1239) INFO 09-03 10:48:12 [exl3.py:1585] EXL3 MCG trellis engaged for routed experts: bits=4 experts_local=288 hidden=4096 intermediate_local=512 fused_moe=exl3_moe concurrency=6 (no BF16 expert reconstruct at load)
(Worker_TP1 pid=1239) INFO 09-03 10:48:12 [exl3.py:1585] EXL3 MCG trellis engaged for routed experts: bits=4 experts_local=288 hidden=4096 intermediate_local=512 fused_moe=exl3_moe concurrency=6 (no BF16 expert reconstruct at load)
(Worker_TP1 pid=1239) INFO 09-03 10:48:12 [exl3.py:1585] EXL3 MCG trellis engaged for routed experts: bits=4 experts_local=288 hidden=4096 intermediate_local=512 fused_moe=exl3_moe concurrency=6 (no BF16 expert reconstruct at load)
(Worker_TP1 pid=1239) INFO 09-03 10:48:12 [exl3.py:1585] EXL3 MCG trellis engaged for routed experts: bits=4 experts_local=288 hidden=4096 intermediate_local=512 fused_moe=exl3_moe concurrency=6 (no BF16 expert reconstruct at load)
(Worker_TP1 pid=1239) INFO 09-03 10:48:20 [exl3.py:1585] EXL3 MCG trellis engaged for routed experts: bits=4 experts_local=288 hidden=4096 intermediate_local=512 fused_moe=exl3_moe concurrency=6 (no BF16 expert reconstruct at load)
(Worker_TP1 pid=1239) INFO 09-03 10:48:20 [exl3.py:1585] EXL3 MCG trellis engaged for routed experts: bits=4 experts_local=288 hidden=4096 intermediate_local=512 fused_moe=exl3_moe concurrency=6 (no BF16 expert reconstruct at load)
(Worker_TP1 pid=1239) INFO 09-03 10:48:20 [exl3.py:1585] EXL3 MCG trellis engaged for routed experts: bits=4 experts_local=288 hidden=4096 intermediate_local=512 fused_moe=exl3_moe concurrency=6 (no BF16 expert reconstruct at load)
(Worker_TP1 pid=1239) INFO 09-03 10:48:20 [exl3.py:1585] EXL3 MCG trellis engaged for routed experts: bits=4 experts_local=288 hidden=4096 intermediate_local=512 fused_moe=exl3_moe concurrency=6 (no BF16 expert reconstruct at load)
(Worker_TP1 pid=1239) INFO 09-03 10:48:20 [eagle3_utils.py:28] Using Eagle3 auxiliary layers from config: (6, 15, 25, 34, 43)
(Worker_TP1 pid=1239) INFO 09-03 10:48:20 [kernel.py:306] Final IR op priority after setting platform defaults: IrOpPriorityConfig(rms_norm=['vllm_c', 'native'], fused_add_rms_norm=['vllm_c', 'native'])
(Worker_TP1 pid=1239) INFO 09-03 10:48:20 [cuda.py:536] Using FLASH_ATTN attention backend out of potential backends: ['FLASH_ATTN', 'FLASHINFER', 'TRITON_ATTN', 'FLEX_ATTENTION'].
(Worker_TP1 pid=1239) INFO 09-03 10:48:20 [flash_attn.py:867] Using FlashAttention version 2
(Worker_TP1 pid=1239) INFO 09-03 10:48:20 [weight_utils.py:858] Filesystem type for checkpoints: EXT4. Checkpoint size: 2.18 GiB. Available RAM: 63.19 GiB.
(Worker_TP1 pid=1239) INFO 09-03 10:48:20 [weight_utils.py:881] Auto-prefetch is disabled because the filesystem (EXT4) is not a recognized network FS (NFS/Lustre). If you want to force prefetching, start vLLM with --safetensors-load-strategy=prefetch.
(Worker_TP1 pid=1239) INFO 09-03 10:48:24 [default_loader.py:430] Loading weights took 3.42 seconds
(Worker_TP1 pid=1239) WARNING 09-03 10:48:24 [speculator.py:191] Draft model DFlash2Qwen3ForCausalLM does not support external multimodal embeddings. Embeddings from the target model will not be passed to the drafter; using text-only draft inputs instead.
(Worker_TP1 pid=1239) INFO 09-03 10:48:24 [model_runner.py:374] Model loading took 41.81 GiB and 129.243232 seconds
(Worker_TP1 pid=1239) INFO 09-03 10:48:24 [interface.py:635] Setting kv cache block size to 64 for DEEPSEEK_V32_INDEXER backend.
(Worker_TP1 pid=1239) INFO 09-03 10:48:24 [interface.py:926] Setting attention block size to 1792 tokens to ensure that attention page size is >= mamba page size.
(Worker_TP1 pid=1239) INFO 09-03 10:48:24 [interface.py:950] Padding mamba page size by 4.74% to ensure that mamba page size and attention page size are exactly equal.
INFO 09-03 10:50:15 [torch_utils.py:262] Reducing Torch threads from 20 to 1 for serving. Set OMP_NUM_THREADS in the external environment to override.
(Worker_TP1 pid=1239) INFO 09-03 10:50:33 [exl3.py:451] exl3 fat-expert P0: layers=42 fat_layers=42 (100.0%) fat_expert_slots=336 max_rows=2048 avg_max_rows=2048.0 hist_le128=0 hist_gt128=42 hist=[0, 0, 0, 0, 0, 0, 0, 42, 0]
(Worker_TP1 pid=1239) INFO 09-03 10:50:33 [exl3.py:464] exl3 e2 diag schema=1 configured_tier=legacy effective_tier=legacy tier_reason=none_requested shared_suh=1 shared_suh_layers=42/42 sym_exl3_moe=1 sym_fat_gemm=1 sym_fat_gemm_scatter=1 cap=12.1 cap_ok=1 tp_rank=1 tp_size=4 prefill_layer_calls=42 thin_calls=0 row_tile_calls=0 fallback_calls=kernel=0,batched=0,sorted=0,legacy=41 fallback_reasons=legacy_default=41 fat_expert_runs=328 direct_calls=0 scatter_calls=0 fat_layers=42 fat_expert_slots=336 max_rows=2048 fused_temps_allocs=1 fused_temps_bytes=14155776 fat_scratch_allocs=0 fat_scratch_bytes=0 fat_scratch_peak_bytes=0
(Worker_TP1 pid=1239) INFO 09-03 10:50:34 [kv_cache_utils.py:1554] DFlash2 drafter KV: padded slot-share block=64 mla_page=1175552 (was block=16); exact-fit page mismatch draft_bytes/token=1024
(Worker_TP1 pid=1239) INFO 09-03 10:50:34 [indexer.py:836] DSA indexer decode path: use_flattening=True supports_varlen=False (next_n=4, use_fp4_indexer_cache=False)
(Worker_TP1 pid=1239) INFO 09-03 10:50:34 [kernel.py:306] Final IR op priority after setting platform defaults: IrOpPriorityConfig(rms_norm=['vllm_c', 'native'], fused_add_rms_norm=['vllm_c', 'native'])
(Worker_TP1 pid=1239) INFO 09-03 10:50:34 [breakable_cudagraph.py:288] Breakable CUDA graph enabled
(Worker_TP1 pid=1239) /usr/local/lib/python3.12/dist-packages/triton/language/core.py:2284: UserWarning: tl.make_block_ptr is deprecated. Use TensorDescriptor or tl.make_tensor_descriptor instead.
(Worker_TP1 pid=1239)   warn("tl.make_block_ptr is deprecated. Use TensorDescriptor or tl.make_tensor_descriptor instead.")
(Worker_TP1 pid=1239) INFO 09-03 10:51:29 [model_runner.py:952] Estimated CUDA graph memory: 0.48 GiB total
(Worker_TP1 pid=1239) INFO 09-03 10:51:29 [gpu_worker.py:564] Available KV cache memory: 42.14 GiB
(Worker_TP1 pid=1239) INFO 09-03 10:51:29 [gpu_worker.py:579] CUDA graph memory profiling is enabled (default since v0.21.0). The current --gpu-memory-utilization=0.7500 is equivalent to --gpu-memory-utilization=0.7460 without CUDA graph memory profiling. To maintain the same effective KV cache size as before, increase --gpu-memory-utilization to 0.7540. To disable, set VLLM_MEMORY_PROFILER_ESTIMATE_CUDAGRAPHS=0.
(Worker_TP1 pid=1239) INFO 09-03 10:51:29 [kernel.py:306] Final IR op priority after setting platform defaults: IrOpPriorityConfig(rms_norm=['vllm_c', 'native'], fused_add_rms_norm=['vllm_c', 'native'])
(Worker_TP1 pid=1239) INFO 09-03 10:51:36 [spec_decode_rejection_warmup.py:64] Warming up spec-decode rejection sampler kernels (vocab=154880, num_spec=3, dtype_pairs=[('torch.float32', 'torch.bfloat16'), ('torch.bfloat16', 'torch.float32'), ('torch.float32', 'torch.float32'), ('torch.bfloat16', 'torch.bfloat16')], block_verify=False).
(Worker_TP1 pid=1239) INFO 09-03 10:51:39 [kernel_warmup.py:95] Warming up ll_bf16 router GEMM kernels for shapes: ((4096, 288),).
(Worker_TP1 pid=1239) INFO 09-03 10:51:40 [kernel_warmup.py:170] Skipping FlashInfer autotune because it is disabled.
(Worker_TP1 pid=1239) INFO 09-03 10:51:46 [speculator.py:137] Capturing model for DFlash2 speculator...
(Worker_TP1 pid=1239) INFO 09-03 10:52:18 [model_runner.py:1012] Graph capturing finished in 38 secs, took 0.09 GiB
(Worker_TP1 pid=1239) INFO 09-03 10:52:18 [gpu_worker.py:727] CUDA graph pool memory: 0.09 GiB (actual), 0.48 GiB (estimated), difference: 0.39 GiB (452.4%).
(Worker_TP1 pid=1239) INFO 09-03 10:52:18 [gpu_worker.py:790] Free memory on device (106.56/121.69 GiB) on startup. Desired GPU memory utilization is (0.75, 91.27 GiB). Actual usage is 47.36 GiB for consumed memory (weights + non-torch), 1.77 GiB for peak activation, and 0.09 GiB for CUDAGraph memory. Replace gpu_memory_utilization config with `--kv-cache-memory=44992276480` (41.9 GiB) to fit into requested memory, or `--kv-cache-memory=61417293824` (57.2 GiB) to fully utilize gpu memory. Current kv cache memory in use is 42.14 GiB.
(Worker_TP1 pid=1239) INFO 09-03 10:52:24 [jit_monitor.py:79] Kernel JIT monitor activated; monitored JIT compilations during inference will use mode=warn.
(Worker_TP1 pid=1239) INFO 09-03 10:52:24 [torch_utils.py:262] Reducing Torch threads from 20 to 1 for serving. Set OMP_NUM_THREADS in the external environment to override.
(Worker_TP1 pid=1239) WARNING 09-03 10:53:14 [jit_monitor.py:135] Triton kernel JIT compilation during inference: _prepare_dflash_inputs_kernel. This causes a latency spike; consider extending warmup to cover this shape/config.
(Worker_TP1 pid=1239) WARNING 09-03 10:53:14 [jit_monitor.py:135] Triton kernel JIT compilation during inference: _compute_local_logits_stats_kernel. This causes a latency spike; consider extending warmup to cover this shape/config.
(Worker_TP1 pid=1239) WARNING 09-03 10:53:14 [jit_monitor.py:135] Triton kernel JIT compilation during inference: _rejection_kernel. This causes a latency spike; consider extending warmup to cover this shape/config.
(Worker_TP1 pid=1239) WARNING 09-03 10:53:14 [jit_monitor.py:135] Triton kernel JIT compilation during inference: _resample_kernel. This causes a latency spike; consider extending warmup to cover this shape/config.
(Worker_TP1 pid=1239) WARNING 09-03 10:53:14 [jit_monitor.py:135] TileLang JIT compilation during inference: mhc_pre_big_fuse_with_norm_tilelang. This causes a latency spike; consider extending warmup to cover this shape/config.
(Worker_TP1 pid=1239) INFO 09-03 10:53:29 [exl3.py:451] exl3 fat-expert P0: layers=84 fat_layers=59 (70.2%) fat_expert_slots=370 max_rows=2048 avg_max_rows=1094.5 hist_le128=25 hist_gt128=59 hist=[0, 0, 0, 25, 14, 3, 0, 42, 0]
(Worker_TP1 pid=1239) INFO 09-03 10:53:29 [exl3.py:464] exl3 e2 diag schema=1 configured_tier=legacy effective_tier=legacy tier_reason=none_requested shared_suh=1 shared_suh_layers=42/42 sym_exl3_moe=1 sym_fat_gemm=1 sym_fat_gemm_scatter=1 cap=12.1 cap_ok=1 tp_rank=1 tp_size=4 prefill_layer_calls=84 thin_calls=24 row_tile_calls=0 fallback_calls=kernel=0,batched=0,sorted=0,legacy=59 fallback_reasons=legacy_default=59,thin_only=24 fat_expert_runs=370 direct_calls=0 scatter_calls=0 fat_layers=59 fat_expert_slots=370 max_rows=2048 fused_temps_allocs=1 fused_temps_bytes=14155776 fat_scratch_allocs=0 fat_scratch_bytes=0 fat_scratch_peak_bytes=0
(Worker_TP1 pid=1239) WARNING 09-03 10:53:53 [jit_monitor.py:135] Triton kernel JIT compilation during inference: _topk_topp_kernel. This causes a latency spike; consider extending warmup to cover this shape/config.
(Worker_TP1 pid=1239) INFO 09-03 10:54:01 [exl3.py:451] exl3 fat-expert P0: layers=126 fat_layers=101 (80.2%) fat_expert_slots=1469 max_rows=2048 avg_max_rows=1196.7 hist_le128=25 hist_gt128=101 hist=[0, 0, 0, 25, 14, 7, 2, 78, 0]
(Worker_TP1 pid=1239) INFO 09-03 10:54:01 [exl3.py:464] exl3 e2 diag schema=1 configured_tier=legacy effective_tier=legacy tier_reason=none_requested shared_suh=1 shared_suh_layers=42/42 sym_exl3_moe=1 sym_fat_gemm=1 sym_fat_gemm_scatter=1 cap=12.1 cap_ok=1 tp_rank=1 tp_size=4 prefill_layer_calls=126 thin_calls=25 row_tile_calls=0 fallback_calls=kernel=0,batched=0,sorted=0,legacy=100 fallback_reasons=legacy_default=100,thin_only=25 fat_expert_runs=1446 direct_calls=0 scatter_calls=0 fat_layers=101 fat_expert_slots=1469 max_rows=2048 fused_temps_allocs=1 fused_temps_bytes=14155776 fat_scratch_allocs=0 fat_scratch_bytes=0 fat_scratch_peak_bytes=0
(Worker_TP1 pid=1239) INFO 09-03 10:54:03 [exl3.py:451] exl3 fat-expert P0: layers=168 fat_layers=143 (85.1%) fat_expert_slots=2547 max_rows=2048 avg_max_rows=1260.5 hist_le128=25 hist_gt128=143 hist=[0, 0, 0, 25, 14, 11, 4, 114, 0]
(Worker_TP1 pid=1239) INFO 09-03 10:54:03 [exl3.py:464] exl3 e2 diag schema=1 configured_tier=legacy effective_tier=legacy tier_reason=none_requested shared_suh=1 shared_suh_layers=42/42 sym_exl3_moe=1 sym_fat_gemm=1 sym_fat_gemm_scatter=1 cap=12.1 cap_ok=1 tp_rank=1 tp_size=4 prefill_layer_calls=168 thin_calls=25 row_tile_calls=0 fallback_calls=kernel=0,batched=0,sorted=0,legacy=142 fallback_reasons=legacy_default=142,thin_only=25 fat_expert_runs=2526 direct_calls=0 scatter_calls=0 fat_layers=143 fat_expert_slots=2547 max_rows=2048 fused_temps_allocs=1 fused_temps_bytes=14155776 fat_scratch_allocs=0 fat_scratch_bytes=0 fat_scratch_peak_bytes=0
(Worker_TP1 pid=1239) INFO 09-03 10:54:05 [exl3.py:451] exl3 fat-expert P0: layers=210 fat_layers=185 (88.1%) fat_expert_slots=3582 max_rows=2048 avg_max_rows=1297.7 hist_le128=25 hist_gt128=185 hist=[0, 0, 0, 25, 14, 15, 7, 149, 0]
(Worker_TP1 pid=1239) INFO 09-03 10:54:05 [exl3.py:464] exl3 e2 diag schema=1 configured_tier=legacy effective_tier=legacy tier_reason=none_requested shared_suh=1 shared_suh_layers=42/42 sym_exl3_moe=1 sym_fat_gemm=1 sym_fat_gemm_scatter=1 cap=12.1 cap_ok=1 tp_rank=1 tp_size=4 prefill_layer_calls=210 thin_calls=25 row_tile_calls=0 fallback_calls=kernel=0,batched=0,sorted=0,legacy=184 fallback_reasons=legacy_default=184,thin_only=25 fat_expert_runs=3560 direct_calls=0 scatter_calls=0 fat_layers=185 fat_expert_slots=3582 max_rows=2048 fused_temps_allocs=1 fused_temps_bytes=14155776 fat_scratch_allocs=0 fat_scratch_bytes=0 fat_scratch_peak_bytes=0
(Worker_TP1 pid=1239) INFO 09-03 10:54:07 [exl3.py:451] exl3 fat-expert P0: layers=252 fat_layers=227 (90.1%) fat_expert_slots=4602 max_rows=2048 avg_max_rows=1332.5 hist_le128=25 hist_gt128=227 hist=[0, 0, 0, 25, 14, 19, 10, 184, 0]
(Worker_TP1 pid=1239) INFO 09-03 10:54:07 [exl3.py:464] exl3 e2 diag schema=1 configured_tier=legacy effective_tier=legacy tier_reason=none_requested shared_suh=1 shared_suh_layers=42/42 sym_exl3_moe=1 sym_fat_gemm=1 sym_fat_gemm_scatter=1 cap=12.1 cap_ok=1 tp_rank=1 tp_size=4 prefill_layer_calls=252 thin_calls=25 row_tile_calls=0 fallback_calls=kernel=0,batched=0,sorted=0,legacy=226 fallback_reasons=legacy_default=226,thin_only=25 fat_expert_runs=4579 direct_calls=0 scatter_calls=0 fat_layers=227 fat_expert_slots=4602 max_rows=2048 fused_temps_allocs=1 fused_temps_bytes=14155776 fat_scratch_allocs=0 fat_scratch_bytes=0 fat_scratch_peak_bytes=0
(Worker_TP1 pid=1239) INFO 09-03 10:54:08 [exl3.py:451] exl3 fat-expert P0: layers=294 fat_layers=269 (91.5%) fat_expert_slots=5622 max_rows=2048 avg_max_rows=1355.7 hist_le128=25 hist_gt128=269 hist=[0, 0, 0, 25, 14, 23, 13, 219, 0]
(Worker_TP1 pid=1239) INFO 09-03 10:54:08 [exl3.py:464] exl3 e2 diag schema=1 configured_tier=legacy effective_tier=legacy tier_reason=none_requested shared_suh=1 shared_suh_layers=42/42 sym_exl3_moe=1 sym_fat_gemm=1 sym_fat_gemm_scatter=1 cap=12.1 cap_ok=1 tp_rank=1 tp_size=4 prefill_layer_calls=294 thin_calls=25 row_tile_calls=0 fallback_calls=kernel=0,batched=0,sorted=0,legacy=268 fallback_reasons=legacy_default=268,thin_only=25 fat_expert_runs=5599 direct_calls=0 scatter_calls=0 fat_layers=269 fat_expert_slots=5622 max_rows=2048 fused_temps_allocs=1 fused_temps_bytes=14155776 fat_scratch_allocs=0 fat_scratch_bytes=0 fat_scratch_peak_bytes=0
(Worker_TP1 pid=1239) INFO 09-03 10:54:10 [exl3.py:451] exl3 fat-expert P0: layers=336 fat_layers=311 (92.6%) fat_expert_slots=6650 max_rows=2048 avg_max_rows=1372.9 hist_le128=25 hist_gt128=311 hist=[0, 0, 0, 25, 14, 26, 17, 254, 0]
(Worker_TP1 pid=1239) INFO 09-03 10:54:10 [exl3.py:464] exl3 e2 diag schema=1 configured_tier=legacy effective_tier=legacy tier_reason=none_requested shared_suh=1 shared_suh_layers=42/42 sym_exl3_moe=1 sym_fat_gemm=1 sym_fat_gemm_scatter=1 cap=12.1 cap_ok=1 tp_rank=1 tp_size=4 prefill_layer_calls=336 thin_calls=25 row_tile_calls=0 fallback_calls=kernel=0,batched=0,sorted=0,legacy=310 fallback_reasons=legacy_default=310,thin_only=25 fat_expert_runs=6629 direct_calls=0 scatter_calls=0 fat_layers=311 fat_expert_slots=6650 max_rows=2048 fused_temps_allocs=1 fused_temps_bytes=14155776 fat_scratch_allocs=0 fat_scratch_bytes=0 fat_scratch_peak_bytes=0
(Worker_TP1 pid=1239) INFO 09-03 10:54:11 [exl3.py:451] exl3 fat-expert P0: layers=378 fat_layers=311 (82.3%) fat_expert_slots=6650 max_rows=2048 avg_max_rows=1229.5 hist_le128=67 hist_gt128=311 hist=[0, 4, 4, 59, 14, 26, 17, 254, 0]
(Worker_TP1 pid=1239) INFO 09-03 10:54:11 [exl3.py:464] exl3 e2 diag schema=1 configured_tier=legacy effective_tier=legacy tier_reason=none_requested shared_suh=1 shared_suh_layers=42/42 sym_exl3_moe=1 sym_fat_gemm=1 sym_fat_gemm_scatter=1 cap=12.1 cap_ok=1 tp_rank=1 tp_size=4 prefill_layer_calls=378 thin_calls=66 row_tile_calls=0 fallback_calls=kernel=0,batched=0,sorted=0,legacy=311 fallback_reasons=legacy_default=311,thin_only=66 fat_expert_runs=6650 direct_calls=0 scatter_calls=0 fat_layers=311 fat_expert_slots=6650 max_rows=2048 fused_temps_allocs=1 fused_temps_bytes=14155776 fat_scratch_allocs=0 fat_scratch_bytes=0 fat_scratch_peak_bytes=0
(Worker_TP1 pid=1239) INFO 09-03 10:54:12 [exl3.py:451] exl3 fat-expert P0: layers=420 fat_layers=353 (84.0%) fat_expert_slots=7301 max_rows=2048 avg_max_rows=1198.7 hist_le128=67 hist_gt128=353 hist=[0, 4, 4, 59, 16, 30, 30, 277, 0]
(Worker_TP1 pid=1239) INFO 09-03 10:54:12 [exl3.py:464] exl3 e2 diag schema=1 configured_tier=legacy effective_tier=legacy tier_reason=none_requested shared_suh=1 shared_suh_layers=42/42 sym_exl3_moe=1 sym_fat_gemm=1 sym_fat_gemm_scatter=1 cap=12.1 cap_ok=1 tp_rank=1 tp_size=4 prefill_layer_calls=420 thin_calls=67 row_tile_calls=0 fallback_calls=kernel=0,batched=0,sorted=0,legacy=352 fallback_reasons=legacy_default=352,thin_only=67 fat_expert_runs=7285 direct_calls=0 scatter_calls=0 fat_layers=353 fat_expert_slots=7301 max_rows=2048 fused_temps_allocs=1 fused_temps_bytes=14155776 fat_scratch_allocs=0 fat_scratch_bytes=0 fat_scratch_peak_bytes=0
(Worker_TP1 pid=1239) INFO 09-03 10:54:22 [exl3.py:451] exl3 fat-expert P0: layers=462 fat_layers=395 (85.5%) fat_expert_slots=8347 max_rows=2048 avg_max_rows=1204.5 hist_le128=67 hist_gt128=395 hist=[0, 4, 4, 59, 16, 33, 36, 310, 0]
(Worker_TP1 pid=1239) INFO 09-03 10:54:22 [exl3.py:464] exl3 e2 diag schema=1 configured_tier=legacy effective_tier=legacy tier_reason=none_requested shared_suh=1 shared_suh_layers=42/42 sym_exl3_moe=1 sym_fat_gemm=1 sym_fat_gemm_scatter=1 cap=12.1 cap_ok=1 tp_rank=1 tp_size=4 prefill_layer_calls=462 thin_calls=67 row_tile_calls=0 fallback_calls=kernel=0,batched=0,sorted=0,legacy=394 fallback_reasons=legacy_default=394,thin_only=67 fat_expert_runs=8324 direct_calls=0 scatter_calls=0 fat_layers=395 fat_expert_slots=8347 max_rows=2048 fused_temps_allocs=1 fused_temps_bytes=14155776 fat_scratch_allocs=0 fat_scratch_bytes=0 fat_scratch_peak_bytes=0
(Worker_TP1 pid=1239) INFO 09-03 10:54:23 [exl3.py:451] exl3 fat-expert P0: layers=504 fat_layers=437 (86.7%) fat_expert_slots=9399 max_rows=2048 avg_max_rows=1226.0 hist_le128=67 hist_gt128=437 hist=[0, 4, 4, 59, 16, 37, 38, 346, 0]
(Worker_TP1 pid=1239) INFO 09-03 10:54:23 [exl3.py:464] exl3 e2 diag schema=1 configured_tier=legacy effective_tier=legacy tier_reason=none_requested shared_suh=1 shared_suh_layers=42/42 sym_exl3_moe=1 sym_fat_gemm=1 sym_fat_gemm_scatter=1 cap=12.1 cap_ok=1 tp_rank=1 tp_size=4 prefill_layer_calls=504 thin_calls=67 row_tile_calls=0 fallback_calls=kernel=0,batched=0,sorted=0,legacy=436 fallback_reasons=legacy_default=436,thin_only=67 fat_expert_runs=9378 direct_calls=0 scatter_calls=0 fat_layers=437 fat_expert_slots=9399 max_rows=2048 fused_temps_allocs=1 fused_temps_bytes=14155776 fat_scratch_allocs=0 fat_scratch_bytes=0 fat_scratch_peak_bytes=0
(Worker_TP1 pid=1239) INFO 09-03 10:54:25 [exl3.py:451] exl3 fat-expert P0: layers=546 fat_layers=479 (87.7%) fat_expert_slots=10449 max_rows=2048 avg_max_rows=1246.2 hist_le128=67 hist_gt128=479 hist=[0, 4, 4, 59, 16, 41, 41, 381, 0]
(Worker_TP1 pid=1239) INFO 09-03 10:54:25 [exl3.py:464] exl3 e2 diag schema=1 configured_tier=legacy effective_tier=legacy tier_reason=none_requested shared_suh=1 shared_suh_layers=42/42 sym_exl3_moe=1 sym_fat_gemm=1 sym_fat_gemm_scatter=1 cap=12.1 cap_ok=1 tp_rank=1 tp_size=4 prefill_layer_calls=546 thin_calls=67 row_tile_calls=0 fallback_calls=kernel=0,batched=0,sorted=0,legacy=478 fallback_reasons=legacy_default=478,thin_only=67 fat_expert_runs=10428 direct_calls=0 scatter_calls=0 fat_layers=479 fat_expert_slots=10449 max_rows=2048 fused_temps_allocs=1 fused_temps_bytes=14155776 fat_scratch_allocs=0 fat_scratch_bytes=0 fat_scratch_peak_bytes=0
(Worker_TP1 pid=1239) INFO 09-03 10:54:27 [exl3.py:451] exl3 fat-expert P0: layers=588 fat_layers=521 (88.6%) fat_expert_slots=11498 max_rows=2048 avg_max_rows=1262.7 hist_le128=67 hist_gt128=521 hist=[0, 4, 4, 59, 16, 45, 44, 416, 0]
(Worker_TP1 pid=1239) INFO 09-03 10:54:27 [exl3.py:464] exl3 e2 diag schema=1 configured_tier=legacy effective_tier=legacy tier_reason=none_requested shared_suh=1 shared_suh_layers=42/42 sym_exl3_moe=1 sym_fat_gemm=1 sym_fat_gemm_scatter=1 cap=12.1 cap_ok=1 tp_rank=1 tp_size=4 prefill_layer_calls=588 thin_calls=67 row_tile_calls=0 fallback_calls=kernel=0,batched=0,sorted=0,legacy=520 fallback_reasons=legacy_default=520,thin_only=67 fat_expert_runs=11475 direct_calls=0 scatter_calls=0 fat_layers=521 fat_expert_slots=11498 max_rows=2048 fused_temps_allocs=1 fused_temps_bytes=14155776 fat_scratch_allocs=0 fat_scratch_bytes=0 fat_scratch_peak_bytes=0
(Worker_TP1 pid=1239) INFO 09-03 10:54:29 [exl3.py:451] exl3 fat-expert P0: layers=630 fat_layers=563 (89.4%) fat_expert_slots=12555 max_rows=2048 avg_max_rows=1276.9 hist_le128=67 hist_gt128=563 hist=[0, 4, 4, 59, 16, 48, 48, 451, 0]
(Worker_TP1 pid=1239) INFO 09-03 10:54:29 [exl3.py:464] exl3 e2 diag schema=1 configured_tier=legacy effective_tier=legacy tier_reason=none_requested shared_suh=1 shared_suh_layers=42/42 sym_exl3_moe=1 sym_fat_gemm=1 sym_fat_gemm_scatter=1 cap=12.1 cap_ok=1 tp_rank=1 tp_size=4 prefill_layer_calls=630 thin_calls=67 row_tile_calls=0 fallback_calls=kernel=0,batched=0,sorted=0,legacy=562 fallback_reasons=legacy_default=562,thin_only=67 fat_expert_runs=12532 direct_calls=0 scatter_calls=0 fat_layers=563 fat_expert_slots=12555 max_rows=2048 fused_temps_allocs=1 fused_temps_bytes=14155776 fat_scratch_allocs=0 fat_scratch_bytes=0 fat_scratch_peak_bytes=0
(Worker_TP1 pid=1239) INFO 09-03 10:54:30 [exl3.py:451] exl3 fat-expert P0: layers=672 fat_layers=605 (90.0%) fat_expert_slots=13589 max_rows=2048 avg_max_rows=1289.9 hist_le128=67 hist_gt128=605 hist=[0, 4, 4, 59, 16, 52, 50, 487, 0]
(Worker_TP1 pid=1239) INFO 09-03 10:54:30 [exl3.py:464] exl3 e2 diag schema=1 configured_tier=legacy effective_tier=legacy tier_reason=none_requested shared_suh=1 shared_suh_layers=42/42 sym_exl3_moe=1 sym_fat_gemm=1 sym_fat_gemm_scatter=1 cap=12.1 cap_ok=1 tp_rank=1 tp_size=4 prefill_layer_calls=672 thin_calls=67 row_tile_calls=0 fallback_calls=kernel=0,batched=0,sorted=0,legacy=604 fallback_reasons=legacy_default=604,thin_only=67 fat_expert_runs=13567 direct_calls=0 scatter_calls=0 fat_layers=605 fat_expert_slots=13589 max_rows=2048 fused_temps_allocs=1 fused_temps_bytes=14155776 fat_scratch_allocs=0 fat_scratch_bytes=0 fat_scratch_peak_bytes=0
(Worker_TP1 pid=1239) INFO 09-03 10:54:32 [exl3.py:451] exl3 fat-expert P0: layers=714 fat_layers=647 (90.6%) fat_expert_slots=14618 max_rows=2048 avg_max_rows=1302.0 hist_le128=67 hist_gt128=647 hist=[0, 4, 4, 59, 16, 55, 54, 522, 0]
(Worker_TP1 pid=1239) INFO 09-03 10:54:32 [exl3.py:464] exl3 e2 diag schema=1 configured_tier=legacy effective_tier=legacy tier_reason=none_requested shared_suh=1 shared_suh_layers=42/42 sym_exl3_moe=1 sym_fat_gemm=1 sym_fat_gemm_scatter=1 cap=12.1 cap_ok=1 tp_rank=1 tp_size=4 prefill_layer_calls=714 thin_calls=67 row_tile_calls=0 fallback_calls=kernel=0,batched=0,sorted=0,legacy=646 fallback_reasons=legacy_default=646,thin_only=67 fat_expert_runs=14598 direct_calls=0 scatter_calls=0 fat_layers=647 fat_expert_slots=14618 max_rows=2048 fused_temps_allocs=1 fused_temps_bytes=14155776 fat_scratch_allocs=0 fat_scratch_bytes=0 fat_scratch_peak_bytes=0
(Worker_TP1 pid=1239) INFO 09-03 10:54:34 [exl3.py:451] exl3 fat-expert P0: layers=756 fat_layers=689 (91.1%) fat_expert_slots=15657 max_rows=2048 avg_max_rows=1311.9 hist_le128=67 hist_gt128=689 hist=[0, 4, 4, 59, 16, 58, 58, 557, 0]
(Worker_TP1 pid=1239) INFO 09-03 10:54:34 [exl3.py:464] exl3 e2 diag schema=1 configured_tier=legacy effective_tier=legacy tier_reason=none_requested shared_suh=1 shared_suh_layers=42/42 sym_exl3_moe=1 sym_fat_gemm=1 sym_fat_gemm_scatter=1 cap=12.1 cap_ok=1 tp_rank=1 tp_size=4 prefill_layer_calls=756 thin_calls=67 row_tile_calls=0 fallback_calls=kernel=0,batched=0,sorted=0,legacy=688 fallback_reasons=legacy_default=688,thin_only=67 fat_expert_runs=15638 direct_calls=0 scatter_calls=0 fat_layers=689 fat_expert_slots=15657 max_rows=2048 fused_temps_allocs=1 fused_temps_bytes=14155776 fat_scratch_allocs=0 fat_scratch_bytes=0 fat_scratch_peak_bytes=0
(Worker_TP1 pid=1239) INFO 09-03 10:54:36 [exl3.py:451] exl3 fat-expert P0: layers=798 fat_layers=731 (91.6%) fat_expert_slots=16702 max_rows=2048 avg_max_rows=1320.0 hist_le128=67 hist_gt128=731 hist=[0, 4, 4, 59, 16, 62, 62, 591, 0]
(Worker_TP1 pid=1239) INFO 09-03 10:54:36 [exl3.py:464] exl3 e2 diag schema=1 configured_tier=legacy effective_tier=legacy tier_reason=none_requested shared_suh=1 shared_suh_layers=42/42 sym_exl3_moe=1 sym_fat_gemm=1 sym_fat_gemm_scatter=1 cap=12.1 cap_ok=1 tp_rank=1 tp_size=4 prefill_layer_calls=798 thin_calls=67 row_tile_calls=0 fallback_calls=kernel=0,batched=0,sorted=0,legacy=730 fallback_reasons=legacy_default=730,thin_only=67 fat_expert_runs=16682 direct_calls=0 scatter_calls=0 fat_layers=731 fat_expert_slots=16702 max_rows=2048 fused_temps_allocs=1 fused_temps_bytes=14155776 fat_scratch_allocs=0 fat_scratch_bytes=0 fat_scratch_peak_bytes=0
(Worker_TP1 pid=1239) INFO 09-03 10:54:37 [exl3.py:451] exl3 fat-expert P0: layers=840 fat_layers=773 (92.0%) fat_expert_slots=17736 max_rows=2048 avg_max_rows=1328.1 hist_le128=67 hist_gt128=773 hist=[0, 4, 4, 59, 16, 65, 67, 625, 0]
(Worker_TP1 pid=1239) INFO 09-03 10:54:37 [exl3.py:464] exl3 e2 diag schema=1 configured_tier=legacy effective_tier=legacy tier_reason=none_requested shared_suh=1 shared_suh_layers=42/42 sym_exl3_moe=1 sym_fat_gemm=1 sym_fat_gemm_scatter=1 cap=12.1 cap_ok=1 tp_rank=1 tp_size=4 prefill_layer_calls=840 thin_calls=67 row_tile_calls=0 fallback_calls=kernel=0,batched=0,sorted=0,legacy=772 fallback_reasons=legacy_default=772,thin_only=67 fat_expert_runs=17718 direct_calls=0 scatter_calls=0 fat_layers=773 fat_expert_slots=17736 max_rows=2048 fused_temps_allocs=1 fused_temps_bytes=14155776 fat_scratch_allocs=0 fat_scratch_bytes=0 fat_scratch_peak_bytes=0
(Worker_TP1 pid=1239) INFO 09-03 10:54:39 [exl3.py:451] exl3 fat-expert P0: layers=882 fat_layers=815 (92.4%) fat_expert_slots=18776 max_rows=2048 avg_max_rows=1334.5 hist_le128=67 hist_gt128=815 hist=[0, 4, 4, 59, 16, 68, 72, 659, 0]
(Worker_TP1 pid=1239) INFO 09-03 10:54:39 [exl3.py:464] exl3 e2 diag schema=1 configured_tier=legacy effective_tier=legacy tier_reason=none_requested shared_suh=1 shared_suh_layers=42/42 sym_exl3_moe=1 sym_fat_gemm=1 sym_fat_gemm_scatter=1 cap=12.1 cap_ok=1 tp_rank=1 tp_size=4 prefill_layer_calls=882 thin_calls=67 row_tile_calls=0 fallback_calls=kernel=0,batched=0,sorted=0,legacy=814 fallback_reasons=legacy_default=814,thin_only=67 fat_expert_runs=18760 direct_calls=0 scatter_calls=0 fat_layers=815 fat_expert_slots=18776 max_rows=2048 fused_temps_allocs=1 fused_temps_bytes=14155776 fat_scratch_allocs=0 fat_scratch_bytes=0 fat_scratch_peak_bytes=0
(Worker_TP1 pid=1239) INFO 09-03 10:54:41 [exl3.py:451] exl3 fat-expert P0: layers=924 fat_layers=857 (92.7%) fat_expert_slots=19814 max_rows=2048 avg_max_rows=1339.9 hist_le128=67 hist_gt128=857 hist=[0, 4, 4, 59, 16, 71, 78, 692, 0]
(Worker_TP1 pid=1239) INFO 09-03 10:54:41 [exl3.py:464] exl3 e2 diag schema=1 configured_tier=legacy effective_tier=legacy tier_reason=none_requested shared_suh=1 shared_suh_layers=42/42 sym_exl3_moe=1 sym_fat_gemm=1 sym_fat_gemm_scatter=1 cap=12.1 cap_ok=1 tp_rank=1 tp_size=4 prefill_layer_calls=924 thin_calls=67 row_tile_calls=0 fallback_calls=kernel=0,batched=0,sorted=0,legacy=856 fallback_reasons=legacy_default=856,thin_only=67 fat_expert_runs=19794 direct_calls=0 scatter_calls=0 fat_layers=857 fat_expert_slots=19814 max_rows=2048 fused_temps_allocs=1 fused_temps_bytes=14155776 fat_scratch_allocs=0 fat_scratch_bytes=0 fat_scratch_peak_bytes=0
(Worker_TP1 pid=1239) INFO 09-03 10:54:42 [exl3.py:451] exl3 fat-expert P0: layers=966 fat_layers=899 (93.1%) fat_expert_slots=20940 max_rows=2048 avg_max_rows=1339.3 hist_le128=67 hist_gt128=899 hist=[0, 4, 4, 59, 16, 74, 87, 722, 0]
(Worker_TP1 pid=1239) INFO 09-03 10:54:42 [exl3.py:464] exl3 e2 diag schema=1 configured_tier=legacy effective_tier=legacy tier_reason=none_requested shared_suh=1 shared_suh_layers=42/42 sym_exl3_moe=1 sym_fat_gemm=1 sym_fat_gemm_scatter=1 cap=12.1 cap_ok=1 tp_rank=1 tp_size=4 prefill_layer_calls=966 thin_calls=67 row_tile_calls=0 fallback_calls=kernel=0,batched=0,sorted=0,legacy=898 fallback_reasons=legacy_default=898,thin_only=67 fat_expert_runs=20914 direct_calls=0 scatter_calls=0 fat_layers=899 fat_expert_slots=20940 max_rows=2048 fused_temps_allocs=1 fused_temps_bytes=14155776 fat_scratch_allocs=0 fat_scratch_bytes=0 fat_scratch_peak_bytes=0
(Worker_TP1 pid=1239) INFO 09-03 10:54:44 [exl3.py:451] exl3 fat-expert P0: layers=1008 fat_layers=941 (93.4%) fat_expert_slots=21994 max_rows=2048 avg_max_rows=1343.4 hist_le128=67 hist_gt128=941 hist=[0, 4, 4, 59, 16, 78, 90, 757, 0]
(Worker_TP1 pid=1239) INFO 09-03 10:54:44 [exl3.py:464] exl3 e2 diag schema=1 configured_tier=legacy effective_tier=legacy tier_reason=none_requested shared_suh=1 shared_suh_layers=42/42 sym_exl3_moe=1 sym_fat_gemm=1 sym_fat_gemm_scatter=1 cap=12.1 cap_ok=1 tp_rank=1 tp_size=4 prefill_layer_calls=1008 thin_calls=67 row_tile_calls=0 fallback_calls=kernel=0,batched=0,sorted=0,legacy=940 fallback_reasons=legacy_default=940,thin_only=67 fat_expert_runs=21972 direct_calls=0 scatter_calls=0 fat_layers=941 fat_expert_slots=21994 max_rows=2048 fused_temps_allocs=1 fused_temps_bytes=14155776 fat_scratch_allocs=0 fat_scratch_bytes=0 fat_scratch_peak_bytes=0
(Worker_TP1 pid=1239) INFO 09-03 10:54:46 [exl3.py:451] exl3 fat-expert P0: layers=1050 fat_layers=983 (93.6%) fat_expert_slots=23034 max_rows=2048 avg_max_rows=1348.1 hist_le128=67 hist_gt128=983 hist=[0, 4, 4, 59, 16, 82, 93, 792, 0]
(Worker_TP1 pid=1239) INFO 09-03 10:54:46 [exl3.py:464] exl3 e2 diag schema=1 configured_tier=legacy effective_tier=legacy tier_reason=none_requested shared_suh=1 shared_suh_layers=42/42 sym_exl3_moe=1 sym_fat_gemm=1 sym_fat_gemm_scatter=1 cap=12.1 cap_ok=1 tp_rank=1 tp_size=4 prefill_layer_calls=1050 thin_calls=67 row_tile_calls=0 fallback_calls=kernel=0,batched=0,sorted=0,legacy=982 fallback_reasons=legacy_default=982,thin_only=67 fat_expert_runs=23013 direct_calls=0 scatter_calls=0 fat_layers=983 fat_expert_slots=23034 max_rows=2048 fused_temps_allocs=1 fused_temps_bytes=14155776 fat_scratch_allocs=0 fat_scratch_bytes=0 fat_scratch_peak_bytes=0
(Worker_TP1 pid=1239) INFO 09-03 10:54:47 [exl3.py:451] exl3 fat-expert P0: layers=1092 fat_layers=1025 (93.9%) fat_expert_slots=24082 max_rows=2048 avg_max_rows=1353.6 hist_le128=67 hist_gt128=1025 hist=[0, 4, 4, 59, 16, 86, 96, 827, 0]
(Worker_TP1 pid=1239) INFO 09-03 10:54:47 [exl3.py:464] exl3 e2 diag schema=1 configured_tier=legacy effective_tier=legacy tier_reason=none_requested shared_suh=1 shared_suh_layers=42/42 sym_exl3_moe=1 sym_fat_gemm=1 sym_fat_gemm_scatter=1 cap=12.1 cap_ok=1 tp_rank=1 tp_size=4 prefill_layer_calls=1092 thin_calls=67 row_tile_calls=0 fallback_calls=kernel=0,batched=0,sorted=0,legacy=1024 fallback_reasons=legacy_default=1024,thin_only=67 fat_expert_runs=24064 direct_calls=0 scatter_calls=0 fat_layers=1025 fat_expert_slots=24082 max_rows=2048 fused_temps_allocs=1 fused_temps_bytes=14155776 fat_scratch_allocs=0 fat_scratch_bytes=0 fat_scratch_peak_bytes=0
(Worker_TP1 pid=1239) INFO 09-03 10:54:49 [exl3.py:451] exl3 fat-expert P0: layers=1134 fat_layers=1067 (94.1%) fat_expert_slots=25141 max_rows=2048 avg_max_rows=1358.5 hist_le128=67 hist_gt128=1067 hist=[0, 4, 4, 59, 16, 90, 100, 861, 0]
(Worker_TP1 pid=1239) INFO 09-03 10:54:49 [exl3.py:464] exl3 e2 diag schema=1 configured_tier=legacy effective_tier=legacy tier_reason=none_requested shared_suh=1 shared_suh_layers=42/42 sym_exl3_moe=1 sym_fat_gemm=1 sym_fat_gemm_scatter=1 cap=12.1 cap_ok=1 tp_rank=1 tp_size=4 prefill_layer_calls=1134 thin_calls=67 row_tile_calls=0 fallback_calls=kernel=0,batched=0,sorted=0,legacy=1066 fallback_reasons=legacy_default=1066,thin_only=67 fat_expert_runs=25119 direct_calls=0 scatter_calls=0 fat_layers=1067 fat_expert_slots=25141 max_rows=2048 fused_temps_allocs=1 fused_temps_bytes=14155776 fat_scratch_allocs=0 fat_scratch_bytes=0 fat_scratch_peak_bytes=0
(Worker_TP1 pid=1239) INFO 09-03 10:54:51 [exl3.py:451] exl3 fat-expert P0: layers=1176 fat_layers=1109 (94.3%) fat_expert_slots=26189 max_rows=2048 avg_max_rows=1363.1 hist_le128=67 hist_gt128=1109 hist=[0, 4, 4, 59, 16, 93, 104, 896, 0]
(Worker_TP1 pid=1239) INFO 09-03 10:54:51 [exl3.py:464] exl3 e2 diag schema=1 configured_tier=legacy effective_tier=legacy tier_reason=none_requested shared_suh=1 shared_suh_layers=42/42 sym_exl3_moe=1 sym_fat_gemm=1 sym_fat_gemm_scatter=1 cap=12.1 cap_ok=1 tp_rank=1 tp_size=4 prefill_layer_calls=1176 thin_calls=67 row_tile_calls=0 fallback_calls=kernel=0,batched=0,sorted=0,legacy=1108 fallback_reasons=legacy_default=1108,thin_only=67 fat_expert_runs=26168 direct_calls=0 scatter_calls=0 fat_layers=1109 fat_expert_slots=26189 max_rows=2048 fused_temps_allocs=1 fused_temps_bytes=14155776 fat_scratch_allocs=0 fat_scratch_bytes=0 fat_scratch_peak_bytes=0
(Worker_TP1 pid=1239) INFO 09-03 10:54:53 [exl3.py:451] exl3 fat-expert P0: layers=1218 fat_layers=1151 (94.5%) fat_expert_slots=27234 max_rows=2048 avg_max_rows=1366.4 hist_le128=67 hist_gt128=1151 hist=[0, 4, 4, 59, 16, 96, 109, 930, 0]
(Worker_TP1 pid=1239) INFO 09-03 10:54:53 [exl3.py:464] exl3 e2 diag schema=1 configured_tier=legacy effective_tier=legacy tier_reason=none_requested shared_suh=1 shared_suh_layers=42/42 sym_exl3_moe=1 sym_fat_gemm=1 sym_fat_gemm_scatter=1 cap=12.1 cap_ok=1 tp_rank=1 tp_size=4 prefill_layer_calls=1218 thin_calls=67 row_tile_calls=0 fallback_calls=kernel=0,batched=0,sorted=0,legacy=1150 fallback_reasons=legacy_default=1150,thin_only=67 fat_expert_runs=27213 direct_calls=0 scatter_calls=0 fat_layers=1151 fat_expert_slots=27234 max_rows=2048 fused_temps_allocs=1 fused_temps_bytes=14155776 fat_scratch_allocs=0 fat_scratch_bytes=0 fat_scratch_peak_bytes=0
(Worker_TP1 pid=1239) INFO 09-03 10:54:54 [exl3.py:451] exl3 fat-expert P0: layers=1260 fat_layers=1193 (94.7%) fat_expert_slots=28293 max_rows=2048 avg_max_rows=1369.2 hist_le128=67 hist_gt128=1193 hist=[0, 4, 4, 59, 16, 99, 114, 964, 0]
(Worker_TP1 pid=1239) INFO 09-03 10:54:54 [exl3.py:464] exl3 e2 diag schema=1 configured_tier=legacy effective_tier=legacy tier_reason=none_requested shared_suh=1 shared_suh_layers=42/42 sym_exl3_moe=1 sym_fat_gemm=1 sym_fat_gemm_scatter=1 cap=12.1 cap_ok=1 tp_rank=1 tp_size=4 prefill_layer_calls=1260 thin_calls=67 row_tile_calls=0 fallback_calls=kernel=0,batched=0,sorted=0,legacy=1192 fallback_reasons=legacy_default=1192,thin_only=67 fat_expert_runs=28278 direct_calls=0 scatter_calls=0 fat_layers=1193 fat_expert_slots=28293 max_rows=2048 fused_temps_allocs=1 fused_temps_bytes=14155776 fat_scratch_allocs=0 fat_scratch_bytes=0 fat_scratch_peak_bytes=0
(Worker_TP1 pid=1239) INFO 09-03 10:54:56 [exl3.py:451] exl3 fat-expert P0: layers=1302 fat_layers=1235 (94.9%) fat_expert_slots=29349 max_rows=2048 avg_max_rows=1372.4 hist_le128=67 hist_gt128=1235 hist=[0, 4, 4, 59, 16, 102, 118, 999, 0]
(Worker_TP1 pid=1239) INFO 09-03 10:54:56 [exl3.py:464] exl3 e2 diag schema=1 configured_tier=legacy effective_tier=legacy tier_reason=none_requested shared_suh=1 shared_suh_layers=42/42 sym_exl3_moe=1 sym_fat_gemm=1 sym_fat_gemm_scatter=1 cap=12.1 cap_ok=1 tp_rank=1 tp_size=4 prefill_layer_calls=1302 thin_calls=67 row_tile_calls=0 fallback_calls=kernel=0,batched=0,sorted=0,legacy=1234 fallback_reasons=legacy_default=1234,thin_only=67 fat_expert_runs=29331 direct_calls=0 scatter_calls=0 fat_layers=1235 fat_expert_slots=29349 max_rows=2048 fused_temps_allocs=1 fused_temps_bytes=14155776 fat_scratch_allocs=0 fat_scratch_bytes=0 fat_scratch_peak_bytes=0
(Worker_TP1 pid=1239) INFO 09-03 10:54:58 [exl3.py:451] exl3 fat-expert P0: layers=1344 fat_layers=1277 (95.0%) fat_expert_slots=30404 max_rows=2048 avg_max_rows=1375.2 hist_le128=67 hist_gt128=1277 hist=[0, 4, 4, 59, 16, 105, 122, 1034, 0]
(Worker_TP1 pid=1239) INFO 09-03 10:54:58 [exl3.py:464] exl3 e2 diag schema=1 configured_tier=legacy effective_tier=legacy tier_reason=none_requested shared_suh=1 shared_suh_layers=42/42 sym_exl3_moe=1 sym_fat_gemm=1 sym_fat_gemm_scatter=1 cap=12.1 cap_ok=1 tp_rank=1 tp_size=4 prefill_layer_calls=1344 thin_calls=67 row_tile_calls=0 fallback_calls=kernel=0,batched=0,sorted=0,legacy=1276 fallback_reasons=legacy_default=1276,thin_only=67 fat_expert_runs=30388 direct_calls=0 scatter_calls=0 fat_layers=1277 fat_expert_slots=30404 max_rows=2048 fused_temps_allocs=1 fused_temps_bytes=14155776 fat_scratch_allocs=0 fat_scratch_bytes=0 fat_scratch_peak_bytes=0
(Worker_TP1 pid=1239) INFO 09-03 10:54:59 [exl3.py:451] exl3 fat-expert P0: layers=1386 fat_layers=1319 (95.2%) fat_expert_slots=31479 max_rows=2048 avg_max_rows=1377.6 hist_le128=67 hist_gt128=1319 hist=[0, 4, 4, 59, 16, 108, 129, 1066, 0]
(Worker_TP1 pid=1239) INFO 09-03 10:54:59 [exl3.py:464] exl3 e2 diag schema=1 configured_tier=legacy effective_tier=legacy tier_reason=none_requested shared_suh=1 shared_suh_layers=42/42 sym_exl3_moe=1 sym_fat_gemm=1 sym_fat_gemm_scatter=1 cap=12.1 cap_ok=1 tp_rank=1 tp_size=4 prefill_layer_calls=1386 thin_calls=67 row_tile_calls=0 fallback_calls=kernel=0,batched=0,sorted=0,legacy=1318 fallback_reasons=legacy_default=1318,thin_only=67 fat_expert_runs=31462 direct_calls=0 scatter_calls=0 fat_layers=1319 fat_expert_slots=31479 max_rows=2048 fused_temps_allocs=1 fused_temps_bytes=14155776 fat_scratch_allocs=0 fat_scratch_bytes=0 fat_scratch_peak_bytes=0
(Worker_TP1 pid=1239) INFO 09-03 10:55:01 [exl3.py:451] exl3 fat-expert P0: layers=1428 fat_layers=1361 (95.3%) fat_expert_slots=32532 max_rows=2048 avg_max_rows=1379.9 hist_le128=67 hist_gt128=1361 hist=[0, 4, 4, 59, 16, 111, 135, 1099, 0]
(Worker_TP1 pid=1239) INFO 09-03 10:55:01 [exl3.py:464] exl3 e2 diag schema=1 configured_tier=legacy effective_tier=legacy tier_reason=none_requested shared_suh=1 shared_suh_layers=42/42 sym_exl3_moe=1 sym_fat_gemm=1 sym_fat_gemm_scatter=1 cap=12.1 cap_ok=1 tp_rank=1 tp_size=4 prefill_layer_calls=1428 thin_calls=67 row_tile_calls=0 fallback_calls=kernel=0,batched=0,sorted=0,legacy=1360 fallback_reasons=legacy_default=1360,thin_only=67 fat_expert_runs=32513 direct_calls=0 scatter_calls=0 fat_layers=1361 fat_expert_slots=32532 max_rows=2048 fused_temps_allocs=1 fused_temps_bytes=14155776 fat_scratch_allocs=0 fat_scratch_bytes=0 fat_scratch_peak_bytes=0
(Worker_TP1 pid=1239) INFO 09-03 10:55:03 [exl3.py:451] exl3 fat-expert P0: layers=1470 fat_layers=1403 (95.4%) fat_expert_slots=33581 max_rows=2048 avg_max_rows=1382.4 hist_le128=67 hist_gt128=1403 hist=[0, 4, 4, 59, 16, 114, 140, 1133, 0]
(Worker_TP1 pid=1239) INFO 09-03 10:55:03 [exl3.py:464] exl3 e2 diag schema=1 configured_tier=legacy effective_tier=legacy tier_reason=none_requested shared_suh=1 shared_suh_layers=42/42 sym_exl3_moe=1 sym_fat_gemm=1 sym_fat_gemm_scatter=1 cap=12.1 cap_ok=1 tp_rank=1 tp_size=4 prefill_layer_calls=1470 thin_calls=67 row_tile_calls=0 fallback_calls=kernel=0,batched=0,sorted=0,legacy=1402 fallback_reasons=legacy_default=1402,thin_only=67 fat_expert_runs=33566 direct_calls=0 scatter_calls=0 fat_layers=1403 fat_expert_slots=33581 max_rows=2048 fused_temps_allocs=1 fused_temps_bytes=14155776 fat_scratch_allocs=0 fat_scratch_bytes=0 fat_scratch_peak_bytes=0
(Worker_TP1 pid=1239) INFO 09-03 10:55:04 [exl3.py:451] exl3 fat-expert P0: layers=1512 fat_layers=1445 (95.6%) fat_expert_slots=34615 max_rows=2048 avg_max_rows=1384.9 hist_le128=67 hist_gt128=1445 hist=[0, 4, 4, 59, 16, 117, 145, 1167, 0]
(Worker_TP1 pid=1239) INFO 09-03 10:55:04 [exl3.py:464] exl3 e2 diag schema=1 configured_tier=legacy effective_tier=legacy tier_reason=none_requested shared_suh=1 shared_suh_layers=42/42 sym_exl3_moe=1 sym_fat_gemm=1 sym_fat_gemm_scatter=1 cap=12.1 cap_ok=1 tp_rank=1 tp_size=4 prefill_layer_calls=1512 thin_calls=67 row_tile_calls=0 fallback_calls=kernel=0,batched=0,sorted=0,legacy=1444 fallback_reasons=legacy_default=1444,thin_only=67 fat_expert_runs=34599 direct_calls=0 scatter_calls=0 fat_layers=1445 fat_expert_slots=34615 max_rows=2048 fused_temps_allocs=1 fused_temps_bytes=14155776 fat_scratch_allocs=0 fat_scratch_bytes=0 fat_scratch_peak_bytes=0
(Worker_TP1 pid=1239) INFO 09-03 10:55:06 [exl3.py:451] exl3 fat-expert P0: layers=1554 fat_layers=1487 (95.7%) fat_expert_slots=35672 max_rows=2048 avg_max_rows=1387.6 hist_le128=67 hist_gt128=1487 hist=[0, 4, 4, 59, 16, 120, 149, 1202, 0]
(Worker_TP1 pid=1239) INFO 09-03 10:55:06 [exl3.py:464] exl3 e2 diag schema=1 configured_tier=legacy effective_tier=legacy tier_reason=none_requested shared_suh=1 shared_suh_layers=42/42 sym_exl3_moe=1 sym_fat_gemm=1 sym_fat_gemm_scatter=1 cap=12.1 cap_ok=1 tp_rank=1 tp_size=4 prefill_layer_calls=1554 thin_calls=67 row_tile_calls=0 fallback_calls=kernel=0,batched=0,sorted=0,legacy=1486 fallback_reasons=legacy_default=1486,thin_only=67 fat_expert_runs=35656 direct_calls=0 scatter_calls=0 fat_layers=1487 fat_expert_slots=35672 max_rows=2048 fused_temps_allocs=1 fused_temps_bytes=14155776 fat_scratch_allocs=0 fat_scratch_bytes=0 fat_scratch_peak_bytes=0
(Worker_TP1 pid=1239) INFO 09-03 10:55:08 [exl3.py:451] exl3 fat-expert P0: layers=1596 fat_layers=1529 (95.8%) fat_expert_slots=36721 max_rows=2048 avg_max_rows=1389.2 hist_le128=67 hist_gt128=1529 hist=[0, 4, 4, 59, 16, 123, 154, 1236, 0]
(Worker_TP1 pid=1239) INFO 09-03 10:55:08 [exl3.py:464] exl3 e2 diag schema=1 configured_tier=legacy effective_tier=legacy tier_reason=none_requested shared_suh=1 shared_suh_layers=42/42 sym_exl3_moe=1 sym_fat_gemm=1 sym_fat_gemm_scatter=1 cap=12.1 cap_ok=1 tp_rank=1 tp_size=4 prefill_layer_calls=1596 thin_calls=67 row_tile_calls=0 fallback_calls=kernel=0,batched=0,sorted=0,legacy=1528 fallback_reasons=legacy_default=1528,thin_only=67 fat_expert_runs=36707 direct_calls=0 scatter_calls=0 fat_layers=1529 fat_expert_slots=36721 max_rows=2048 fused_temps_allocs=1 fused_temps_bytes=14155776 fat_scratch_allocs=0 fat_scratch_bytes=0 fat_scratch_peak_bytes=0
(Worker_TP1 pid=1239) INFO 09-03 10:55:10 [exl3.py:451] exl3 fat-expert P0: layers=1638 fat_layers=1571 (95.9%) fat_expert_slots=37760 max_rows=2048 avg_max_rows=1390.6 hist_le128=67 hist_gt128=1571 hist=[0, 4, 4, 59, 16, 126, 159, 1270, 0]
(Worker_TP1 pid=1239) INFO 09-03 10:55:10 [exl3.py:464] exl3 e2 diag schema=1 configured_tier=legacy effective_tier=legacy tier_reason=none_requested shared_suh=1 shared_suh_layers=42/42 sym_exl3_moe=1 sym_fat_gemm=1 sym_fat_gemm_scatter=1 cap=12.1 cap_ok=1 tp_rank=1 tp_size=4 prefill_layer_calls=1638 thin_calls=67 row_tile_calls=0 fallback_calls=kernel=0,batched=0,sorted=0,legacy=1570 fallback_reasons=legacy_default=1570,thin_only=67 fat_expert_runs=37746 direct_calls=0 scatter_calls=0 fat_layers=1571 fat_expert_slots=37760 max_rows=2048 fused_temps_allocs=1 fused_temps_bytes=14155776 fat_scratch_allocs=0 fat_scratch_bytes=0 fat_scratch_peak_bytes=0
(Worker_TP1 pid=1239) INFO 09-03 10:55:11 [exl3.py:451] exl3 fat-expert P0: layers=1680 fat_layers=1613 (96.0%) fat_expert_slots=38793 max_rows=2048 avg_max_rows=1391.6 hist_le128=67 hist_gt128=1613 hist=[0, 4, 4, 59, 16, 129, 165, 1303, 0]
(Worker_TP1 pid=1239) INFO 09-03 10:55:11 [exl3.py:464] exl3 e2 diag schema=1 configured_tier=legacy effective_tier=legacy tier_reason=none_requested shared_suh=1 shared_suh_layers=42/42 sym_exl3_moe=1 sym_fat_gemm=1 sym_fat_gemm_scatter=1 cap=12.1 cap_ok=1 tp_rank=1 tp_size=4 prefill_layer_calls=1680 thin_calls=67 row_tile_calls=0 fallback_calls=kernel=0,batched=0,sorted=0,legacy=1612 fallback_reasons=legacy_default=1612,thin_only=67 fat_expert_runs=38779 direct_calls=0 scatter_calls=0 fat_layers=1613 fat_expert_slots=38793 max_rows=2048 fused_temps_allocs=1 fused_temps_bytes=14155776 fat_scratch_allocs=0 fat_scratch_bytes=0 fat_scratch_peak_bytes=0
(Worker_TP1 pid=1239) INFO 09-03 10:55:13 [exl3.py:451] exl3 fat-expert P0: layers=1722 fat_layers=1655 (96.1%) fat_expert_slots=39840 max_rows=2048 avg_max_rows=1392.9 hist_le128=67 hist_gt128=1655 hist=[0, 4, 4, 59, 16, 132, 171, 1336, 0]
(Worker_TP1 pid=1239) INFO 09-03 10:55:13 [exl3.py:464] exl3 e2 diag schema=1 configured_tier=legacy effective_tier=legacy tier_reason=none_requested shared_suh=1 shared_suh_layers=42/42 sym_exl3_moe=1 sym_fat_gemm=1 sym_fat_gemm_scatter=1 cap=12.1 cap_ok=1 tp_rank=1 tp_size=4 prefill_layer_calls=1722 thin_calls=67 row_tile_calls=0 fallback_calls=kernel=0,batched=0,sorted=0,legacy=1654 fallback_reasons=legacy_default=1654,thin_only=67 fat_expert_runs=39826 direct_calls=0 scatter_calls=0 fat_layers=1655 fat_expert_slots=39840 max_rows=2048 fused_temps_allocs=1 fused_temps_bytes=14155776 fat_scratch_allocs=0 fat_scratch_bytes=0 fat_scratch_peak_bytes=0
(Worker_TP1 pid=1239) INFO 09-03 10:55:15 [exl3.py:451] exl3 fat-expert P0: layers=1764 fat_layers=1697 (96.2%) fat_expert_slots=40912 max_rows=2048 avg_max_rows=1393.0 hist_le128=67 hist_gt128=1697 hist=[0, 4, 4, 59, 16, 135, 177, 1369, 0]
(Worker_TP1 pid=1239) INFO 09-03 10:55:15 [exl3.py:464] exl3 e2 diag schema=1 configured_tier=legacy effective_tier=legacy tier_reason=none_requested shared_suh=1 shared_suh_layers=42/42 sym_exl3_moe=1 sym_fat_gemm=1 sym_fat_gemm_scatter=1 cap=12.1 cap_ok=1 tp_rank=1 tp_size=4 prefill_layer_calls=1764 thin_calls=67 row_tile_calls=0 fallback_calls=kernel=0,batched=0,sorted=0,legacy=1696 fallback_reasons=legacy_default=1696,thin_only=67 fat_expert_runs=40898 direct_calls=0 scatter_calls=0 fat_layers=1697 fat_expert_slots=40912 max_rows=2048 fused_temps_allocs=1 fused_temps_bytes=14155776 fat_scratch_allocs=0 fat_scratch_bytes=0 fat_scratch_peak_bytes=0
(Worker_TP1 pid=1239) INFO 09-03 10:55:16 [exl3.py:451] exl3 fat-expert P0: layers=1806 fat_layers=1739 (96.3%) fat_expert_slots=41970 max_rows=2048 avg_max_rows=1394.0 hist_le128=67 hist_gt128=1739 hist=[0, 4, 4, 59, 16, 139, 182, 1402, 0]
(Worker_TP1 pid=1239) INFO 09-03 10:55:16 [exl3.py:464] exl3 e2 diag schema=1 configured_tier=legacy effective_tier=legacy tier_reason=none_requested shared_suh=1 shared_suh_layers=42/42 sym_exl3_moe=1 sym_fat_gemm=1 sym_fat_gemm_scatter=1 cap=12.1 cap_ok=1 tp_rank=1 tp_size=4 prefill_layer_calls=1806 thin_calls=67 row_tile_calls=0 fallback_calls=kernel=0,batched=0,sorted=0,legacy=1738 fallback_reasons=legacy_default=1738,thin_only=67 fat_expert_runs=41956 direct_calls=0 scatter_calls=0 fat_layers=1739 fat_expert_slots=41970 max_rows=2048 fused_temps_allocs=1 fused_temps_bytes=14155776 fat_scratch_allocs=0 fat_scratch_bytes=0 fat_scratch_peak_bytes=0
(Worker_TP1 pid=1239) INFO 09-03 10:55:18 [exl3.py:451] exl3 fat-expert P0: layers=1848 fat_layers=1781 (96.4%) fat_expert_slots=43035 max_rows=2048 avg_max_rows=1395.5 hist_le128=67 hist_gt128=1781 hist=[0, 4, 4, 59, 16, 143, 186, 1436, 0]
(Worker_TP1 pid=1239) INFO 09-03 10:55:18 [exl3.py:464] exl3 e2 diag schema=1 configured_tier=legacy effective_tier=legacy tier_reason=none_requested shared_suh=1 shared_suh_layers=42/42 sym_exl3_moe=1 sym_fat_gemm=1 sym_fat_gemm_scatter=1 cap=12.1 cap_ok=1 tp_rank=1 tp_size=4 prefill_layer_calls=1848 thin_calls=67 row_tile_calls=0 fallback_calls=kernel=0,batched=0,sorted=0,legacy=1780 fallback_reasons=legacy_default=1780,thin_only=67 fat_expert_runs=43020 direct_calls=0 scatter_calls=0 fat_layers=1781 fat_expert_slots=43035 max_rows=2048 fused_temps_allocs=1 fused_temps_bytes=14155776 fat_scratch_allocs=0 fat_scratch_bytes=0 fat_scratch_peak_bytes=0
(Worker_TP1 pid=1239) INFO 09-03 10:55:20 [exl3.py:451] exl3 fat-expert P0: layers=1890 fat_layers=1823 (96.5%) fat_expert_slots=44123 max_rows=2048 avg_max_rows=1396.6 hist_le128=67 hist_gt128=1823 hist=[0, 4, 4, 59, 16, 147, 191, 1469, 0]
(Worker_TP1 pid=1239) INFO 09-03 10:55:20 [exl3.py:464] exl3 e2 diag schema=1 configured_tier=legacy effective_tier=legacy tier_reason=none_requested shared_suh=1 shared_suh_layers=42/42 sym_exl3_moe=1 sym_fat_gemm=1 sym_fat_gemm_scatter=1 cap=12.1 cap_ok=1 tp_rank=1 tp_size=4 prefill_layer_calls=1890 thin_calls=67 row_tile_calls=0 fallback_calls=kernel=0,batched=0,sorted=0,legacy=1822 fallback_reasons=legacy_default=1822,thin_only=67 fat_expert_runs=44109 direct_calls=0 scatter_calls=0 fat_layers=1823 fat_expert_slots=44123 max_rows=2048 fused_temps_allocs=1 fused_temps_bytes=14155776 fat_scratch_allocs=0 fat_scratch_bytes=0 fat_scratch_peak_bytes=0
(Worker_TP1 pid=1239) INFO 09-03 10:55:22 [exl3.py:451] exl3 fat-expert P0: layers=1932 fat_layers=1865 (96.5%) fat_expert_slots=45180 max_rows=2048 avg_max_rows=1397.8 hist_le128=67 hist_gt128=1865 hist=[0, 4, 4, 59, 16, 150, 197, 1502, 0]
(Worker_TP1 pid=1239) INFO 09-03 10:55:22 [exl3.py:464] exl3 e2 diag schema=1 configured_tier=legacy effective_tier=legacy tier_reason=none_requested shared_suh=1 shared_suh_layers=42/42 sym_exl3_moe=1 sym_fat_gemm=1 sym_fat_gemm_scatter=1 cap=12.1 cap_ok=1 tp_rank=1 tp_size=4 prefill_layer_calls=1932 thin_calls=67 row_tile_calls=0 fallback_calls=kernel=0,batched=0,sorted=0,legacy=1864 fallback_reasons=legacy_default=1864,thin_only=67 fat_expert_runs=45168 direct_calls=0 scatter_calls=0 fat_layers=1865 fat_expert_slots=45180 max_rows=2048 fused_temps_allocs=1 fused_temps_bytes=14155776 fat_scratch_allocs=0 fat_scratch_bytes=0 fat_scratch_peak_bytes=0
(Worker_TP1 pid=1239) INFO 09-03 10:55:23 [exl3.py:451] exl3 fat-expert P0: layers=1974 fat_layers=1907 (96.6%) fat_expert_slots=46269 max_rows=2048 avg_max_rows=1398.6 hist_le128=67 hist_gt128=1907 hist=[0, 4, 4, 59, 16, 154, 202, 1535, 0]
(Worker_TP1 pid=1239) INFO 09-03 10:55:23 [exl3.py:464] exl3 e2 diag schema=1 configured_tier=legacy effective_tier=legacy tier_reason=none_requested shared_suh=1 shared_suh_layers=42/42 sym_exl3_moe=1 sym_fat_gemm=1 sym_fat_gemm_scatter=1 cap=12.1 cap_ok=1 tp_rank=1 tp_size=4 prefill_layer_calls=1974 thin_calls=67 row_tile_calls=0 fallback_calls=kernel=0,batched=0,sorted=0,legacy=1906 fallback_reasons=legacy_default=1906,thin_only=67 fat_expert_runs=46258 direct_calls=0 scatter_calls=0 fat_layers=1907 fat_expert_slots=46269 max_rows=2048 fused_temps_allocs=1 fused_temps_bytes=14155776 fat_scratch_allocs=0 fat_scratch_bytes=0 fat_scratch_peak_bytes=0
(Worker_TP1 pid=1239) INFO 09-03 10:55:25 [exl3.py:451] exl3 fat-expert P0: layers=2016 fat_layers=1949 (96.7%) fat_expert_slots=47346 max_rows=2048 avg_max_rows=1399.6 hist_le128=67 hist_gt128=1949 hist=[0, 4, 4, 59, 16, 157, 208, 1568, 0]
(Worker_TP1 pid=1239) INFO 09-03 10:55:25 [exl3.py:464] exl3 e2 diag schema=1 configured_tier=legacy effective_tier=legacy tier_reason=none_requested shared_suh=1 shared_suh_layers=42/42 sym_exl3_moe=1 sym_fat_gemm=1 sym_fat_gemm_scatter=1 cap=12.1 cap_ok=1 tp_rank=1 tp_size=4 prefill_layer_calls=2016 thin_calls=67 row_tile_calls=0 fallback_calls=kernel=0,batched=0,sorted=0,legacy=1948 fallback_reasons=legacy_default=1948,thin_only=67 fat_expert_runs=47333 direct_calls=0 scatter_calls=0 fat_layers=1949 fat_expert_slots=47346 max_rows=2048 fused_temps_allocs=1 fused_temps_bytes=14155776 fat_scratch_allocs=0 fat_scratch_bytes=0 fat_scratch_peak_bytes=0
(Worker_TP1 pid=1239) INFO 09-03 10:55:27 [exl3.py:451] exl3 fat-expert P0: layers=2058 fat_layers=1991 (96.7%) fat_expert_slots=48392 max_rows=2048 avg_max_rows=1400.7 hist_le128=67 hist_gt128=1991 hist=[0, 4, 4, 59, 16, 161, 212, 1602, 0]
(Worker_TP1 pid=1239) INFO 09-03 10:55:27 [exl3.py:464] exl3 e2 diag schema=1 configured_tier=legacy effective_tier=legacy tier_reason=none_requested shared_suh=1 shared_suh_layers=42/42 sym_exl3_moe=1 sym_fat_gemm=1 sym_fat_gemm_scatter=1 cap=12.1 cap_ok=1 tp_rank=1 tp_size=4 prefill_layer_calls=2058 thin_calls=67 row_tile_calls=0 fallback_calls=kernel=0,batched=0,sorted=0,legacy=1990 fallback_reasons=legacy_default=1990,thin_only=67 fat_expert_runs=48381 direct_calls=0 scatter_calls=0 fat_layers=1991 fat_expert_slots=48392 max_rows=2048 fused_temps_allocs=1 fused_temps_bytes=14155776 fat_scratch_allocs=0 fat_scratch_bytes=0 fat_scratch_peak_bytes=0
(Worker_TP1 pid=1239) INFO 09-03 10:55:28 [exl3.py:451] exl3 fat-expert P0: layers=2100 fat_layers=2033 (96.8%) fat_expert_slots=49458 max_rows=2048 avg_max_rows=1401.8 hist_le128=67 hist_gt128=2033 hist=[0, 4, 4, 59, 16, 165, 217, 1635, 0]
(Worker_TP1 pid=1239) INFO 09-03 10:55:28 [exl3.py:464] exl3 e2 diag schema=1 configured_tier=legacy effective_tier=legacy tier_reason=none_requested shared_suh=1 shared_suh_layers=42/42 sym_exl3_moe=1 sym_fat_gemm=1 sym_fat_gemm_scatter=1 cap=12.1 cap_ok=1 tp_rank=1 tp_size=4 prefill_layer_calls=2100 thin_calls=67 row_tile_calls=0 fallback_calls=kernel=0,batched=0,sorted=0,legacy=2032 fallback_reasons=legacy_default=2032,thin_only=67 fat_expert_runs=49447 direct_calls=0 scatter_calls=0 fat_layers=2033 fat_expert_slots=49458 max_rows=2048 fused_temps_allocs=1 fused_temps_bytes=14155776 fat_scratch_allocs=0 fat_scratch_bytes=0 fat_scratch_peak_bytes=0
(Worker_TP1 pid=1239) INFO 09-03 10:55:30 [exl3.py:451] exl3 fat-expert P0: layers=2142 fat_layers=2075 (96.9%) fat_expert_slots=50522 max_rows=2048 avg_max_rows=1402.6 hist_le128=67 hist_gt128=2075 hist=[0, 4, 4, 59, 16, 169, 222, 1668, 0]
(Worker_TP1 pid=1239) INFO 09-03 10:55:30 [exl3.py:464] exl3 e2 diag schema=1 configured_tier=legacy effective_tier=legacy tier_reason=none_requested shared_suh=1 shared_suh_layers=42/42 sym_exl3_moe=1 sym_fat_gemm=1 sym_fat_gemm_scatter=1 cap=12.1 cap_ok=1 tp_rank=1 tp_size=4 prefill_layer_calls=2142 thin_calls=67 row_tile_calls=0 fallback_calls=kernel=0,batched=0,sorted=0,legacy=2074 fallback_reasons=legacy_default=2074,thin_only=67 fat_expert_runs=50510 direct_calls=0 scatter_calls=0 fat_layers=2075 fat_expert_slots=50522 max_rows=2048 fused_temps_allocs=1 fused_temps_bytes=14155776 fat_scratch_allocs=0 fat_scratch_bytes=0 fat_scratch_peak_bytes=0
(Worker_TP1 pid=1239) INFO 09-03 10:55:32 [exl3.py:451] exl3 fat-expert P0: layers=2184 fat_layers=2117 (96.9%) fat_expert_slots=51591 max_rows=2048 avg_max_rows=1403.5 hist_le128=67 hist_gt128=2117 hist=[0, 4, 4, 59, 16, 173, 226, 1702, 0]
(Worker_TP1 pid=1239) INFO 09-03 10:55:32 [exl3.py:464] exl3 e2 diag schema=1 configured_tier=legacy effective_tier=legacy tier_reason=none_requested shared_suh=1 shared_suh_layers=42/42 sym_exl3_moe=1 sym_fat_gemm=1 sym_fat_gemm_scatter=1 cap=12.1 cap_ok=1 tp_rank=1 tp_size=4 prefill_layer_calls=2184 thin_calls=67 row_tile_calls=0 fallback_calls=kernel=0,batched=0,sorted=0,legacy=2116 fallback_reasons=legacy_default=2116,thin_only=67 fat_expert_runs=51580 direct_calls=0 scatter_calls=0 fat_layers=2117 fat_expert_slots=51591 max_rows=2048 fused_temps_allocs=1 fused_temps_bytes=14155776 fat_scratch_allocs=0 fat_scratch_bytes=0 fat_scratch_peak_bytes=0
(Worker_TP1 pid=1239) INFO 09-03 10:55:34 [exl3.py:451] exl3 fat-expert P0: layers=2226 fat_layers=2159 (97.0%) fat_expert_slots=52670 max_rows=2048 avg_max_rows=1404.3 hist_le128=67 hist_gt128=2159 hist=[0, 4, 4, 59, 16, 176, 231, 1736, 0]
(Worker_TP1 pid=1239) INFO 09-03 10:55:34 [exl3.py:464] exl3 e2 diag schema=1 configured_tier=legacy effective_tier=legacy tier_reason=none_requested shared_suh=1 shared_suh_layers=42/42 sym_exl3_moe=1 sym_fat_gemm=1 sym_fat_gemm_scatter=1 cap=12.1 cap_ok=1 tp_rank=1 tp_size=4 prefill_layer_calls=2226 thin_calls=67 row_tile_calls=0 fallback_calls=kernel=0,batched=0,sorted=0,legacy=2158 fallback_reasons=legacy_default=2158,thin_only=67 fat_expert_runs=52659 direct_calls=0 scatter_calls=0 fat_layers=2159 fat_expert_slots=52670 max_rows=2048 fused_temps_allocs=1 fused_temps_bytes=14155776 fat_scratch_allocs=0 fat_scratch_bytes=0 fat_scratch_peak_bytes=0
(Worker_TP1 pid=1239) INFO 09-03 10:55:35 [exl3.py:451] exl3 fat-expert P0: layers=2268 fat_layers=2201 (97.0%) fat_expert_slots=53747 max_rows=2048 avg_max_rows=1405.0 hist_le128=67 hist_gt128=2201 hist=[0, 4, 4, 59, 16, 179, 236, 1770, 0]
(Worker_TP1 pid=1239) INFO 09-03 10:55:35 [exl3.py:464] exl3 e2 diag schema=1 configured_tier=legacy effective_tier=legacy tier_reason=none_requested shared_suh=1 shared_suh_layers=42/42 sym_exl3_moe=1 sym_fat_gemm=1 sym_fat_gemm_scatter=1 cap=12.1 cap_ok=1 tp_rank=1 tp_size=4 prefill_layer_calls=2268 thin_calls=67 row_tile_calls=0 fallback_calls=kernel=0,batched=0,sorted=0,legacy=2200 fallback_reasons=legacy_default=2200,thin_only=67 fat_expert_runs=53736 direct_calls=0 scatter_calls=0 fat_layers=2201 fat_expert_slots=53747 max_rows=2048 fused_temps_allocs=1 fused_temps_bytes=14155776 fat_scratch_allocs=0 fat_scratch_bytes=0 fat_scratch_peak_bytes=0
(Worker_TP1 pid=1239) INFO 09-03 10:55:37 [exl3.py:451] exl3 fat-expert P0: layers=2310 fat_layers=2243 (97.1%) fat_expert_slots=54839 max_rows=2048 avg_max_rows=1405.3 hist_le128=67 hist_gt128=2243 hist=[0, 4, 4, 59, 16, 182, 241, 1804, 0]
(Worker_TP1 pid=1239) INFO 09-03 10:55:37 [exl3.py:464] exl3 e2 diag schema=1 configured_tier=legacy effective_tier=legacy tier_reason=none_requested shared_suh=1 shared_suh_layers=42/42 sym_exl3_moe=1 sym_fat_gemm=1 sym_fat_gemm_scatter=1 cap=12.1 cap_ok=1 tp_rank=1 tp_size=4 prefill_layer_calls=2310 thin_calls=67 row_tile_calls=0 fallback_calls=kernel=0,batched=0,sorted=0,legacy=2242 fallback_reasons=legacy_default=2242,thin_only=67 fat_expert_runs=54828 direct_calls=0 scatter_calls=0 fat_layers=2243 fat_expert_slots=54839 max_rows=2048 fused_temps_allocs=1 fused_temps_bytes=14155776 fat_scratch_allocs=0 fat_scratch_bytes=0 fat_scratch_peak_bytes=0
(Worker_TP1 pid=1239) INFO 09-03 10:55:39 [exl3.py:451] exl3 fat-expert P0: layers=2352 fat_layers=2285 (97.2%) fat_expert_slots=55906 max_rows=2048 avg_max_rows=1405.7 hist_le128=67 hist_gt128=2285 hist=[0, 4, 4, 59, 16, 186, 247, 1836, 0]
(Worker_TP1 pid=1239) INFO 09-03 10:55:39 [exl3.py:464] exl3 e2 diag schema=1 configured_tier=legacy effective_tier=legacy tier_reason=none_requested shared_suh=1 shared_suh_layers=42/42 sym_exl3_moe=1 sym_fat_gemm=1 sym_fat_gemm_scatter=1 cap=12.1 cap_ok=1 tp_rank=1 tp_size=4 prefill_layer_calls=2352 thin_calls=67 row_tile_calls=0 fallback_calls=kernel=0,batched=0,sorted=0,legacy=2284 fallback_reasons=legacy_default=2284,thin_only=67 fat_expert_runs=55895 direct_calls=0 scatter_calls=0 fat_layers=2285 fat_expert_slots=55906 max_rows=2048 fused_temps_allocs=1 fused_temps_bytes=14155776 fat_scratch_allocs=0 fat_scratch_bytes=0 fat_scratch_peak_bytes=0
(Worker_TP1 pid=1239) INFO 09-03 10:55:41 [exl3.py:451] exl3 fat-expert P0: layers=2394 fat_layers=2327 (97.2%) fat_expert_slots=57006 max_rows=2048 avg_max_rows=1405.9 hist_le128=67 hist_gt128=2327 hist=[0, 4, 4, 59, 16, 189, 254, 1868, 0]
(Worker_TP1 pid=1239) INFO 09-03 10:55:41 [exl3.py:464] exl3 e2 diag schema=1 configured_tier=legacy effective_tier=legacy tier_reason=none_requested shared_suh=1 shared_suh_layers=42/42 sym_exl3_moe=1 sym_fat_gemm=1 sym_fat_gemm_scatter=1 cap=12.1 cap_ok=1 tp_rank=1 tp_size=4 prefill_layer_calls=2394 thin_calls=67 row_tile_calls=0 fallback_calls=kernel=0,batched=0,sorted=0,legacy=2326 fallback_reasons=legacy_default=2326,thin_only=67 fat_expert_runs=56995 direct_calls=0 scatter_calls=0 fat_layers=2327 fat_expert_slots=57006 max_rows=2048 fused_temps_allocs=1 fused_temps_bytes=14155776 fat_scratch_allocs=0 fat_scratch_bytes=0 fat_scratch_peak_bytes=0
(Worker_TP1 pid=1239) INFO 09-03 10:55:43 [exl3.py:451] exl3 fat-expert P0: layers=2436 fat_layers=2369 (97.2%) fat_expert_slots=58090 max_rows=2048 avg_max_rows=1406.5 hist_le128=67 hist_gt128=2369 hist=[0, 4, 4, 59, 16, 192, 261, 1900, 0]
(Worker_TP1 pid=1239) INFO 09-03 10:55:43 [exl3.py:464] exl3 e2 diag schema=1 configured_tier=legacy effective_tier=legacy tier_reason=none_requested shared_suh=1 shared_suh_layers=42/42 sym_exl3_moe=1 sym_fat_gemm=1 sym_fat_gemm_scatter=1 cap=12.1 cap_ok=1 tp_rank=1 tp_size=4 prefill_layer_calls=2436 thin_calls=67 row_tile_calls=0 fallback_calls=kernel=0,batched=0,sorted=0,legacy=2368 fallback_reasons=legacy_default=2368,thin_only=67 fat_expert_runs=58079 direct_calls=0 scatter_calls=0 fat_layers=2369 fat_expert_slots=58090 max_rows=2048 fused_temps_allocs=1 fused_temps_bytes=14155776 fat_scratch_allocs=0 fat_scratch_bytes=0 fat_scratch_peak_bytes=0
(Worker_TP1 pid=1239) INFO 09-03 10:55:45 [exl3.py:451] exl3 fat-expert P0: layers=2478 fat_layers=2411 (97.3%) fat_expert_slots=59193 max_rows=2048 avg_max_rows=1406.7 hist_le128=67 hist_gt128=2411 hist=[0, 4, 4, 59, 16, 195, 267, 1933, 0]
(Worker_TP1 pid=1239) INFO 09-03 10:55:45 [exl3.py:464] exl3 e2 diag schema=1 configured_tier=legacy effective_tier=legacy tier_reason=none_requested shared_suh=1 shared_suh_layers=42/42 sym_exl3_moe=1 sym_fat_gemm=1 sym_fat_gemm_scatter=1 cap=12.1 cap_ok=1 tp_rank=1 tp_size=4 prefill_layer_calls=2478 thin_calls=67 row_tile_calls=0 fallback_calls=kernel=0,batched=0,sorted=0,legacy=2410 fallback_reasons=legacy_default=2410,thin_only=67 fat_expert_runs=59182 direct_calls=0 scatter_calls=0 fat_layers=2411 fat_expert_slots=59193 max_rows=2048 fused_temps_allocs=1 fused_temps_bytes=14155776 fat_scratch_allocs=0 fat_scratch_bytes=0 fat_scratch_peak_bytes=0
(Worker_TP1 pid=1239) INFO 09-03 10:55:46 [exl3.py:451] exl3 fat-expert P0: layers=2520 fat_layers=2453 (97.3%) fat_expert_slots=60296 max_rows=2048 avg_max_rows=1407.0 hist_le128=67 hist_gt128=2453 hist=[0, 4, 4, 59, 16, 198, 274, 1965, 0]
(Worker_TP1 pid=1239) INFO 09-03 10:55:46 [exl3.py:464] exl3 e2 diag schema=1 configured_tier=legacy effective_tier=legacy tier_reason=none_requested shared_suh=1 shared_suh_layers=42/42 sym_exl3_moe=1 sym_fat_gemm=1 sym_fat_gemm_scatter=1 cap=12.1 cap_ok=1 tp_rank=1 tp_size=4 prefill_layer_calls=2520 thin_calls=67 row_tile_calls=0 fallback_calls=kernel=0,batched=0,sorted=0,legacy=2452 fallback_reasons=legacy_default=2452,thin_only=67 fat_expert_runs=60285 direct_calls=0 scatter_calls=0 fat_layers=2453 fat_expert_slots=60296 max_rows=2048 fused_temps_allocs=1 fused_temps_bytes=14155776 fat_scratch_allocs=0 fat_scratch_bytes=0 fat_scratch_peak_bytes=0
(Worker_TP1 pid=1239) INFO 09-03 10:55:48 [exl3.py:451] exl3 fat-expert P0: layers=2562 fat_layers=2495 (97.4%) fat_expert_slots=61397 max_rows=2048 avg_max_rows=1407.3 hist_le128=67 hist_gt128=2495 hist=[0, 4, 4, 59, 16, 201, 280, 1998, 0]
(Worker_TP1 pid=1239) INFO 09-03 10:55:48 [exl3.py:464] exl3 e2 diag schema=1 configured_tier=legacy effective_tier=legacy tier_reason=none_requested shared_suh=1 shared_suh_layers=42/42 sym_exl3_moe=1 sym_fat_gemm=1 sym_fat_gemm_scatter=1 cap=12.1 cap_ok=1 tp_rank=1 tp_size=4 prefill_layer_calls=2562 thin_calls=67 row_tile_calls=0 fallback_calls=kernel=0,batched=0,sorted=0,legacy=2494 fallback_reasons=legacy_default=2494,thin_only=67 fat_expert_runs=61386 direct_calls=0 scatter_calls=0 fat_layers=2495 fat_expert_slots=61397 max_rows=2048 fused_temps_allocs=1 fused_temps_bytes=14155776 fat_scratch_allocs=0 fat_scratch_bytes=0 fat_scratch_peak_bytes=0
(Worker_TP1 pid=1239) INFO 09-03 10:55:50 [exl3.py:451] exl3 fat-expert P0: layers=2604 fat_layers=2537 (97.4%) fat_expert_slots=62505 max_rows=2048 avg_max_rows=1407.6 hist_le128=67 hist_gt128=2537 hist=[0, 4, 4, 59, 16, 204, 287, 2030, 0]
(Worker_TP1 pid=1239) INFO 09-03 10:55:50 [exl3.py:464] exl3 e2 diag schema=1 configured_tier=legacy effective_tier=legacy tier_reason=none_requested shared_suh=1 shared_suh_layers=42/42 sym_exl3_moe=1 sym_fat_gemm=1 sym_fat_gemm_scatter=1 cap=12.1 cap_ok=1 tp_rank=1 tp_size=4 prefill_layer_calls=2604 thin_calls=67 row_tile_calls=0 fallback_calls=kernel=0,batched=0,sorted=0,legacy=2536 fallback_reasons=legacy_default=2536,thin_only=67 fat_expert_runs=62494 direct_calls=0 scatter_calls=0 fat_layers=2537 fat_expert_slots=62505 max_rows=2048 fused_temps_allocs=1 fused_temps_bytes=14155776 fat_scratch_allocs=0 fat_scratch_bytes=0 fat_scratch_peak_bytes=0
(Worker_TP1 pid=1239) INFO 09-03 10:55:51 [exl3.py:451] exl3 fat-expert P0: layers=2646 fat_layers=2579 (97.5%) fat_expert_slots=63627 max_rows=2048 avg_max_rows=1408.1 hist_le128=67 hist_gt128=2579 hist=[0, 4, 4, 59, 16, 207, 293, 2063, 0]
(Worker_TP1 pid=1239) INFO 09-03 10:55:51 [exl3.py:464] exl3 e2 diag schema=1 configured_tier=legacy effective_tier=legacy tier_reason=none_requested shared_suh=1 shared_suh_layers=42/42 sym_exl3_moe=1 sym_fat_gemm=1 sym_fat_gemm_scatter=1 cap=12.1 cap_ok=1 tp_rank=1 tp_size=4 prefill_layer_calls=2646 thin_calls=67 row_tile_calls=0 fallback_calls=kernel=0,batched=0,sorted=0,legacy=2578 fallback_reasons=legacy_default=2578,thin_only=67 fat_expert_runs=63616 direct_calls=0 scatter_calls=0 fat_layers=2579 fat_expert_slots=63627 max_rows=2048 fused_temps_allocs=1 fused_temps_bytes=14155776 fat_scratch_allocs=0 fat_scratch_bytes=0 fat_scratch_peak_bytes=0
(Worker_TP1 pid=1239) INFO 09-03 10:55:53 [exl3.py:451] exl3 fat-expert P0: layers=2688 fat_layers=2621 (97.5%) fat_expert_slots=64719 max_rows=2048 avg_max_rows=1408.5 hist_le128=67 hist_gt128=2621 hist=[0, 4, 4, 59, 16, 211, 298, 2096, 0]
(Worker_TP1 pid=1239) INFO 09-03 10:55:53 [exl3.py:464] exl3 e2 diag schema=1 configured_tier=legacy effective_tier=legacy tier_reason=none_requested shared_suh=1 shared_suh_layers=42/42 sym_exl3_moe=1 sym_fat_gemm=1 sym_fat_gemm_scatter=1 cap=12.1 cap_ok=1 tp_rank=1 tp_size=4 prefill_layer_calls=2688 thin_calls=67 row_tile_calls=0 fallback_calls=kernel=0,batched=0,sorted=0,legacy=2620 fallback_reasons=legacy_default=2620,thin_only=67 fat_expert_runs=64708 direct_calls=0 scatter_calls=0 fat_layers=2621 fat_expert_slots=64719 max_rows=2048 fused_temps_allocs=1 fused_temps_bytes=14155776 fat_scratch_allocs=0 fat_scratch_bytes=0 fat_scratch_peak_bytes=0
(Worker_TP1 pid=1239) INFO 09-03 10:55:55 [exl3.py:451] exl3 fat-expert P0: layers=2730 fat_layers=2663 (97.5%) fat_expert_slots=65842 max_rows=2048 avg_max_rows=1408.7 hist_le128=67 hist_gt128=2663 hist=[0, 4, 4, 59, 16, 214, 304, 2129, 0]
(Worker_TP1 pid=1239) INFO 09-03 10:55:55 [exl3.py:464] exl3 e2 diag schema=1 configured_tier=legacy effective_tier=legacy tier_reason=none_requested shared_suh=1 shared_suh_layers=42/42 sym_exl3_moe=1 sym_fat_gemm=1 sym_fat_gemm_scatter=1 cap=12.1 cap_ok=1 tp_rank=1 tp_size=4 prefill_layer_calls=2730 thin_calls=67 row_tile_calls=0 fallback_calls=kernel=0,batched=0,sorted=0,legacy=2662 fallback_reasons=legacy_default=2662,thin_only=67 fat_expert_runs=65832 direct_calls=0 scatter_calls=0 fat_layers=2663 fat_expert_slots=65842 max_rows=2048 fused_temps_allocs=1 fused_temps_bytes=14155776 fat_scratch_allocs=0 fat_scratch_bytes=0 fat_scratch_peak_bytes=0
(Worker_TP1 pid=1239) INFO 09-03 10:55:57 [exl3.py:451] exl3 fat-expert P0: layers=2772 fat_layers=2705 (97.6%) fat_expert_slots=66963 max_rows=2048 avg_max_rows=1408.9 hist_le128=67 hist_gt128=2705 hist=[0, 4, 4, 59, 16, 218, 308, 2163, 0]
(Worker_TP1 pid=1239) INFO 09-03 10:55:57 [exl3.py:464] exl3 e2 diag schema=1 configured_tier=legacy effective_tier=legacy tier_reason=none_requested shared_suh=1 shared_suh_layers=42/42 sym_exl3_moe=1 sym_fat_gemm=1 sym_fat_gemm_scatter=1 cap=12.1 cap_ok=1 tp_rank=1 tp_size=4 prefill_layer_calls=2772 thin_calls=67 row_tile_calls=0 fallback_calls=kernel=0,batched=0,sorted=0,legacy=2704 fallback_reasons=legacy_default=2704,thin_only=67 fat_expert_runs=66952 direct_calls=0 scatter_calls=0 fat_layers=2705 fat_expert_slots=66963 max_rows=2048 fused_temps_allocs=1 fused_temps_bytes=14155776 fat_scratch_allocs=0 fat_scratch_bytes=0 fat_scratch_peak_bytes=0
(Worker_TP1 pid=1239) INFO 09-03 10:55:58 [exl3.py:451] exl3 fat-expert P0: layers=2814 fat_layers=2747 (97.6%) fat_expert_slots=68086 max_rows=2048 avg_max_rows=1408.9 hist_le128=67 hist_gt128=2747 hist=[0, 4, 4, 59, 16, 221, 315, 2195, 0]
(Worker_TP1 pid=1239) INFO 09-03 10:55:58 [exl3.py:464] exl3 e2 diag schema=1 configured_tier=legacy effective_tier=legacy tier_reason=none_requested shared_suh=1 shared_suh_layers=42/42 sym_exl3_moe=1 sym_fat_gemm=1 sym_fat_gemm_scatter=1 cap=12.1 cap_ok=1 tp_rank=1 tp_size=4 prefill_layer_calls=2814 thin_calls=67 row_tile_calls=0 fallback_calls=kernel=0,batched=0,sorted=0,legacy=2746 fallback_reasons=legacy_default=2746,thin_only=67 fat_expert_runs=68075 direct_calls=0 scatter_calls=0 fat_layers=2747 fat_expert_slots=68086 max_rows=2048 fused_temps_allocs=1 fused_temps_bytes=14155776 fat_scratch_allocs=0 fat_scratch_bytes=0 fat_scratch_peak_bytes=0
(Worker_TP1 pid=1239) INFO 09-03 10:56:00 [exl3.py:451] exl3 fat-expert P0: layers=2856 fat_layers=2789 (97.7%) fat_expert_slots=69185 max_rows=2048 avg_max_rows=1408.9 hist_le128=67 hist_gt128=2789 hist=[0, 4, 4, 59, 16, 225, 320, 2228, 0]
(Worker_TP1 pid=1239) INFO 09-03 10:56:00 [exl3.py:464] exl3 e2 diag schema=1 configured_tier=legacy effective_tier=legacy tier_reason=none_requested shared_suh=1 shared_suh_layers=42/42 sym_exl3_moe=1 sym_fat_gemm=1 sym_fat_gemm_scatter=1 cap=12.1 cap_ok=1 tp_rank=1 tp_size=4 prefill_layer_calls=2856 thin_calls=67 row_tile_calls=0 fallback_calls=kernel=0,batched=0,sorted=0,legacy=2788 fallback_reasons=legacy_default=2788,thin_only=67 fat_expert_runs=69174 direct_calls=0 scatter_calls=0 fat_layers=2789 fat_expert_slots=69185 max_rows=2048 fused_temps_allocs=1 fused_temps_bytes=14155776 fat_scratch_allocs=0 fat_scratch_bytes=0 fat_scratch_peak_bytes=0
(Worker_TP1 pid=1239) INFO 09-03 10:56:02 [exl3.py:451] exl3 fat-expert P0: layers=2898 fat_layers=2831 (97.7%) fat_expert_slots=70295 max_rows=2048 avg_max_rows=1408.9 hist_le128=67 hist_gt128=2831 hist=[0, 4, 4, 59, 16, 228, 326, 2261, 0]
(Worker_TP1 pid=1239) INFO 09-03 10:56:02 [exl3.py:464] exl3 e2 diag schema=1 configured_tier=legacy effective_tier=legacy tier_reason=none_requested shared_suh=1 shared_suh_layers=42/42 sym_exl3_moe=1 sym_fat_gemm=1 sym_fat_gemm_scatter=1 cap=12.1 cap_ok=1 tp_rank=1 tp_size=4 prefill_layer_calls=2898 thin_calls=67 row_tile_calls=0 fallback_calls=kernel=0,batched=0,sorted=0,legacy=2830 fallback_reasons=legacy_default=2830,thin_only=67 fat_expert_runs=70284 direct_calls=0 scatter_calls=0 fat_layers=2831 fat_expert_slots=70295 max_rows=2048 fused_temps_allocs=1 fused_temps_bytes=14155776 fat_scratch_allocs=0 fat_scratch_bytes=0 fat_scratch_peak_bytes=0
(Worker_TP1 pid=1239) INFO 09-03 10:56:04 [exl3.py:451] exl3 fat-expert P0: layers=2940 fat_layers=2873 (97.7%) fat_expert_slots=71403 max_rows=2048 avg_max_rows=1409.1 hist_le128=67 hist_gt128=2873 hist=[0, 4, 4, 59, 16, 232, 331, 2294, 0]
(Worker_TP1 pid=1239) INFO 09-03 10:56:04 [exl3.py:464] exl3 e2 diag schema=1 configured_tier=legacy effective_tier=legacy tier_reason=none_requested shared_suh=1 shared_suh_layers=42/42 sym_exl3_moe=1 sym_fat_gemm=1 sym_fat_gemm_scatter=1 cap=12.1 cap_ok=1 tp_rank=1 tp_size=4 prefill_layer_calls=2940 thin_calls=67 row_tile_calls=0 fallback_calls=kernel=0,batched=0,sorted=0,legacy=2872 fallback_reasons=legacy_default=2872,thin_only=67 fat_expert_runs=71392 direct_calls=0 scatter_calls=0 fat_layers=2873 fat_expert_slots=71403 max_rows=2048 fused_temps_allocs=1 fused_temps_bytes=14155776 fat_scratch_allocs=0 fat_scratch_bytes=0 fat_scratch_peak_bytes=0
(Worker_TP1 pid=1239) INFO 09-03 10:56:05 [exl3.py:451] exl3 fat-expert P0: layers=2982 fat_layers=2915 (97.8%) fat_expert_slots=72334 max_rows=2048 avg_max_rows=1404.7 hist_le128=67 hist_gt128=2915 hist=[0, 4, 4, 59, 16, 237, 340, 2322, 0]
(Worker_TP1 pid=1239) INFO 09-03 10:56:05 [exl3.py:464] exl3 e2 diag schema=1 configured_tier=legacy effective_tier=legacy tier_reason=none_requested shared_suh=1 shared_suh_layers=42/42 sym_exl3_moe=1 sym_fat_gemm=1 sym_fat_gemm_scatter=1 cap=12.1 cap_ok=1 tp_rank=1 tp_size=4 prefill_layer_calls=2982 thin_calls=67 row_tile_calls=0 fallback_calls=kernel=0,batched=0,sorted=0,legacy=2914 fallback_reasons=legacy_default=2914,thin_only=67 fat_expert_runs=72323 direct_calls=0 scatter_calls=0 fat_layers=2915 fat_expert_slots=72334 max_rows=2048 fused_temps_allocs=1 fused_temps_bytes=14155776 fat_scratch_allocs=0 fat_scratch_bytes=0 fat_scratch_peak_bytes=0
(Worker_TP1 pid=1239) INFO 09-03 10:56:06 [exl3.py:451] exl3 fat-expert P0: layers=3024 fat_layers=2915 (96.4%) fat_expert_slots=72334 max_rows=2048 avg_max_rows=1386.2 hist_le128=109 hist_gt128=2915 hist=[0, 7, 21, 81, 16, 237, 340, 2322, 0]
(Worker_TP1 pid=1239) INFO 09-03 10:56:06 [exl3.py:464] exl3 e2 diag schema=1 configured_tier=legacy effective_tier=legacy tier_reason=none_requested shared_suh=1 shared_suh_layers=42/42 sym_exl3_moe=1 sym_fat_gemm=1 sym_fat_gemm_scatter=1 cap=12.1 cap_ok=1 tp_rank=1 tp_size=4 prefill_layer_calls=3024 thin_calls=108 row_tile_calls=0 fallback_calls=kernel=0,batched=0,sorted=0,legacy=2915 fallback_reasons=legacy_default=2915,thin_only=108 fat_expert_runs=72334 direct_calls=0 scatter_calls=0 fat_layers=2915 fat_expert_slots=72334 max_rows=2048 fused_temps_allocs=1 fused_temps_bytes=14155776 fat_scratch_allocs=0 fat_scratch_bytes=0 fat_scratch_peak_bytes=0
(Worker_TP1 pid=1239) INFO 09-03 10:57:11 [exl3.py:451] exl3 fat-expert P0: layers=3066 fat_layers=2957 (96.4%) fat_expert_slots=73417 max_rows=2048 avg_max_rows=1386.0 hist_le128=109 hist_gt128=2957 hist=[0, 7, 21, 81, 16, 240, 345, 2356, 0]
(Worker_TP1 pid=1239) INFO 09-03 10:57:11 [exl3.py:464] exl3 e2 diag schema=1 configured_tier=legacy effective_tier=legacy tier_reason=none_requested shared_suh=1 shared_suh_layers=42/42 sym_exl3_moe=1 sym_fat_gemm=1 sym_fat_gemm_scatter=1 cap=12.1 cap_ok=1 tp_rank=1 tp_size=4 prefill_layer_calls=3066 thin_calls=109 row_tile_calls=0 fallback_calls=kernel=0,batched=0,sorted=0,legacy=2956 fallback_reasons=legacy_default=2956,thin_only=109 fat_expert_runs=73394 direct_calls=0 scatter_calls=0 fat_layers=2957 fat_expert_slots=73417 max_rows=2048 fused_temps_allocs=1 fused_temps_bytes=14155776 fat_scratch_allocs=0 fat_scratch_bytes=0 fat_scratch_peak_bytes=0
(Worker_TP1 pid=1239) INFO 09-03 10:57:13 [exl3.py:451] exl3 fat-expert P0: layers=3108 fat_layers=2999 (96.5%) fat_expert_slots=74494 max_rows=2048 avg_max_rows=1386.6 hist_le128=109 hist_gt128=2999 hist=[0, 7, 21, 81, 16, 244, 350, 2389, 0]
(Worker_TP1 pid=1239) INFO 09-03 10:57:13 [exl3.py:464] exl3 e2 diag schema=1 configured_tier=legacy effective_tier=legacy tier_reason=none_requested shared_suh=1 shared_suh_layers=42/42 sym_exl3_moe=1 sym_fat_gemm=1 sym_fat_gemm_scatter=1 cap=12.1 cap_ok=1 tp_rank=1 tp_size=4 prefill_layer_calls=3108 thin_calls=109 row_tile_calls=0 fallback_calls=kernel=0,batched=0,sorted=0,legacy=2998 fallback_reasons=legacy_default=2998,thin_only=109 fat_expert_runs=74474 direct_calls=0 scatter_calls=0 fat_layers=2999 fat_expert_slots=74494 max_rows=2048 fused_temps_allocs=1 fused_temps_bytes=14155776 fat_scratch_allocs=0 fat_scratch_bytes=0 fat_scratch_peak_bytes=0
(Worker_TP1 pid=1239) INFO 09-03 10:57:15 [exl3.py:451] exl3 fat-expert P0: layers=3150 fat_layers=3041 (96.5%) fat_expert_slots=75562 max_rows=2048 avg_max_rows=1387.4 hist_le128=109 hist_gt128=3041 hist=[0, 7, 21, 81, 16, 248, 354, 2423, 0]
(Worker_TP1 pid=1239) INFO 09-03 10:57:15 [exl3.py:464] exl3 e2 diag schema=1 configured_tier=legacy effective_tier=legacy tier_reason=none_requested shared_suh=1 shared_suh_layers=42/42 sym_exl3_moe=1 sym_fat_gemm=1 sym_fat_gemm_scatter=1 cap=12.1 cap_ok=1 tp_rank=1 tp_size=4 prefill_layer_calls=3150 thin_calls=109 row_tile_calls=0 fallback_calls=kernel=0,batched=0,sorted=0,legacy=3040 fallback_reasons=legacy_default=3040,thin_only=109 fat_expert_runs=75541 direct_calls=0 scatter_calls=0 fat_layers=3041 fat_expert_slots=75562 max_rows=2048 fused_temps_allocs=1 fused_temps_bytes=14155776 fat_scratch_allocs=0 fat_scratch_bytes=0 fat_scratch_peak_bytes=0
(Worker_TP1 pid=1239) INFO 09-03 10:57:16 [exl3.py:451] exl3 fat-expert P0: layers=3192 fat_layers=3083 (96.6%) fat_expert_slots=76627 max_rows=2048 avg_max_rows=1388.2 hist_le128=109 hist_gt128=3083 hist=[0, 7, 21, 81, 16, 252, 360, 2455, 0]
(Worker_TP1 pid=1239) INFO 09-03 10:57:16 [exl3.py:464] exl3 e2 diag schema=1 configured_tier=legacy effective_tier=legacy tier_reason=none_requested shared_suh=1 shared_suh_layers=42/42 sym_exl3_moe=1 sym_fat_gemm=1 sym_fat_gemm_scatter=1 cap=12.1 cap_ok=1 tp_rank=1 tp_size=4 prefill_layer_calls=3192 thin_calls=109 row_tile_calls=0 fallback_calls=kernel=0,batched=0,sorted=0,legacy=3082 fallback_reasons=legacy_default=3082,thin_only=109 fat_expert_runs=76608 direct_calls=0 scatter_calls=0 fat_layers=3083 fat_expert_slots=76627 max_rows=2048 fused_temps_allocs=1 fused_temps_bytes=14155776 fat_scratch_allocs=0 fat_scratch_bytes=0 fat_scratch_peak_bytes=0
(Worker_TP1 pid=1239) INFO 09-03 10:57:18 [exl3.py:451] exl3 fat-expert P0: layers=3234 fat_layers=3125 (96.6%) fat_expert_slots=77688 max_rows=2048 avg_max_rows=1389.0 hist_le128=109 hist_gt128=3125 hist=[0, 7, 21, 81, 16, 256, 364, 2489, 0]
(Worker_TP1 pid=1239) INFO 09-03 10:57:18 [exl3.py:464] exl3 e2 diag schema=1 configured_tier=legacy effective_tier=legacy tier_reason=none_requested shared_suh=1 shared_suh_layers=42/42 sym_exl3_moe=1 sym_fat_gemm=1 sym_fat_gemm_scatter=1 cap=12.1 cap_ok=1 tp_rank=1 tp_size=4 prefill_layer_calls=3234 thin_calls=109 row_tile_calls=0 fallback_calls=kernel=0,batched=0,sorted=0,legacy=3124 fallback_reasons=legacy_default=3124,thin_only=109 fat_expert_runs=77667 direct_calls=0 scatter_calls=0 fat_layers=3125 fat_expert_slots=77688 max_rows=2048 fused_temps_allocs=1 fused_temps_bytes=14155776 fat_scratch_allocs=0 fat_scratch_bytes=0 fat_scratch_peak_bytes=0
(Worker_TP1 pid=1239) INFO 09-03 10:57:20 [exl3.py:451] exl3 fat-expert P0: layers=3276 fat_layers=3167 (96.7%) fat_expert_slots=78730 max_rows=2048 avg_max_rows=1390.1 hist_le128=109 hist_gt128=3167 hist=[0, 7, 21, 81, 16, 260, 367, 2524, 0]
(Worker_TP1 pid=1239) INFO 09-03 10:57:20 [exl3.py:464] exl3 e2 diag schema=1 configured_tier=legacy effective_tier=legacy tier_reason=none_requested shared_suh=1 shared_suh_layers=42/42 sym_exl3_moe=1 sym_fat_gemm=1 sym_fat_gemm_scatter=1 cap=12.1 cap_ok=1 tp_rank=1 tp_size=4 prefill_layer_calls=3276 thin_calls=109 row_tile_calls=0 fallback_calls=kernel=0,batched=0,sorted=0,legacy=3166 fallback_reasons=legacy_default=3166,thin_only=109 fat_expert_runs=78709 direct_calls=0 scatter_calls=0 fat_layers=3167 fat_expert_slots=78730 max_rows=2048 fused_temps_allocs=1 fused_temps_bytes=14155776 fat_scratch_allocs=0 fat_scratch_bytes=0 fat_scratch_peak_bytes=0
(Worker_TP1 pid=1239) INFO 09-03 10:57:22 [exl3.py:451] exl3 fat-expert P0: layers=3318 fat_layers=3209 (96.7%) fat_expert_slots=79767 max_rows=2048 avg_max_rows=1391.2 hist_le128=109 hist_gt128=3209 hist=[0, 7, 21, 81, 16, 263, 372, 2558, 0]
(Worker_TP1 pid=1239) INFO 09-03 10:57:22 [exl3.py:464] exl3 e2 diag schema=1 configured_tier=legacy effective_tier=legacy tier_reason=none_requested shared_suh=1 shared_suh_layers=42/42 sym_exl3_moe=1 sym_fat_gemm=1 sym_fat_gemm_scatter=1 cap=12.1 cap_ok=1 tp_rank=1 tp_size=4 prefill_layer_calls=3318 thin_calls=109 row_tile_calls=0 fallback_calls=kernel=0,batched=0,sorted=0,legacy=3208 fallback_reasons=legacy_default=3208,thin_only=109 fat_expert_runs=79747 direct_calls=0 scatter_calls=0 fat_layers=3209 fat_expert_slots=79767 max_rows=2048 fused_temps_allocs=1 fused_temps_bytes=14155776 fat_scratch_allocs=0 fat_scratch_bytes=0 fat_scratch_peak_bytes=0
(Worker_TP1 pid=1239) INFO 09-03 10:57:23 [exl3.py:451] exl3 fat-expert P0: layers=3360 fat_layers=3251 (96.8%) fat_expert_slots=80814 max_rows=2048 avg_max_rows=1392.4 hist_le128=109 hist_gt128=3251 hist=[0, 7, 21, 81, 16, 267, 376, 2592, 0]
(Worker_TP1 pid=1239) INFO 09-03 10:57:23 [exl3.py:464] exl3 e2 diag schema=1 configured_tier=legacy effective_tier=legacy tier_reason=none_requested shared_suh=1 shared_suh_layers=42/42 sym_exl3_moe=1 sym_fat_gemm=1 sym_fat_gemm_scatter=1 cap=12.1 cap_ok=1 tp_rank=1 tp_size=4 prefill_layer_calls=3360 thin_calls=109 row_tile_calls=0 fallback_calls=kernel=0,batched=0,sorted=0,legacy=3250 fallback_reasons=legacy_default=3250,thin_only=109 fat_expert_runs=80794 direct_calls=0 scatter_calls=0 fat_layers=3251 fat_expert_slots=80814 max_rows=2048 fused_temps_allocs=1 fused_temps_bytes=14155776 fat_scratch_allocs=0 fat_scratch_bytes=0 fat_scratch_peak_bytes=0
(Worker_TP1 pid=1239) INFO 09-03 10:57:25 [exl3.py:451] exl3 fat-expert P0: layers=3402 fat_layers=3293 (96.8%) fat_expert_slots=81889 max_rows=2048 avg_max_rows=1393.3 hist_le128=109 hist_gt128=3293 hist=[0, 7, 21, 81, 16, 271, 380, 2626, 0]
(Worker_TP1 pid=1239) INFO 09-03 10:57:25 [exl3.py:464] exl3 e2 diag schema=1 configured_tier=legacy effective_tier=legacy tier_reason=none_requested shared_suh=1 shared_suh_layers=42/42 sym_exl3_moe=1 sym_fat_gemm=1 sym_fat_gemm_scatter=1 cap=12.1 cap_ok=1 tp_rank=1 tp_size=4 prefill_layer_calls=3402 thin_calls=109 row_tile_calls=0 fallback_calls=kernel=0,batched=0,sorted=0,legacy=3292 fallback_reasons=legacy_default=3292,thin_only=109 fat_expert_runs=81872 direct_calls=0 scatter_calls=0 fat_layers=3293 fat_expert_slots=81889 max_rows=2048 fused_temps_allocs=1 fused_temps_bytes=14155776 fat_scratch_allocs=0 fat_scratch_bytes=0 fat_scratch_peak_bytes=0
(Worker_TP1 pid=1239) INFO 09-03 10:57:27 [exl3.py:451] exl3 fat-expert P0: layers=3444 fat_layers=3335 (96.8%) fat_expert_slots=82946 max_rows=2048 avg_max_rows=1394.1 hist_le128=109 hist_gt128=3335 hist=[0, 7, 21, 81, 16, 275, 384, 2660, 0]
(Worker_TP1 pid=1239) INFO 09-03 10:57:27 [exl3.py:464] exl3 e2 diag schema=1 configured_tier=legacy effective_tier=legacy tier_reason=none_requested shared_suh=1 shared_suh_layers=42/42 sym_exl3_moe=1 sym_fat_gemm=1 sym_fat_gemm_scatter=1 cap=12.1 cap_ok=1 tp_rank=1 tp_size=4 prefill_layer_calls=3444 thin_calls=109 row_tile_calls=0 fallback_calls=kernel=0,batched=0,sorted=0,legacy=3334 fallback_reasons=legacy_default=3334,thin_only=109 fat_expert_runs=82928 direct_calls=0 scatter_calls=0 fat_layers=3335 fat_expert_slots=82946 max_rows=2048 fused_temps_allocs=1 fused_temps_bytes=14155776 fat_scratch_allocs=0 fat_scratch_bytes=0 fat_scratch_peak_bytes=0
(Worker_TP1 pid=1239) INFO 09-03 10:57:29 [exl3.py:451] exl3 fat-expert P0: layers=3486 fat_layers=3377 (96.9%) fat_expert_slots=83992 max_rows=2048 avg_max_rows=1394.9 hist_le128=109 hist_gt128=3377 hist=[0, 7, 21, 81, 16, 279, 388, 2694, 0]
(Worker_TP1 pid=1239) INFO 09-03 10:57:29 [exl3.py:464] exl3 e2 diag schema=1 configured_tier=legacy effective_tier=legacy tier_reason=none_requested shared_suh=1 shared_suh_layers=42/42 sym_exl3_moe=1 sym_fat_gemm=1 sym_fat_gemm_scatter=1 cap=12.1 cap_ok=1 tp_rank=1 tp_size=4 prefill_layer_calls=3486 thin_calls=109 row_tile_calls=0 fallback_calls=kernel=0,batched=0,sorted=0,legacy=3376 fallback_reasons=legacy_default=3376,thin_only=109 fat_expert_runs=83975 direct_calls=0 scatter_calls=0 fat_layers=3377 fat_expert_slots=83992 max_rows=2048 fused_temps_allocs=1 fused_temps_bytes=14155776 fat_scratch_allocs=0 fat_scratch_bytes=0 fat_scratch_peak_bytes=0
(Worker_TP1 pid=1239) INFO 09-03 10:57:30 [exl3.py:451] exl3 fat-expert P0: layers=3528 fat_layers=3419 (96.9%) fat_expert_slots=85052 max_rows=2048 avg_max_rows=1395.6 hist_le128=109 hist_gt128=3419 hist=[0, 7, 21, 81, 16, 282, 394, 2727, 0]
(Worker_TP1 pid=1239) INFO 09-03 10:57:30 [exl3.py:464] exl3 e2 diag schema=1 configured_tier=legacy effective_tier=legacy tier_reason=none_requested shared_suh=1 shared_suh_layers=42/42 sym_exl3_moe=1 sym_fat_gemm=1 sym_fat_gemm_scatter=1 cap=12.1 cap_ok=1 tp_rank=1 tp_size=4 prefill_layer_calls=3528 thin_calls=109 row_tile_calls=0 fallback_calls=kernel=0,batched=0,sorted=0,legacy=3418 fallback_reasons=legacy_default=3418,thin_only=109 fat_expert_runs=85032 direct_calls=0 scatter_calls=0 fat_layers=3419 fat_expert_slots=85052 max_rows=2048 fused_temps_allocs=1 fused_temps_bytes=14155776 fat_scratch_allocs=0 fat_scratch_bytes=0 fat_scratch_peak_bytes=0
(Worker_TP1 pid=1239) INFO 09-03 10:57:31 [exl3.py:451] exl3 fat-expert P0: layers=3570 fat_layers=3452 (96.7%) fat_expert_slots=85210 max_rows=2048 avg_max_rows=1381.5 hist_le128=118 hist_gt128=3452 hist=[0, 7, 24, 87, 49, 282, 394, 2727, 0]
(Worker_TP1 pid=1239) INFO 09-03 10:57:31 [exl3.py:464] exl3 e2 diag schema=1 configured_tier=legacy effective_tier=legacy tier_reason=none_requested shared_suh=1 shared_suh_layers=42/42 sym_exl3_moe=1 sym_fat_gemm=1 sym_fat_gemm_scatter=1 cap=12.1 cap_ok=1 tp_rank=1 tp_size=4 prefill_layer_calls=3570 thin_calls=118 row_tile_calls=0 fallback_calls=kernel=0,batched=0,sorted=0,legacy=3451 fallback_reasons=legacy_default=3451,thin_only=118 fat_expert_runs=85203 direct_calls=0 scatter_calls=0 fat_layers=3452 fat_expert_slots=85210 max_rows=2048 fused_temps_allocs=1 fused_temps_bytes=14155776 fat_scratch_allocs=0 fat_scratch_bytes=0 fat_scratch_peak_bytes=0
(Worker_TP1 pid=1239) INFO 09-03 10:59:05 [exl3.py:451] exl3 fat-expert P0: layers=3612 fat_layers=3494 (96.7%) fat_expert_slots=86293 max_rows=2048 avg_max_rows=1381.8 hist_le128=118 hist_gt128=3494 hist=[0, 7, 24, 87, 49, 285, 399, 2761, 0]
(Worker_TP1 pid=1239) INFO 09-03 10:59:05 [exl3.py:464] exl3 e2 diag schema=1 configured_tier=legacy effective_tier=legacy tier_reason=none_requested shared_suh=1 shared_suh_layers=42/42 sym_exl3_moe=1 sym_fat_gemm=1 sym_fat_gemm_scatter=1 cap=12.1 cap_ok=1 tp_rank=1 tp_size=4 prefill_layer_calls=3612 thin_calls=118 row_tile_calls=0 fallback_calls=kernel=0,batched=0,sorted=0,legacy=3493 fallback_reasons=legacy_default=3493,thin_only=118 fat_expert_runs=86270 direct_calls=0 scatter_calls=0 fat_layers=3494 fat_expert_slots=86293 max_rows=2048 fused_temps_allocs=1 fused_temps_bytes=14155776 fat_scratch_allocs=0 fat_scratch_bytes=0 fat_scratch_peak_bytes=0
(Worker_TP1 pid=1239) INFO 09-03 10:59:07 [exl3.py:451] exl3 fat-expert P0: layers=3654 fat_layers=3536 (96.8%) fat_expert_slots=87339 max_rows=2048 avg_max_rows=1382.9 hist_le128=118 hist_gt128=3536 hist=[0, 7, 24, 87, 49, 289, 403, 2795, 0]
(Worker_TP1 pid=1239) INFO 09-03 10:59:07 [exl3.py:464] exl3 e2 diag schema=1 configured_tier=legacy effective_tier=legacy tier_reason=none_requested shared_suh=1 shared_suh_layers=42/42 sym_exl3_moe=1 sym_fat_gemm=1 sym_fat_gemm_scatter=1 cap=12.1 cap_ok=1 tp_rank=1 tp_size=4 prefill_layer_calls=3654 thin_calls=118 row_tile_calls=0 fallback_calls=kernel=0,batched=0,sorted=0,legacy=3535 fallback_reasons=legacy_default=3535,thin_only=118 fat_expert_runs=87317 direct_calls=0 scatter_calls=0 fat_layers=3536 fat_expert_slots=87339 max_rows=2048 fused_temps_allocs=1 fused_temps_bytes=14155776 fat_scratch_allocs=0 fat_scratch_bytes=0 fat_scratch_peak_bytes=0
(Worker_TP1 pid=1239) INFO 09-03 10:59:09 [exl3.py:451] exl3 fat-expert P0: layers=3696 fat_layers=3578 (96.8%) fat_expert_slots=88368 max_rows=2048 avg_max_rows=1384.0 hist_le128=118 hist_gt128=3578 hist=[0, 7, 24, 87, 49, 293, 407, 2829, 0]
(Worker_TP1 pid=1239) INFO 09-03 10:59:09 [exl3.py:464] exl3 e2 diag schema=1 configured_tier=legacy effective_tier=legacy tier_reason=none_requested shared_suh=1 shared_suh_layers=42/42 sym_exl3_moe=1 sym_fat_gemm=1 sym_fat_gemm_scatter=1 cap=12.1 cap_ok=1 tp_rank=1 tp_size=4 prefill_layer_calls=3696 thin_calls=118 row_tile_calls=0 fallback_calls=kernel=0,batched=0,sorted=0,legacy=3577 fallback_reasons=legacy_default=3577,thin_only=118 fat_expert_runs=88346 direct_calls=0 scatter_calls=0 fat_layers=3578 fat_expert_slots=88368 max_rows=2048 fused_temps_allocs=1 fused_temps_bytes=14155776 fat_scratch_allocs=0 fat_scratch_bytes=0 fat_scratch_peak_bytes=0
(Worker_TP1 pid=1239) INFO 09-03 10:59:11 [exl3.py:451] exl3 fat-expert P0: layers=3738 fat_layers=3620 (96.8%) fat_expert_slots=89422 max_rows=2048 avg_max_rows=1385.2 hist_le128=118 hist_gt128=3620 hist=[0, 7, 24, 87, 49, 296, 413, 2862, 0]
(Worker_TP1 pid=1239) INFO 09-03 10:59:11 [exl3.py:464] exl3 e2 diag schema=1 configured_tier=legacy effective_tier=legacy tier_reason=none_requested shared_suh=1 shared_suh_layers=42/42 sym_exl3_moe=1 sym_fat_gemm=1 sym_fat_gemm_scatter=1 cap=12.1 cap_ok=1 tp_rank=1 tp_size=4 prefill_layer_calls=3738 thin_calls=118 row_tile_calls=0 fallback_calls=kernel=0,batched=0,sorted=0,legacy=3619 fallback_reasons=legacy_default=3619,thin_only=118 fat_expert_runs=89401 direct_calls=0 scatter_calls=0 fat_layers=3620 fat_expert_slots=89422 max_rows=2048 fused_temps_allocs=1 fused_temps_bytes=14155776 fat_scratch_allocs=0 fat_scratch_bytes=0 fat_scratch_peak_bytes=0
(Worker_TP1 pid=1239) INFO 09-03 10:59:12 [exl3.py:451] exl3 fat-expert P0: layers=3780 fat_layers=3662 (96.9%) fat_expert_slots=90474 max_rows=2048 avg_max_rows=1386.0 hist_le128=118 hist_gt128=3662 hist=[0, 7, 24, 87, 49, 300, 419, 2894, 0]
(Worker_TP1 pid=1239) INFO 09-03 10:59:12 [exl3.py:464] exl3 e2 diag schema=1 configured_tier=legacy effective_tier=legacy tier_reason=none_requested shared_suh=1 shared_suh_layers=42/42 sym_exl3_moe=1 sym_fat_gemm=1 sym_fat_gemm_scatter=1 cap=12.1 cap_ok=1 tp_rank=1 tp_size=4 prefill_layer_calls=3780 thin_calls=118 row_tile_calls=0 fallback_calls=kernel=0,batched=0,sorted=0,legacy=3661 fallback_reasons=legacy_default=3661,thin_only=118 fat_expert_runs=90453 direct_calls=0 scatter_calls=0 fat_layers=3662 fat_expert_slots=90474 max_rows=2048 fused_temps_allocs=1 fused_temps_bytes=14155776 fat_scratch_allocs=0 fat_scratch_bytes=0 fat_scratch_peak_bytes=0
(Worker_TP1 pid=1239) INFO 09-03 10:59:14 [exl3.py:451] exl3 fat-expert P0: layers=3822 fat_layers=3704 (96.9%) fat_expert_slots=91534 max_rows=2048 avg_max_rows=1387.1 hist_le128=118 hist_gt128=3704 hist=[0, 7, 24, 87, 49, 304, 422, 2929, 0]
(Worker_TP1 pid=1239) INFO 09-03 10:59:14 [exl3.py:464] exl3 e2 diag schema=1 configured_tier=legacy effective_tier=legacy tier_reason=none_requested shared_suh=1 shared_suh_layers=42/42 sym_exl3_moe=1 sym_fat_gemm=1 sym_fat_gemm_scatter=1 cap=12.1 cap_ok=1 tp_rank=1 tp_size=4 prefill_layer_calls=3822 thin_calls=118 row_tile_calls=0 fallback_calls=kernel=0,batched=0,sorted=0,legacy=3703 fallback_reasons=legacy_default=3703,thin_only=118 fat_expert_runs=91514 direct_calls=0 scatter_calls=0 fat_layers=3704 fat_expert_slots=91534 max_rows=2048 fused_temps_allocs=1 fused_temps_bytes=14155776 fat_scratch_allocs=0 fat_scratch_bytes=0 fat_scratch_peak_bytes=0
(Worker_TP1 pid=1239) INFO 09-03 10:59:16 [exl3.py:451] exl3 fat-expert P0: layers=3864 fat_layers=3746 (96.9%) fat_expert_slots=92587 max_rows=2048 avg_max_rows=1388.3 hist_le128=118 hist_gt128=3746 hist=[0, 7, 24, 87, 49, 307, 427, 2963, 0]
(Worker_TP1 pid=1239) INFO 09-03 10:59:16 [exl3.py:464] exl3 e2 diag schema=1 configured_tier=legacy effective_tier=legacy tier_reason=none_requested shared_suh=1 shared_suh_layers=42/42 sym_exl3_moe=1 sym_fat_gemm=1 sym_fat_gemm_scatter=1 cap=12.1 cap_ok=1 tp_rank=1 tp_size=4 prefill_layer_calls=3864 thin_calls=118 row_tile_calls=0 fallback_calls=kernel=0,batched=0,sorted=0,legacy=3745 fallback_reasons=legacy_default=3745,thin_only=118 fat_expert_runs=92566 direct_calls=0 scatter_calls=0 fat_layers=3746 fat_expert_slots=92587 max_rows=2048 fused_temps_allocs=1 fused_temps_bytes=14155776 fat_scratch_allocs=0 fat_scratch_bytes=0 fat_scratch_peak_bytes=0
(Worker_TP1 pid=1239) INFO 09-03 10:59:17 [exl3.py:451] exl3 fat-expert P0: layers=3906 fat_layers=3788 (97.0%) fat_expert_slots=93648 max_rows=2048 avg_max_rows=1389.4 hist_le128=118 hist_gt128=3788 hist=[0, 7, 24, 87, 49, 310, 432, 2997, 0]
(Worker_TP1 pid=1239) INFO 09-03 10:59:17 [exl3.py:464] exl3 e2 diag schema=1 configured_tier=legacy effective_tier=legacy tier_reason=none_requested shared_suh=1 shared_suh_layers=42/42 sym_exl3_moe=1 sym_fat_gemm=1 sym_fat_gemm_scatter=1 cap=12.1 cap_ok=1 tp_rank=1 tp_size=4 prefill_layer_calls=3906 thin_calls=118 row_tile_calls=0 fallback_calls=kernel=0,batched=0,sorted=0,legacy=3787 fallback_reasons=legacy_default=3787,thin_only=118 fat_expert_runs=93627 direct_calls=0 scatter_calls=0 fat_layers=3788 fat_expert_slots=93648 max_rows=2048 fused_temps_allocs=1 fused_temps_bytes=14155776 fat_scratch_allocs=0 fat_scratch_bytes=0 fat_scratch_peak_bytes=0
(Worker_TP1 pid=1239) INFO 09-03 10:59:19 [exl3.py:451] exl3 fat-expert P0: layers=3948 fat_layers=3830 (97.0%) fat_expert_slots=94679 max_rows=2048 avg_max_rows=1390.5 hist_le128=118 hist_gt128=3830 hist=[0, 7, 24, 87, 49, 314, 436, 3031, 0]
(Worker_TP1 pid=1239) INFO 09-03 10:59:19 [exl3.py:464] exl3 e2 diag schema=1 configured_tier=legacy effective_tier=legacy tier_reason=none_requested shared_suh=1 shared_suh_layers=42/42 sym_exl3_moe=1 sym_fat_gemm=1 sym_fat_gemm_scatter=1 cap=12.1 cap_ok=1 tp_rank=1 tp_size=4 prefill_layer_calls=3948 thin_calls=118 row_tile_calls=0 fallback_calls=kernel=0,batched=0,sorted=0,legacy=3829 fallback_reasons=legacy_default=3829,thin_only=118 fat_expert_runs=94661 direct_calls=0 scatter_calls=0 fat_layers=3830 fat_expert_slots=94679 max_rows=2048 fused_temps_allocs=1 fused_temps_bytes=14155776 fat_scratch_allocs=0 fat_scratch_bytes=0 fat_scratch_peak_bytes=0
(Worker_TP1 pid=1239) INFO 09-03 10:59:21 [exl3.py:451] exl3 fat-expert P0: layers=3990 fat_layers=3872 (97.0%) fat_expert_slots=95736 max_rows=2048 avg_max_rows=1391.4 hist_le128=118 hist_gt128=3872 hist=[0, 7, 24, 87, 49, 317, 440, 3066, 0]
(Worker_TP1 pid=1239) INFO 09-03 10:59:21 [exl3.py:464] exl3 e2 diag schema=1 configured_tier=legacy effective_tier=legacy tier_reason=none_requested shared_suh=1 shared_suh_layers=42/42 sym_exl3_moe=1 sym_fat_gemm=1 sym_fat_gemm_scatter=1 cap=12.1 cap_ok=1 tp_rank=1 tp_size=4 prefill_layer_calls=3990 thin_calls=118 row_tile_calls=0 fallback_calls=kernel=0,batched=0,sorted=0,legacy=3871 fallback_reasons=legacy_default=3871,thin_only=118 fat_expert_runs=95719 direct_calls=0 scatter_calls=0 fat_layers=3872 fat_expert_slots=95736 max_rows=2048 fused_temps_allocs=1 fused_temps_bytes=14155776 fat_scratch_allocs=0 fat_scratch_bytes=0 fat_scratch_peak_bytes=0
(Worker_TP1 pid=1239) INFO 09-03 10:59:23 [exl3.py:451] exl3 fat-expert P0: layers=4032 fat_layers=3914 (97.1%) fat_expert_slots=96790 max_rows=2048 avg_max_rows=1392.1 hist_le128=118 hist_gt128=3914 hist=[0, 7, 24, 87, 49, 320, 445, 3100, 0]
(Worker_TP1 pid=1239) INFO 09-03 10:59:23 [exl3.py:464] exl3 e2 diag schema=1 configured_tier=legacy effective_tier=legacy tier_reason=none_requested shared_suh=1 shared_suh_layers=42/42 sym_exl3_moe=1 sym_fat_gemm=1 sym_fat_gemm_scatter=1 cap=12.1 cap_ok=1 tp_rank=1 tp_size=4 prefill_layer_calls=4032 thin_calls=118 row_tile_calls=0 fallback_calls=kernel=0,batched=0,sorted=0,legacy=3913 fallback_reasons=legacy_default=3913,thin_only=118 fat_expert_runs=96770 direct_calls=0 scatter_calls=0 fat_layers=3914 fat_expert_slots=96790 max_rows=2048 fused_temps_allocs=1 fused_temps_bytes=14155776 fat_scratch_allocs=0 fat_scratch_bytes=0 fat_scratch_peak_bytes=0
(Worker_TP1 pid=1239) INFO 09-03 10:59:24 [exl3.py:451] exl3 fat-expert P0: layers=4074 fat_layers=3956 (97.1%) fat_expert_slots=97851 max_rows=2048 avg_max_rows=1392.7 hist_le128=118 hist_gt128=3956 hist=[0, 7, 24, 87, 49, 323, 451, 3133, 0]
(Worker_TP1 pid=1239) INFO 09-03 10:59:24 [exl3.py:464] exl3 e2 diag schema=1 configured_tier=legacy effective_tier=legacy tier_reason=none_requested shared_suh=1 shared_suh_layers=42/42 sym_exl3_moe=1 sym_fat_gemm=1 sym_fat_gemm_scatter=1 cap=12.1 cap_ok=1 tp_rank=1 tp_size=4 prefill_layer_calls=4074 thin_calls=118 row_tile_calls=0 fallback_calls=kernel=0,batched=0,sorted=0,legacy=3955 fallback_reasons=legacy_default=3955,thin_only=118 fat_expert_runs=97833 direct_calls=0 scatter_calls=0 fat_layers=3956 fat_expert_slots=97851 max_rows=2048 fused_temps_allocs=1 fused_temps_bytes=14155776 fat_scratch_allocs=0 fat_scratch_bytes=0 fat_scratch_peak_bytes=0
(Worker_TP1 pid=1239) INFO 09-03 10:59:25 [exl3.py:451] exl3 fat-expert P0: layers=4116 fat_layers=3956 (96.1%) fat_expert_slots=97851 max_rows=2048 avg_max_rows=1379.4 hist_le128=160 hist_gt128=3956 hist=[0, 11, 27, 122, 49, 323, 451, 3133, 0]
(Worker_TP1 pid=1239) INFO 09-03 10:59:25 [exl3.py:464] exl3 e2 diag schema=1 configured_tier=legacy effective_tier=legacy tier_reason=none_requested shared_suh=1 shared_suh_layers=42/42 sym_exl3_moe=1 sym_fat_gemm=1 sym_fat_gemm_scatter=1 cap=12.1 cap_ok=1 tp_rank=1 tp_size=4 prefill_layer_calls=4116 thin_calls=159 row_tile_calls=0 fallback_calls=kernel=0,batched=0,sorted=0,legacy=3956 fallback_reasons=legacy_default=3956,thin_only=159 fat_expert_runs=97851 direct_calls=0 scatter_calls=0 fat_layers=3956 fat_expert_slots=97851 max_rows=2048 fused_temps_allocs=1 fused_temps_bytes=14155776 fat_scratch_allocs=0 fat_scratch_bytes=0 fat_scratch_peak_bytes=0
(Worker_TP1 pid=1239) INFO 09-03 10:59:35 [exl3.py:451] exl3 fat-expert P0: layers=4158 fat_layers=3998 (96.2%) fat_expert_slots=98933 max_rows=2048 avg_max_rows=1379.6 hist_le128=160 hist_gt128=3998 hist=[0, 11, 27, 122, 49, 326, 456, 3167, 0]
(Worker_TP1 pid=1239) INFO 09-03 10:59:35 [exl3.py:464] exl3 e2 diag schema=1 configured_tier=legacy effective_tier=legacy tier_reason=none_requested shared_suh=1 shared_suh_layers=42/42 sym_exl3_moe=1 sym_fat_gemm=1 sym_fat_gemm_scatter=1 cap=12.1 cap_ok=1 tp_rank=1 tp_size=4 prefill_layer_calls=4158 thin_calls=160 row_tile_calls=0 fallback_calls=kernel=0,batched=0,sorted=0,legacy=3997 fallback_reasons=legacy_default=3997,thin_only=160 fat_expert_runs=98909 direct_calls=0 scatter_calls=0 fat_layers=3998 fat_expert_slots=98933 max_rows=2048 fused_temps_allocs=1 fused_temps_bytes=14155776 fat_scratch_allocs=0 fat_scratch_bytes=0 fat_scratch_peak_bytes=0
(Worker_TP1 pid=1239) INFO 09-03 10:59:36 [exl3.py:451] exl3 fat-expert P0: layers=4200 fat_layers=4040 (96.2%) fat_expert_slots=99993 max_rows=2048 avg_max_rows=1380.3 hist_le128=160 hist_gt128=4040 hist=[0, 11, 27, 122, 49, 330, 460, 3201, 0]
(Worker_TP1 pid=1239) INFO 09-03 10:59:36 [exl3.py:464] exl3 e2 diag schema=1 configured_tier=legacy effective_tier=legacy tier_reason=none_requested shared_suh=1 shared_suh_layers=42/42 sym_exl3_moe=1 sym_fat_gemm=1 sym_fat_gemm_scatter=1 cap=12.1 cap_ok=1 tp_rank=1 tp_size=4 prefill_layer_calls=4200 thin_calls=160 row_tile_calls=0 fallback_calls=kernel=0,batched=0,sorted=0,legacy=4039 fallback_reasons=legacy_default=4039,thin_only=160 fat_expert_runs=99971 direct_calls=0 scatter_calls=0 fat_layers=4040 fat_expert_slots=99993 max_rows=2048 fused_temps_allocs=1 fused_temps_bytes=14155776 fat_scratch_allocs=0 fat_scratch_bytes=0 fat_scratch_peak_bytes=0
(Worker_TP1 pid=1239) INFO 09-03 10:59:38 [exl3.py:451] exl3 fat-expert P0: layers=4242 fat_layers=4082 (96.2%) fat_expert_slots=101053 max_rows=2048 avg_max_rows=1381.1 hist_le128=160 hist_gt128=4082 hist=[0, 11, 27, 122, 49, 334, 464, 3235, 0]
(Worker_TP1 pid=1239) INFO 09-03 10:59:38 [exl3.py:464] exl3 e2 diag schema=1 configured_tier=legacy effective_tier=legacy tier_reason=none_requested shared_suh=1 shared_suh_layers=42/42 sym_exl3_moe=1 sym_fat_gemm=1 sym_fat_gemm_scatter=1 cap=12.1 cap_ok=1 tp_rank=1 tp_size=4 prefill_layer_calls=4242 thin_calls=160 row_tile_calls=0 fallback_calls=kernel=0,batched=0,sorted=0,legacy=4081 fallback_reasons=legacy_default=4081,thin_only=160 fat_expert_runs=101031 direct_calls=0 scatter_calls=0 fat_layers=4082 fat_expert_slots=101053 max_rows=2048 fused_temps_allocs=1 fused_temps_bytes=14155776 fat_scratch_allocs=0 fat_scratch_bytes=0 fat_scratch_peak_bytes=0
(Worker_TP1 pid=1239) INFO 09-03 10:59:40 [exl3.py:451] exl3 fat-expert P0: layers=4284 fat_layers=4124 (96.3%) fat_expert_slots=102130 max_rows=2048 avg_max_rows=1382.0 hist_le128=160 hist_gt128=4124 hist=[0, 11, 27, 122, 49, 337, 469, 3269, 0]
(Worker_TP1 pid=1239) INFO 09-03 10:59:40 [exl3.py:464] exl3 e2 diag schema=1 configured_tier=legacy effective_tier=legacy tier_reason=none_requested shared_suh=1 shared_suh_layers=42/42 sym_exl3_moe=1 sym_fat_gemm=1 sym_fat_gemm_scatter=1 cap=12.1 cap_ok=1 tp_rank=1 tp_size=4 prefill_layer_calls=4284 thin_calls=160 row_tile_calls=0 fallback_calls=kernel=0,batched=0,sorted=0,legacy=4123 fallback_reasons=legacy_default=4123,thin_only=160 fat_expert_runs=102108 direct_calls=0 scatter_calls=0 fat_layers=4124 fat_expert_slots=102130 max_rows=2048 fused_temps_allocs=1 fused_temps_bytes=14155776 fat_scratch_allocs=0 fat_scratch_bytes=0 fat_scratch_peak_bytes=0
(Worker_TP1 pid=1239) INFO 09-03 10:59:42 [exl3.py:451] exl3 fat-expert P0: layers=4326 fat_layers=4166 (96.3%) fat_expert_slots=103202 max_rows=2048 avg_max_rows=1382.7 hist_le128=160 hist_gt128=4166 hist=[0, 11, 27, 122, 49, 341, 472, 3304, 0]
(Worker_TP1 pid=1239) INFO 09-03 10:59:42 [exl3.py:464] exl3 e2 diag schema=1 configured_tier=legacy effective_tier=legacy tier_reason=none_requested shared_suh=1 shared_suh_layers=42/42 sym_exl3_moe=1 sym_fat_gemm=1 sym_fat_gemm_scatter=1 cap=12.1 cap_ok=1 tp_rank=1 tp_size=4 prefill_layer_calls=4326 thin_calls=160 row_tile_calls=0 fallback_calls=kernel=0,batched=0,sorted=0,legacy=4165 fallback_reasons=legacy_default=4165,thin_only=160 fat_expert_runs=103180 direct_calls=0 scatter_calls=0 fat_layers=4166 fat_expert_slots=103202 max_rows=2048 fused_temps_allocs=1 fused_temps_bytes=14155776 fat_scratch_allocs=0 fat_scratch_bytes=0 fat_scratch_peak_bytes=0
(Worker_TP1 pid=1239) INFO 09-03 10:59:43 [exl3.py:451] exl3 fat-expert P0: layers=4368 fat_layers=4208 (96.3%) fat_expert_slots=104266 max_rows=2048 avg_max_rows=1383.6 hist_le128=160 hist_gt128=4208 hist=[0, 11, 27, 122, 49, 345, 475, 3339, 0]
(Worker_TP1 pid=1239) INFO 09-03 10:59:43 [exl3.py:464] exl3 e2 diag schema=1 configured_tier=legacy effective_tier=legacy tier_reason=none_requested shared_suh=1 shared_suh_layers=42/42 sym_exl3_moe=1 sym_fat_gemm=1 sym_fat_gemm_scatter=1 cap=12.1 cap_ok=1 tp_rank=1 tp_size=4 prefill_layer_calls=4368 thin_calls=160 row_tile_calls=0 fallback_calls=kernel=0,batched=0,sorted=0,legacy=4207 fallback_reasons=legacy_default=4207,thin_only=160 fat_expert_runs=104244 direct_calls=0 scatter_calls=0 fat_layers=4208 fat_expert_slots=104266 max_rows=2048 fused_temps_allocs=1 fused_temps_bytes=14155776 fat_scratch_allocs=0 fat_scratch_bytes=0 fat_scratch_peak_bytes=0
(Worker_TP1 pid=1239) INFO 09-03 10:59:45 [exl3.py:451] exl3 fat-expert P0: layers=4410 fat_layers=4250 (96.4%) fat_expert_slots=105312 max_rows=2048 avg_max_rows=1384.7 hist_le128=160 hist_gt128=4250 hist=[0, 11, 27, 122, 49, 349, 478, 3374, 0]
(Worker_TP1 pid=1239) INFO 09-03 10:59:45 [exl3.py:464] exl3 e2 diag schema=1 configured_tier=legacy effective_tier=legacy tier_reason=none_requested shared_suh=1 shared_suh_layers=42/42 sym_exl3_moe=1 sym_fat_gemm=1 sym_fat_gemm_scatter=1 cap=12.1 cap_ok=1 tp_rank=1 tp_size=4 prefill_layer_calls=4410 thin_calls=160 row_tile_calls=0 fallback_calls=kernel=0,batched=0,sorted=0,legacy=4249 fallback_reasons=legacy_default=4249,thin_only=160 fat_expert_runs=105290 direct_calls=0 scatter_calls=0 fat_layers=4250 fat_expert_slots=105312 max_rows=2048 fused_temps_allocs=1 fused_temps_bytes=14155776 fat_scratch_allocs=0 fat_scratch_bytes=0 fat_scratch_peak_bytes=0
(Worker_TP1 pid=1239) INFO 09-03 10:59:47 [exl3.py:451] exl3 fat-expert P0: layers=4452 fat_layers=4292 (96.4%) fat_expert_slots=106358 max_rows=2048 avg_max_rows=1385.6 hist_le128=160 hist_gt128=4292 hist=[0, 11, 27, 122, 49, 352, 483, 3408, 0]
(Worker_TP1 pid=1239) INFO 09-03 10:59:47 [exl3.py:464] exl3 e2 diag schema=1 configured_tier=legacy effective_tier=legacy tier_reason=none_requested shared_suh=1 shared_suh_layers=42/42 sym_exl3_moe=1 sym_fat_gemm=1 sym_fat_gemm_scatter=1 cap=12.1 cap_ok=1 tp_rank=1 tp_size=4 prefill_layer_calls=4452 thin_calls=160 row_tile_calls=0 fallback_calls=kernel=0,batched=0,sorted=0,legacy=4291 fallback_reasons=legacy_default=4291,thin_only=160 fat_expert_runs=106337 direct_calls=0 scatter_calls=0 fat_layers=4292 fat_expert_slots=106358 max_rows=2048 fused_temps_allocs=1 fused_temps_bytes=14155776 fat_scratch_allocs=0 fat_scratch_bytes=0 fat_scratch_peak_bytes=0
(Worker_TP1 pid=1239) INFO 09-03 10:59:49 [exl3.py:451] exl3 fat-expert P0: layers=4494 fat_layers=4334 (96.4%) fat_expert_slots=107420 max_rows=2048 avg_max_rows=1386.4 hist_le128=160 hist_gt128=4334 hist=[0, 11, 27, 122, 49, 355, 489, 3441, 0]
(Worker_TP1 pid=1239) INFO 09-03 10:59:49 [exl3.py:464] exl3 e2 diag schema=1 configured_tier=legacy effective_tier=legacy tier_reason=none_requested shared_suh=1 shared_suh_layers=42/42 sym_exl3_moe=1 sym_fat_gemm=1 sym_fat_gemm_scatter=1 cap=12.1 cap_ok=1 tp_rank=1 tp_size=4 prefill_layer_calls=4494 thin_calls=160 row_tile_calls=0 fallback_calls=kernel=0,batched=0,sorted=0,legacy=4333 fallback_reasons=legacy_default=4333,thin_only=160 fat_expert_runs=107402 direct_calls=0 scatter_calls=0 fat_layers=4334 fat_expert_slots=107420 max_rows=2048 fused_temps_allocs=1 fused_temps_bytes=14155776 fat_scratch_allocs=0 fat_scratch_bytes=0 fat_scratch_peak_bytes=0
(Worker_TP1 pid=1239) INFO 09-03 10:59:50 [exl3.py:451] exl3 fat-expert P0: layers=4536 fat_layers=4376 (96.5%) fat_expert_slots=108458 max_rows=2048 avg_max_rows=1387.2 hist_le128=160 hist_gt128=4376 hist=[0, 11, 27, 122, 49, 359, 494, 3474, 0]
(Worker_TP1 pid=1239) INFO 09-03 10:59:50 [exl3.py:464] exl3 e2 diag schema=1 configured_tier=legacy effective_tier=legacy tier_reason=none_requested shared_suh=1 shared_suh_layers=42/42 sym_exl3_moe=1 sym_fat_gemm=1 sym_fat_gemm_scatter=1 cap=12.1 cap_ok=1 tp_rank=1 tp_size=4 prefill_layer_calls=4536 thin_calls=160 row_tile_calls=0 fallback_calls=kernel=0,batched=0,sorted=0,legacy=4375 fallback_reasons=legacy_default=4375,thin_only=160 fat_expert_runs=108440 direct_calls=0 scatter_calls=0 fat_layers=4376 fat_expert_slots=108458 max_rows=2048 fused_temps_allocs=1 fused_temps_bytes=14155776 fat_scratch_allocs=0 fat_scratch_bytes=0 fat_scratch_peak_bytes=0
(Worker_TP1 pid=1239) INFO 09-03 10:59:52 [exl3.py:451] exl3 fat-expert P0: layers=4578 fat_layers=4418 (96.5%) fat_expert_slots=109496 max_rows=2048 avg_max_rows=1387.9 hist_le128=160 hist_gt128=4418 hist=[0, 11, 27, 122, 49, 362, 500, 3507, 0]
(Worker_TP1 pid=1239) INFO 09-03 10:59:52 [exl3.py:464] exl3 e2 diag schema=1 configured_tier=legacy effective_tier=legacy tier_reason=none_requested shared_suh=1 shared_suh_layers=42/42 sym_exl3_moe=1 sym_fat_gemm=1 sym_fat_gemm_scatter=1 cap=12.1 cap_ok=1 tp_rank=1 tp_size=4 prefill_layer_calls=4578 thin_calls=160 row_tile_calls=0 fallback_calls=kernel=0,batched=0,sorted=0,legacy=4417 fallback_reasons=legacy_default=4417,thin_only=160 fat_expert_runs=109476 direct_calls=0 scatter_calls=0 fat_layers=4418 fat_expert_slots=109496 max_rows=2048 fused_temps_allocs=1 fused_temps_bytes=14155776 fat_scratch_allocs=0 fat_scratch_bytes=0 fat_scratch_peak_bytes=0
(Worker_TP1 pid=1239) INFO 09-03 10:59:54 [exl3.py:451] exl3 fat-expert P0: layers=4620 fat_layers=4460 (96.5%) fat_expert_slots=110537 max_rows=2048 avg_max_rows=1388.6 hist_le128=160 hist_gt128=4460 hist=[0, 11, 27, 122, 49, 365, 506, 3540, 0]
(Worker_TP1 pid=1239) INFO 09-03 10:59:54 [exl3.py:464] exl3 e2 diag schema=1 configured_tier=legacy effective_tier=legacy tier_reason=none_requested shared_suh=1 shared_suh_layers=42/42 sym_exl3_moe=1 sym_fat_gemm=1 sym_fat_gemm_scatter=1 cap=12.1 cap_ok=1 tp_rank=1 tp_size=4 prefill_layer_calls=4620 thin_calls=160 row_tile_calls=0 fallback_calls=kernel=0,batched=0,sorted=0,legacy=4459 fallback_reasons=legacy_default=4459,thin_only=160 fat_expert_runs=110519 direct_calls=0 scatter_calls=0 fat_layers=4460 fat_expert_slots=110537 max_rows=2048 fused_temps_allocs=1 fused_temps_bytes=14155776 fat_scratch_allocs=0 fat_scratch_bytes=0 fat_scratch_peak_bytes=0
(Worker_TP1 pid=1239) INFO 09-03 10:59:55 [exl3.py:451] exl3 fat-expert P0: layers=4662 fat_layers=4502 (96.6%) fat_expert_slots=111641 max_rows=2048 avg_max_rows=1388.4 hist_le128=160 hist_gt128=4502 hist=[0, 11, 27, 122, 49, 368, 511, 3574, 0]
(Worker_TP1 pid=1239) INFO 09-03 10:59:55 [exl3.py:464] exl3 e2 diag schema=1 configured_tier=legacy effective_tier=legacy tier_reason=none_requested shared_suh=1 shared_suh_layers=42/42 sym_exl3_moe=1 sym_fat_gemm=1 sym_fat_gemm_scatter=1 cap=12.1 cap_ok=1 tp_rank=1 tp_size=4 prefill_layer_calls=4662 thin_calls=160 row_tile_calls=0 fallback_calls=kernel=0,batched=0,sorted=0,legacy=4501 fallback_reasons=legacy_default=4501,thin_only=160 fat_expert_runs=111619 direct_calls=0 scatter_calls=0 fat_layers=4502 fat_expert_slots=111641 max_rows=2048 fused_temps_allocs=1 fused_temps_bytes=14155776 fat_scratch_allocs=0 fat_scratch_bytes=0 fat_scratch_peak_bytes=0
(Worker_TP1 pid=1239) INFO 09-03 10:59:57 [exl3.py:451] exl3 fat-expert P0: layers=4704 fat_layers=4544 (96.6%) fat_expert_slots=112712 max_rows=2048 avg_max_rows=1388.8 hist_le128=160 hist_gt128=4544 hist=[0, 11, 27, 122, 49, 372, 514, 3609, 0]
(Worker_TP1 pid=1239) INFO 09-03 10:59:57 [exl3.py:464] exl3 e2 diag schema=1 configured_tier=legacy effective_tier=legacy tier_reason=none_requested shared_suh=1 shared_suh_layers=42/42 sym_exl3_moe=1 sym_fat_gemm=1 sym_fat_gemm_scatter=1 cap=12.1 cap_ok=1 tp_rank=1 tp_size=4 prefill_layer_calls=4704 thin_calls=160 row_tile_calls=0 fallback_calls=kernel=0,batched=0,sorted=0,legacy=4543 fallback_reasons=legacy_default=4543,thin_only=160 fat_expert_runs=112692 direct_calls=0 scatter_calls=0 fat_layers=4544 fat_expert_slots=112712 max_rows=2048 fused_temps_allocs=1 fused_temps_bytes=14155776 fat_scratch_allocs=0 fat_scratch_bytes=0 fat_scratch_peak_bytes=0
(Worker_TP1 pid=1239) INFO 09-03 10:59:59 [exl3.py:451] exl3 fat-expert P0: layers=4746 fat_layers=4586 (96.6%) fat_expert_slots=113762 max_rows=2048 avg_max_rows=1389.4 hist_le128=160 hist_gt128=4586 hist=[0, 11, 27, 122, 49, 376, 517, 3644, 0]
(Worker_TP1 pid=1239) INFO 09-03 10:59:59 [exl3.py:464] exl3 e2 diag schema=1 configured_tier=legacy effective_tier=legacy tier_reason=none_requested shared_suh=1 shared_suh_layers=42/42 sym_exl3_moe=1 sym_fat_gemm=1 sym_fat_gemm_scatter=1 cap=12.1 cap_ok=1 tp_rank=1 tp_size=4 prefill_layer_calls=4746 thin_calls=160 row_tile_calls=0 fallback_calls=kernel=0,batched=0,sorted=0,legacy=4585 fallback_reasons=legacy_default=4585,thin_only=160 fat_expert_runs=113739 direct_calls=0 scatter_calls=0 fat_layers=4586 fat_expert_slots=113762 max_rows=2048 fused_temps_allocs=1 fused_temps_bytes=14155776 fat_scratch_allocs=0 fat_scratch_bytes=0 fat_scratch_peak_bytes=0
(Worker_TP1 pid=1239) INFO 09-03 11:00:01 [exl3.py:451] exl3 fat-expert P0: layers=4788 fat_layers=4628 (96.7%) fat_expert_slots=114837 max_rows=2048 avg_max_rows=1390.1 hist_le128=160 hist_gt128=4628 hist=[0, 11, 27, 122, 49, 380, 520, 3679, 0]
(Worker_TP1 pid=1239) INFO 09-03 11:00:01 [exl3.py:464] exl3 e2 diag schema=1 configured_tier=legacy effective_tier=legacy tier_reason=none_requested shared_suh=1 shared_suh_layers=42/42 sym_exl3_moe=1 sym_fat_gemm=1 sym_fat_gemm_scatter=1 cap=12.1 cap_ok=1 tp_rank=1 tp_size=4 prefill_layer_calls=4788 thin_calls=160 row_tile_calls=0 fallback_calls=kernel=0,batched=0,sorted=0,legacy=4627 fallback_reasons=legacy_default=4627,thin_only=160 fat_expert_runs=114816 direct_calls=0 scatter_calls=0 fat_layers=4628 fat_expert_slots=114837 max_rows=2048 fused_temps_allocs=1 fused_temps_bytes=14155776 fat_scratch_allocs=0 fat_scratch_bytes=0 fat_scratch_peak_bytes=0
(Worker_TP1 pid=1239) INFO 09-03 11:00:02 [exl3.py:451] exl3 fat-expert P0: layers=4830 fat_layers=4670 (96.7%) fat_expert_slots=115903 max_rows=2048 avg_max_rows=1390.6 hist_le128=160 hist_gt128=4670 hist=[0, 11, 27, 122, 49, 384, 524, 3713, 0]
(Worker_TP1 pid=1239) INFO 09-03 11:00:02 [exl3.py:464] exl3 e2 diag schema=1 configured_tier=legacy effective_tier=legacy tier_reason=none_requested shared_suh=1 shared_suh_layers=42/42 sym_exl3_moe=1 sym_fat_gemm=1 sym_fat_gemm_scatter=1 cap=12.1 cap_ok=1 tp_rank=1 tp_size=4 prefill_layer_calls=4830 thin_calls=160 row_tile_calls=0 fallback_calls=kernel=0,batched=0,sorted=0,legacy=4669 fallback_reasons=legacy_default=4669,thin_only=160 fat_expert_runs=115882 direct_calls=0 scatter_calls=0 fat_layers=4670 fat_expert_slots=115903 max_rows=2048 fused_temps_allocs=1 fused_temps_bytes=14155776 fat_scratch_allocs=0 fat_scratch_bytes=0 fat_scratch_peak_bytes=0
(Worker_TP1 pid=1239) INFO 09-03 11:00:04 [exl3.py:451] exl3 fat-expert P0: layers=4872 fat_layers=4712 (96.7%) fat_expert_slots=116941 max_rows=2048 avg_max_rows=1391.3 hist_le128=160 hist_gt128=4712 hist=[0, 11, 27, 122, 49, 388, 527, 3748, 0]
(Worker_TP1 pid=1239) INFO 09-03 11:00:04 [exl3.py:464] exl3 e2 diag schema=1 configured_tier=legacy effective_tier=legacy tier_reason=none_requested shared_suh=1 shared_suh_layers=42/42 sym_exl3_moe=1 sym_fat_gemm=1 sym_fat_gemm_scatter=1 cap=12.1 cap_ok=1 tp_rank=1 tp_size=4 prefill_layer_calls=4872 thin_calls=160 row_tile_calls=0 fallback_calls=kernel=0,batched=0,sorted=0,legacy=4711 fallback_reasons=legacy_default=4711,thin_only=160 fat_expert_runs=116921 direct_calls=0 scatter_calls=0 fat_layers=4712 fat_expert_slots=116941 max_rows=2048 fused_temps_allocs=1 fused_temps_bytes=14155776 fat_scratch_allocs=0 fat_scratch_bytes=0 fat_scratch_peak_bytes=0
(Worker_TP1 pid=1239) INFO 09-03 11:00:06 [exl3.py:451] exl3 fat-expert P0: layers=4914 fat_layers=4754 (96.7%) fat_expert_slots=117975 max_rows=2048 avg_max_rows=1392.0 hist_le128=160 hist_gt128=4754 hist=[0, 11, 27, 122, 49, 391, 531, 3783, 0]
(Worker_TP1 pid=1239) INFO 09-03 11:00:06 [exl3.py:464] exl3 e2 diag schema=1 configured_tier=legacy effective_tier=legacy tier_reason=none_requested shared_suh=1 shared_suh_layers=42/42 sym_exl3_moe=1 sym_fat_gemm=1 sym_fat_gemm_scatter=1 cap=12.1 cap_ok=1 tp_rank=1 tp_size=4 prefill_layer_calls=4914 thin_calls=160 row_tile_calls=0 fallback_calls=kernel=0,batched=0,sorted=0,legacy=4753 fallback_reasons=legacy_default=4753,thin_only=160 fat_expert_runs=117958 direct_calls=0 scatter_calls=0 fat_layers=4754 fat_expert_slots=117975 max_rows=2048 fused_temps_allocs=1 fused_temps_bytes=14155776 fat_scratch_allocs=0 fat_scratch_bytes=0 fat_scratch_peak_bytes=0
(Worker_TP1 pid=1239) INFO 09-03 11:00:07 [exl3.py:451] exl3 fat-expert P0: layers=4956 fat_layers=4796 (96.8%) fat_expert_slots=119005 max_rows=2048 avg_max_rows=1392.9 hist_le128=160 hist_gt128=4796 hist=[0, 11, 27, 122, 49, 395, 534, 3818, 0]
(Worker_TP1 pid=1239) INFO 09-03 11:00:07 [exl3.py:464] exl3 e2 diag schema=1 configured_tier=legacy effective_tier=legacy tier_reason=none_requested shared_suh=1 shared_suh_layers=42/42 sym_exl3_moe=1 sym_fat_gemm=1 sym_fat_gemm_scatter=1 cap=12.1 cap_ok=1 tp_rank=1 tp_size=4 prefill_layer_calls=4956 thin_calls=160 row_tile_calls=0 fallback_calls=kernel=0,batched=0,sorted=0,legacy=4795 fallback_reasons=legacy_default=4795,thin_only=160 fat_expert_runs=118985 direct_calls=0 scatter_calls=0 fat_layers=4796 fat_expert_slots=119005 max_rows=2048 fused_temps_allocs=1 fused_temps_bytes=14155776 fat_scratch_allocs=0 fat_scratch_bytes=0 fat_scratch_peak_bytes=0
(Worker_TP1 pid=1239) INFO 09-03 11:00:09 [exl3.py:451] exl3 fat-expert P0: layers=4998 fat_layers=4838 (96.8%) fat_expert_slots=120062 max_rows=2048 avg_max_rows=1393.6 hist_le128=160 hist_gt128=4838 hist=[0, 11, 27, 122, 49, 399, 537, 3853, 0]
(Worker_TP1 pid=1239) INFO 09-03 11:00:09 [exl3.py:464] exl3 e2 diag schema=1 configured_tier=legacy effective_tier=legacy tier_reason=none_requested shared_suh=1 shared_suh_layers=42/42 sym_exl3_moe=1 sym_fat_gemm=1 sym_fat_gemm_scatter=1 cap=12.1 cap_ok=1 tp_rank=1 tp_size=4 prefill_layer_calls=4998 thin_calls=160 row_tile_calls=0 fallback_calls=kernel=0,batched=0,sorted=0,legacy=4837 fallback_reasons=legacy_default=4837,thin_only=160 fat_expert_runs=120042 direct_calls=0 scatter_calls=0 fat_layers=4838 fat_expert_slots=120062 max_rows=2048 fused_temps_allocs=1 fused_temps_bytes=14155776 fat_scratch_allocs=0 fat_scratch_bytes=0 fat_scratch_peak_bytes=0
(Worker_TP1 pid=1239) INFO 09-03 11:00:11 [exl3.py:451] exl3 fat-expert P0: layers=5040 fat_layers=4880 (96.8%) fat_expert_slots=121100 max_rows=2048 avg_max_rows=1394.2 hist_le128=160 hist_gt128=4880 hist=[0, 11, 27, 122, 49, 402, 542, 3887, 0]
(Worker_TP1 pid=1239) INFO 09-03 11:00:11 [exl3.py:464] exl3 e2 diag schema=1 configured_tier=legacy effective_tier=legacy tier_reason=none_requested shared_suh=1 shared_suh_layers=42/42 sym_exl3_moe=1 sym_fat_gemm=1 sym_fat_gemm_scatter=1 cap=12.1 cap_ok=1 tp_rank=1 tp_size=4 prefill_layer_calls=5040 thin_calls=160 row_tile_calls=0 fallback_calls=kernel=0,batched=0,sorted=0,legacy=4879 fallback_reasons=legacy_default=4879,thin_only=160 fat_expert_runs=121083 direct_calls=0 scatter_calls=0 fat_layers=4880 fat_expert_slots=121100 max_rows=2048 fused_temps_allocs=1 fused_temps_bytes=14155776 fat_scratch_allocs=0 fat_scratch_bytes=0 fat_scratch_peak_bytes=0
(Worker_TP1 pid=1239) INFO 09-03 11:00:13 [exl3.py:451] exl3 fat-expert P0: layers=5082 fat_layers=4922 (96.9%) fat_expert_slots=122134 max_rows=2048 avg_max_rows=1394.8 hist_le128=160 hist_gt128=4922 hist=[0, 11, 27, 122, 49, 405, 546, 3922, 0]
(Worker_TP1 pid=1239) INFO 09-03 11:00:13 [exl3.py:464] exl3 e2 diag schema=1 configured_tier=legacy effective_tier=legacy tier_reason=none_requested shared_suh=1 shared_suh_layers=42/42 sym_exl3_moe=1 sym_fat_gemm=1 sym_fat_gemm_scatter=1 cap=12.1 cap_ok=1 tp_rank=1 tp_size=4 prefill_layer_calls=5082 thin_calls=160 row_tile_calls=0 fallback_calls=kernel=0,batched=0,sorted=0,legacy=4921 fallback_reasons=legacy_default=4921,thin_only=160 fat_expert_runs=122118 direct_calls=0 scatter_calls=0 fat_layers=4922 fat_expert_slots=122134 max_rows=2048 fused_temps_allocs=1 fused_temps_bytes=14155776 fat_scratch_allocs=0 fat_scratch_bytes=0 fat_scratch_peak_bytes=0
(Worker_TP1 pid=1239) INFO 09-03 11:00:14 [exl3.py:451] exl3 fat-expert P0: layers=5124 fat_layers=4964 (96.9%) fat_expert_slots=123189 max_rows=2048 avg_max_rows=1395.3 hist_le128=160 hist_gt128=4964 hist=[0, 11, 27, 122, 49, 408, 550, 3957, 0]
(Worker_TP1 pid=1239) INFO 09-03 11:00:14 [exl3.py:464] exl3 e2 diag schema=1 configured_tier=legacy effective_tier=legacy tier_reason=none_requested shared_suh=1 shared_suh_layers=42/42 sym_exl3_moe=1 sym_fat_gemm=1 sym_fat_gemm_scatter=1 cap=12.1 cap_ok=1 tp_rank=1 tp_size=4 prefill_layer_calls=5124 thin_calls=160 row_tile_calls=0 fallback_calls=kernel=0,batched=0,sorted=0,legacy=4963 fallback_reasons=legacy_default=4963,thin_only=160 fat_expert_runs=123173 direct_calls=0 scatter_calls=0 fat_layers=4964 fat_expert_slots=123189 max_rows=2048 fused_temps_allocs=1 fused_temps_bytes=14155776 fat_scratch_allocs=0 fat_scratch_bytes=0 fat_scratch_peak_bytes=0
(Worker_TP1 pid=1239) INFO 09-03 11:00:15 [exl3.py:451] exl3 fat-expert P0: layers=5166 fat_layers=4995 (96.7%) fat_expert_slots=123277 max_rows=2048 avg_max_rows=1385.1 hist_le128=171 hist_gt128=4995 hist=[0, 11, 32, 128, 80, 408, 550, 3957, 0]
(Worker_TP1 pid=1239) INFO 09-03 11:00:15 [exl3.py:464] exl3 e2 diag schema=1 configured_tier=legacy effective_tier=legacy tier_reason=none_requested shared_suh=1 shared_suh_layers=42/42 sym_exl3_moe=1 sym_fat_gemm=1 sym_fat_gemm_scatter=1 cap=12.1 cap_ok=1 tp_rank=1 tp_size=4 prefill_layer_calls=5166 thin_calls=171 row_tile_calls=0 fallback_calls=kernel=0,batched=0,sorted=0,legacy=4994 fallback_reasons=legacy_default=4994,thin_only=171 fat_expert_runs=123273 direct_calls=0 scatter_calls=0 fat_layers=4995 fat_expert_slots=123277 max_rows=2048 fused_temps_allocs=1 fused_temps_bytes=14155776 fat_scratch_allocs=0 fat_scratch_bytes=0 fat_scratch_peak_bytes=0
(Worker_TP1 pid=1239) INFO 09-03 11:00:22 [exl3.py:451] exl3 fat-expert P0: layers=5208 fat_layers=5037 (96.7%) fat_expert_slots=124354 max_rows=2048 avg_max_rows=1385.2 hist_le128=171 hist_gt128=5037 hist=[0, 11, 32, 128, 80, 411, 556, 3990, 0]
(Worker_TP1 pid=1239) INFO 09-03 11:00:22 [exl3.py:464] exl3 e2 diag schema=1 configured_tier=legacy effective_tier=legacy tier_reason=none_requested shared_suh=1 shared_suh_layers=42/42 sym_exl3_moe=1 sym_fat_gemm=1 sym_fat_gemm_scatter=1 cap=12.1 cap_ok=1 tp_rank=1 tp_size=4 prefill_layer_calls=5208 thin_calls=171 row_tile_calls=0 fallback_calls=kernel=0,batched=0,sorted=0,legacy=5036 fallback_reasons=legacy_default=5036,thin_only=171 fat_expert_runs=124331 direct_calls=0 scatter_calls=0 fat_layers=5037 fat_expert_slots=124354 max_rows=2048 fused_temps_allocs=1 fused_temps_bytes=14155776 fat_scratch_allocs=0 fat_scratch_bytes=0 fat_scratch_peak_bytes=0
(Worker_TP1 pid=1239) INFO 09-03 11:00:24 [exl3.py:451] exl3 fat-expert P0: layers=5250 fat_layers=5079 (96.7%) fat_expert_slots=125411 max_rows=2048 avg_max_rows=1385.9 hist_le128=171 hist_gt128=5079 hist=[0, 11, 32, 128, 80, 415, 560, 4024, 0]
(Worker_TP1 pid=1239) INFO 09-03 11:00:24 [exl3.py:464] exl3 e2 diag schema=1 configured_tier=legacy effective_tier=legacy tier_reason=none_requested shared_suh=1 shared_suh_layers=42/42 sym_exl3_moe=1 sym_fat_gemm=1 sym_fat_gemm_scatter=1 cap=12.1 cap_ok=1 tp_rank=1 tp_size=4 prefill_layer_calls=5250 thin_calls=171 row_tile_calls=0 fallback_calls=kernel=0,batched=0,sorted=0,legacy=5078 fallback_reasons=legacy_default=5078,thin_only=171 fat_expert_runs=125391 direct_calls=0 scatter_calls=0 fat_layers=5079 fat_expert_slots=125411 max_rows=2048 fused_temps_allocs=1 fused_temps_bytes=14155776 fat_scratch_allocs=0 fat_scratch_bytes=0 fat_scratch_peak_bytes=0
(Worker_TP1 pid=1239) INFO 09-03 11:00:26 [exl3.py:451] exl3 fat-expert P0: layers=5292 fat_layers=5121 (96.8%) fat_expert_slots=126462 max_rows=2048 avg_max_rows=1386.5 hist_le128=171 hist_gt128=5121 hist=[0, 11, 32, 128, 80, 419, 564, 4058, 0]
(Worker_TP1 pid=1239) INFO 09-03 11:00:26 [exl3.py:464] exl3 e2 diag schema=1 configured_tier=legacy effective_tier=legacy tier_reason=none_requested shared_suh=1 shared_suh_layers=42/42 sym_exl3_moe=1 sym_fat_gemm=1 sym_fat_gemm_scatter=1 cap=12.1 cap_ok=1 tp_rank=1 tp_size=4 prefill_layer_calls=5292 thin_calls=171 row_tile_calls=0 fallback_calls=kernel=0,batched=0,sorted=0,legacy=5120 fallback_reasons=legacy_default=5120,thin_only=171 fat_expert_runs=126442 direct_calls=0 scatter_calls=0 fat_layers=5121 fat_expert_slots=126462 max_rows=2048 fused_temps_allocs=1 fused_temps_bytes=14155776 fat_scratch_allocs=0 fat_scratch_bytes=0 fat_scratch_peak_bytes=0
(Worker_TP1 pid=1239) INFO 09-03 11:00:27 [exl3.py:451] exl3 fat-expert P0: layers=5334 fat_layers=5163 (96.8%) fat_expert_slots=127530 max_rows=2048 avg_max_rows=1387.2 hist_le128=171 hist_gt128=5163 hist=[0, 11, 32, 128, 80, 423, 567, 4093, 0]
(Worker_TP1 pid=1239) INFO 09-03 11:00:27 [exl3.py:464] exl3 e2 diag schema=1 configured_tier=legacy effective_tier=legacy tier_reason=none_requested shared_suh=1 shared_suh_layers=42/42 sym_exl3_moe=1 sym_fat_gemm=1 sym_fat_gemm_scatter=1 cap=12.1 cap_ok=1 tp_rank=1 tp_size=4 prefill_layer_calls=5334 thin_calls=171 row_tile_calls=0 fallback_calls=kernel=0,batched=0,sorted=0,legacy=5162 fallback_reasons=legacy_default=5162,thin_only=171 fat_expert_runs=127509 direct_calls=0 scatter_calls=0 fat_layers=5163 fat_expert_slots=127530 max_rows=2048 fused_temps_allocs=1 fused_temps_bytes=14155776 fat_scratch_allocs=0 fat_scratch_bytes=0 fat_scratch_peak_bytes=0
(Worker_TP1 pid=1239) INFO 09-03 11:00:29 [exl3.py:451] exl3 fat-expert P0: layers=5376 fat_layers=5205 (96.8%) fat_expert_slots=128586 max_rows=2048 avg_max_rows=1387.8 hist_le128=171 hist_gt128=5205 hist=[0, 11, 32, 128, 80, 426, 572, 4127, 0]
(Worker_TP1 pid=1239) INFO 09-03 11:00:29 [exl3.py:464] exl3 e2 diag schema=1 configured_tier=legacy effective_tier=legacy tier_reason=none_requested shared_suh=1 shared_suh_layers=42/42 sym_exl3_moe=1 sym_fat_gemm=1 sym_fat_gemm_scatter=1 cap=12.1 cap_ok=1 tp_rank=1 tp_size=4 prefill_layer_calls=5376 thin_calls=171 row_tile_calls=0 fallback_calls=kernel=0,batched=0,sorted=0,legacy=5204 fallback_reasons=legacy_default=5204,thin_only=171 fat_expert_runs=128564 direct_calls=0 scatter_calls=0 fat_layers=5205 fat_expert_slots=128586 max_rows=2048 fused_temps_allocs=1 fused_temps_bytes=14155776 fat_scratch_allocs=0 fat_scratch_bytes=0 fat_scratch_peak_bytes=0
(Worker_TP1 pid=1239) INFO 09-03 11:00:31 [exl3.py:451] exl3 fat-expert P0: layers=5418 fat_layers=5247 (96.8%) fat_expert_slots=129638 max_rows=2048 avg_max_rows=1388.6 hist_le128=171 hist_gt128=5247 hist=[0, 11, 32, 128, 80, 429, 576, 4162, 0]
(Worker_TP1 pid=1239) INFO 09-03 11:00:31 [exl3.py:464] exl3 e2 diag schema=1 configured_tier=legacy effective_tier=legacy tier_reason=none_requested shared_suh=1 shared_suh_layers=42/42 sym_exl3_moe=1 sym_fat_gemm=1 sym_fat_gemm_scatter=1 cap=12.1 cap_ok=1 tp_rank=1 tp_size=4 prefill_layer_calls=5418 thin_calls=171 row_tile_calls=0 fallback_calls=kernel=0,batched=0,sorted=0,legacy=5246 fallback_reasons=legacy_default=5246,thin_only=171 fat_expert_runs=129617 direct_calls=0 scatter_calls=0 fat_layers=5247 fat_expert_slots=129638 max_rows=2048 fused_temps_allocs=1 fused_temps_bytes=14155776 fat_scratch_allocs=0 fat_scratch_bytes=0 fat_scratch_peak_bytes=0
(Worker_TP1 pid=1239) INFO 09-03 11:00:32 [exl3.py:451] exl3 fat-expert P0: layers=5460 fat_layers=5289 (96.9%) fat_expert_slots=130666 max_rows=2048 avg_max_rows=1389.3 hist_le128=171 hist_gt128=5289 hist=[0, 11, 32, 128, 80, 433, 579, 4197, 0]
(Worker_TP1 pid=1239) INFO 09-03 11:00:32 [exl3.py:464] exl3 e2 diag schema=1 configured_tier=legacy effective_tier=legacy tier_reason=none_requested shared_suh=1 shared_suh_layers=42/42 sym_exl3_moe=1 sym_fat_gemm=1 sym_fat_gemm_scatter=1 cap=12.1 cap_ok=1 tp_rank=1 tp_size=4 prefill_layer_calls=5460 thin_calls=171 row_tile_calls=0 fallback_calls=kernel=0,batched=0,sorted=0,legacy=5288 fallback_reasons=legacy_default=5288,thin_only=171 fat_expert_runs=130645 direct_calls=0 scatter_calls=0 fat_layers=5289 fat_expert_slots=130666 max_rows=2048 fused_temps_allocs=1 fused_temps_bytes=14155776 fat_scratch_allocs=0 fat_scratch_bytes=0 fat_scratch_peak_bytes=0
(Worker_TP1 pid=1239) INFO 09-03 11:00:34 [exl3.py:451] exl3 fat-expert P0: layers=5502 fat_layers=5331 (96.9%) fat_expert_slots=131707 max_rows=2048 avg_max_rows=1390.0 hist_le128=171 hist_gt128=5331 hist=[0, 11, 32, 128, 80, 436, 584, 4231, 0]
(Worker_TP1 pid=1239) INFO 09-03 11:00:34 [exl3.py:464] exl3 e2 diag schema=1 configured_tier=legacy effective_tier=legacy tier_reason=none_requested shared_suh=1 shared_suh_layers=42/42 sym_exl3_moe=1 sym_fat_gemm=1 sym_fat_gemm_scatter=1 cap=12.1 cap_ok=1 tp_rank=1 tp_size=4 prefill_layer_calls=5502 thin_calls=171 row_tile_calls=0 fallback_calls=kernel=0,batched=0,sorted=0,legacy=5330 fallback_reasons=legacy_default=5330,thin_only=171 fat_expert_runs=131687 direct_calls=0 scatter_calls=0 fat_layers=5331 fat_expert_slots=131707 max_rows=2048 fused_temps_allocs=1 fused_temps_bytes=14155776 fat_scratch_allocs=0 fat_scratch_bytes=0 fat_scratch_peak_bytes=0
(Worker_TP1 pid=1239) INFO 09-03 11:00:36 [exl3.py:451] exl3 fat-expert P0: layers=5544 fat_layers=5373 (96.9%) fat_expert_slots=132737 max_rows=2048 avg_max_rows=1390.7 hist_le128=171 hist_gt128=5373 hist=[0, 11, 32, 128, 80, 440, 588, 4265, 0]
(Worker_TP1 pid=1239) INFO 09-03 11:00:36 [exl3.py:464] exl3 e2 diag schema=1 configured_tier=legacy effective_tier=legacy tier_reason=none_requested shared_suh=1 shared_suh_layers=42/42 sym_exl3_moe=1 sym_fat_gemm=1 sym_fat_gemm_scatter=1 cap=12.1 cap_ok=1 tp_rank=1 tp_size=4 prefill_layer_calls=5544 thin_calls=171 row_tile_calls=0 fallback_calls=kernel=0,batched=0,sorted=0,legacy=5372 fallback_reasons=legacy_default=5372,thin_only=171 fat_expert_runs=132719 direct_calls=0 scatter_calls=0 fat_layers=5373 fat_expert_slots=132737 max_rows=2048 fused_temps_allocs=1 fused_temps_bytes=14155776 fat_scratch_allocs=0 fat_scratch_bytes=0 fat_scratch_peak_bytes=0
(Worker_TP1 pid=1239) INFO 09-03 11:00:38 [exl3.py:451] exl3 fat-expert P0: layers=5586 fat_layers=5415 (96.9%) fat_expert_slots=133784 max_rows=2048 avg_max_rows=1391.3 hist_le128=171 hist_gt128=5415 hist=[0, 11, 32, 128, 80, 443, 593, 4299, 0]
(Worker_TP1 pid=1239) INFO 09-03 11:00:38 [exl3.py:464] exl3 e2 diag schema=1 configured_tier=legacy effective_tier=legacy tier_reason=none_requested shared_suh=1 shared_suh_layers=42/42 sym_exl3_moe=1 sym_fat_gemm=1 sym_fat_gemm_scatter=1 cap=12.1 cap_ok=1 tp_rank=1 tp_size=4 prefill_layer_calls=5586 thin_calls=171 row_tile_calls=0 fallback_calls=kernel=0,batched=0,sorted=0,legacy=5414 fallback_reasons=legacy_default=5414,thin_only=171 fat_expert_runs=133765 direct_calls=0 scatter_calls=0 fat_layers=5415 fat_expert_slots=133784 max_rows=2048 fused_temps_allocs=1 fused_temps_bytes=14155776 fat_scratch_allocs=0 fat_scratch_bytes=0 fat_scratch_peak_bytes=0
(Worker_TP1 pid=1239) INFO 09-03 11:00:39 [exl3.py:451] exl3 fat-expert P0: layers=5628 fat_layers=5457 (97.0%) fat_expert_slots=134825 max_rows=2048 avg_max_rows=1391.8 hist_le128=171 hist_gt128=5457 hist=[0, 11, 32, 128, 80, 446, 599, 4332, 0]
(Worker_TP1 pid=1239) INFO 09-03 11:00:39 [exl3.py:464] exl3 e2 diag schema=1 configured_tier=legacy effective_tier=legacy tier_reason=none_requested shared_suh=1 shared_suh_layers=42/42 sym_exl3_moe=1 sym_fat_gemm=1 sym_fat_gemm_scatter=1 cap=12.1 cap_ok=1 tp_rank=1 tp_size=4 prefill_layer_calls=5628 thin_calls=171 row_tile_calls=0 fallback_calls=kernel=0,batched=0,sorted=0,legacy=5456 fallback_reasons=legacy_default=5456,thin_only=171 fat_expert_runs=134806 direct_calls=0 scatter_calls=0 fat_layers=5457 fat_expert_slots=134825 max_rows=2048 fused_temps_allocs=1 fused_temps_bytes=14155776 fat_scratch_allocs=0 fat_scratch_bytes=0 fat_scratch_peak_bytes=0
(Worker_TP1 pid=1239) INFO 09-03 11:00:41 [exl3.py:451] exl3 fat-expert P0: layers=5670 fat_layers=5499 (97.0%) fat_expert_slots=135876 max_rows=2048 avg_max_rows=1392.3 hist_le128=171 hist_gt128=5499 hist=[0, 11, 32, 128, 80, 449, 606, 4364, 0]
(Worker_TP1 pid=1239) INFO 09-03 11:00:41 [exl3.py:464] exl3 e2 diag schema=1 configured_tier=legacy effective_tier=legacy tier_reason=none_requested shared_suh=1 shared_suh_layers=42/42 sym_exl3_moe=1 sym_fat_gemm=1 sym_fat_gemm_scatter=1 cap=12.1 cap_ok=1 tp_rank=1 tp_size=4 prefill_layer_calls=5670 thin_calls=171 row_tile_calls=0 fallback_calls=kernel=0,batched=0,sorted=0,legacy=5498 fallback_reasons=legacy_default=5498,thin_only=171 fat_expert_runs=135857 direct_calls=0 scatter_calls=0 fat_layers=5499 fat_expert_slots=135876 max_rows=2048 fused_temps_allocs=1 fused_temps_bytes=14155776 fat_scratch_allocs=0 fat_scratch_bytes=0 fat_scratch_peak_bytes=0
(Worker_TP1 pid=1239) INFO 09-03 11:00:41 [exl3.py:451] exl3 fat-expert P0: layers=5712 fat_layers=5499 (96.3%) fat_expert_slots=135876 max_rows=2048 avg_max_rows=1382.8 hist_le128=213 hist_gt128=5499 hist=[0, 14, 36, 163, 80, 449, 606, 4364, 0]
(Worker_TP1 pid=1239) INFO 09-03 11:00:41 [exl3.py:464] exl3 e2 diag schema=1 configured_tier=legacy effective_tier=legacy tier_reason=none_requested shared_suh=1 shared_suh_layers=42/42 sym_exl3_moe=1 sym_fat_gemm=1 sym_fat_gemm_scatter=1 cap=12.1 cap_ok=1 tp_rank=1 tp_size=4 prefill_layer_calls=5712 thin_calls=212 row_tile_calls=0 fallback_calls=kernel=0,batched=0,sorted=0,legacy=5499 fallback_reasons=legacy_default=5499,thin_only=212 fat_expert_runs=135876 direct_calls=0 scatter_calls=0 fat_layers=5499 fat_expert_slots=135876 max_rows=2048 fused_temps_allocs=1 fused_temps_bytes=14155776 fat_scratch_allocs=0 fat_scratch_bytes=0 fat_scratch_peak_bytes=0
(Worker_TP1 pid=1239) INFO 09-03 11:00:42 [exl3.py:451] exl3 fat-expert P0: layers=5754 fat_layers=5499 (95.6%) fat_expert_slots=135876 max_rows=2048 avg_max_rows=1373.3 hist_le128=255 hist_gt128=5499 hist=[0, 17, 43, 195, 80, 449, 606, 4364, 0]
(Worker_TP1 pid=1239) INFO 09-03 11:00:42 [exl3.py:464] exl3 e2 diag schema=1 configured_tier=legacy effective_tier=legacy tier_reason=none_requested shared_suh=1 shared_suh_layers=42/42 sym_exl3_moe=1 sym_fat_gemm=1 sym_fat_gemm_scatter=1 cap=12.1 cap_ok=1 tp_rank=1 tp_size=4 prefill_layer_calls=5754 thin_calls=254 row_tile_calls=0 fallback_calls=kernel=0,batched=0,sorted=0,legacy=5499 fallback_reasons=legacy_default=5499,thin_only=254 fat_expert_runs=135876 direct_calls=0 scatter_calls=0 fat_layers=5499 fat_expert_slots=135876 max_rows=2048 fused_temps_allocs=1 fused_temps_bytes=14155776 fat_scratch_allocs=0 fat_scratch_bytes=0 fat_scratch_peak_bytes=0
(Worker_TP1 pid=1239) INFO 09-03 11:02:22 [exl3.py:451] exl3 fat-expert P0: layers=5796 fat_layers=5541 (95.6%) fat_expert_slots=136970 max_rows=2048 avg_max_rows=1373.2 hist_le128=255 hist_gt128=5541 hist=[0, 17, 43, 195, 80, 452, 610, 4399, 0]
(Worker_TP1 pid=1239) INFO 09-03 11:02:22 [exl3.py:464] exl3 e2 diag schema=1 configured_tier=legacy effective_tier=legacy tier_reason=none_requested shared_suh=1 shared_suh_layers=42/42 sym_exl3_moe=1 sym_fat_gemm=1 sym_fat_gemm_scatter=1 cap=12.1 cap_ok=1 tp_rank=1 tp_size=4 prefill_layer_calls=5796 thin_calls=255 row_tile_calls=0 fallback_calls=kernel=0,batched=0,sorted=0,legacy=5540 fallback_reasons=legacy_default=5540,thin_only=255 fat_expert_runs=136945 direct_calls=0 scatter_calls=0 fat_layers=5541 fat_expert_slots=136970 max_rows=2048 fused_temps_allocs=1 fused_temps_bytes=14155776 fat_scratch_allocs=0 fat_scratch_bytes=0 fat_scratch_peak_bytes=0
(Worker_TP1 pid=1239) INFO 09-03 11:02:24 [exl3.py:451] exl3 fat-expert P0: layers=5838 fat_layers=5583 (95.6%) fat_expert_slots=138034 max_rows=2048 avg_max_rows=1373.8 hist_le128=255 hist_gt128=5583 hist=[0, 17, 43, 195, 80, 456, 614, 4433, 0]
(Worker_TP1 pid=1239) INFO 09-03 11:02:24 [exl3.py:464] exl3 e2 diag schema=1 configured_tier=legacy effective_tier=legacy tier_reason=none_requested shared_suh=1 shared_suh_layers=42/42 sym_exl3_moe=1 sym_fat_gemm=1 sym_fat_gemm_scatter=1 cap=12.1 cap_ok=1 tp_rank=1 tp_size=4 prefill_layer_calls=5838 thin_calls=255 row_tile_calls=0 fallback_calls=kernel=0,batched=0,sorted=0,legacy=5582 fallback_reasons=legacy_default=5582,thin_only=255 fat_expert_runs=138012 direct_calls=0 scatter_calls=0 fat_layers=5583 fat_expert_slots=138034 max_rows=2048 fused_temps_allocs=1 fused_temps_bytes=14155776 fat_scratch_allocs=0 fat_scratch_bytes=0 fat_scratch_peak_bytes=0
(Worker_TP1 pid=1239) INFO 09-03 11:02:26 [exl3.py:451] exl3 fat-expert P0: layers=5880 fat_layers=5625 (95.7%) fat_expert_slots=139108 max_rows=2048 avg_max_rows=1374.4 hist_le128=255 hist_gt128=5625 hist=[0, 17, 43, 195, 80, 460, 618, 4467, 0]
(Worker_TP1 pid=1239) INFO 09-03 11:02:26 [exl3.py:464] exl3 e2 diag schema=1 configured_tier=legacy effective_tier=legacy tier_reason=none_requested shared_suh=1 shared_suh_layers=42/42 sym_exl3_moe=1 sym_fat_gemm=1 sym_fat_gemm_scatter=1 cap=12.1 cap_ok=1 tp_rank=1 tp_size=4 prefill_layer_calls=5880 thin_calls=255 row_tile_calls=0 fallback_calls=kernel=0,batched=0,sorted=0,legacy=5624 fallback_reasons=legacy_default=5624,thin_only=255 fat_expert_runs=139085 direct_calls=0 scatter_calls=0 fat_layers=5625 fat_expert_slots=139108 max_rows=2048 fused_temps_allocs=1 fused_temps_bytes=14155776 fat_scratch_allocs=0 fat_scratch_bytes=0 fat_scratch_peak_bytes=0
(Worker_TP1 pid=1239) INFO 09-03 11:02:27 [exl3.py:451] exl3 fat-expert P0: layers=5922 fat_layers=5667 (95.7%) fat_expert_slots=140173 max_rows=2048 avg_max_rows=1375.0 hist_le128=255 hist_gt128=5667 hist=[0, 17, 43, 195, 80, 463, 622, 4502, 0]
(Worker_TP1 pid=1239) INFO 09-03 11:02:27 [exl3.py:464] exl3 e2 diag schema=1 configured_tier=legacy effective_tier=legacy tier_reason=none_requested shared_suh=1 shared_suh_layers=42/42 sym_exl3_moe=1 sym_fat_gemm=1 sym_fat_gemm_scatter=1 cap=12.1 cap_ok=1 tp_rank=1 tp_size=4 prefill_layer_calls=5922 thin_calls=255 row_tile_calls=0 fallback_calls=kernel=0,batched=0,sorted=0,legacy=5666 fallback_reasons=legacy_default=5666,thin_only=255 fat_expert_runs=140150 direct_calls=0 scatter_calls=0 fat_layers=5667 fat_expert_slots=140173 max_rows=2048 fused_temps_allocs=1 fused_temps_bytes=14155776 fat_scratch_allocs=0 fat_scratch_bytes=0 fat_scratch_peak_bytes=0
(Worker_TP1 pid=1239) INFO 09-03 11:02:29 [exl3.py:451] exl3 fat-expert P0: layers=5964 fat_layers=5709 (95.7%) fat_expert_slots=141227 max_rows=2048 avg_max_rows=1375.7 hist_le128=255 hist_gt128=5709 hist=[0, 17, 43, 195, 80, 466, 626, 4537, 0]
(Worker_TP1 pid=1239) INFO 09-03 11:02:29 [exl3.py:464] exl3 e2 diag schema=1 configured_tier=legacy effective_tier=legacy tier_reason=none_requested shared_suh=1 shared_suh_layers=42/42 sym_exl3_moe=1 sym_fat_gemm=1 sym_fat_gemm_scatter=1 cap=12.1 cap_ok=1 tp_rank=1 tp_size=4 prefill_layer_calls=5964 thin_calls=255 row_tile_calls=0 fallback_calls=kernel=0,batched=0,sorted=0,legacy=5708 fallback_reasons=legacy_default=5708,thin_only=255 fat_expert_runs=141207 direct_calls=0 scatter_calls=0 fat_layers=5709 fat_expert_slots=141227 max_rows=2048 fused_temps_allocs=1 fused_temps_bytes=14155776 fat_scratch_allocs=0 fat_scratch_bytes=0 fat_scratch_peak_bytes=0
(Worker_TP1 pid=1239) INFO 09-03 11:02:31 [exl3.py:451] exl3 fat-expert P0: layers=6006 fat_layers=5751 (95.8%) fat_expert_slots=142272 max_rows=2048 avg_max_rows=1376.3 hist_le128=255 hist_gt128=5751 hist=[0, 17, 43, 195, 80, 469, 631, 4571, 0]
(Worker_TP1 pid=1239) INFO 09-03 11:02:31 [exl3.py:464] exl3 e2 diag schema=1 configured_tier=legacy effective_tier=legacy tier_reason=none_requested shared_suh=1 shared_suh_layers=42/42 sym_exl3_moe=1 sym_fat_gemm=1 sym_fat_gemm_scatter=1 cap=12.1 cap_ok=1 tp_rank=1 tp_size=4 prefill_layer_calls=6006 thin_calls=255 row_tile_calls=0 fallback_calls=kernel=0,batched=0,sorted=0,legacy=5750 fallback_reasons=legacy_default=5750,thin_only=255 fat_expert_runs=142251 direct_calls=0 scatter_calls=0 fat_layers=5751 fat_expert_slots=142272 max_rows=2048 fused_temps_allocs=1 fused_temps_bytes=14155776 fat_scratch_allocs=0 fat_scratch_bytes=0 fat_scratch_peak_bytes=0
(Worker_TP1 pid=1239) INFO 09-03 11:02:32 [exl3.py:451] exl3 fat-expert P0: layers=6048 fat_layers=5793 (95.8%) fat_expert_slots=143308 max_rows=2048 avg_max_rows=1377.0 hist_le128=255 hist_gt128=5793 hist=[0, 17, 43, 195, 80, 472, 635, 4606, 0]
(Worker_TP1 pid=1239) INFO 09-03 11:02:32 [exl3.py:464] exl3 e2 diag schema=1 configured_tier=legacy effective_tier=legacy tier_reason=none_requested shared_suh=1 shared_suh_layers=42/42 sym_exl3_moe=1 sym_fat_gemm=1 sym_fat_gemm_scatter=1 cap=12.1 cap_ok=1 tp_rank=1 tp_size=4 prefill_layer_calls=6048 thin_calls=255 row_tile_calls=0 fallback_calls=kernel=0,batched=0,sorted=0,legacy=5792 fallback_reasons=legacy_default=5792,thin_only=255 fat_expert_runs=143289 direct_calls=0 scatter_calls=0 fat_layers=5793 fat_expert_slots=143308 max_rows=2048 fused_temps_allocs=1 fused_temps_bytes=14155776 fat_scratch_allocs=0 fat_scratch_bytes=0 fat_scratch_peak_bytes=0
(Worker_TP1 pid=1239) INFO 09-03 11:02:34 [exl3.py:451] exl3 fat-expert P0: layers=6090 fat_layers=5835 (95.8%) fat_expert_slots=144366 max_rows=2048 avg_max_rows=1377.7 hist_le128=255 hist_gt128=5835 hist=[0, 17, 43, 195, 80, 475, 639, 4641, 0]
(Worker_TP1 pid=1239) INFO 09-03 11:02:34 [exl3.py:464] exl3 e2 diag schema=1 configured_tier=legacy effective_tier=legacy tier_reason=none_requested shared_suh=1 shared_suh_layers=42/42 sym_exl3_moe=1 sym_fat_gemm=1 sym_fat_gemm_scatter=1 cap=12.1 cap_ok=1 tp_rank=1 tp_size=4 prefill_layer_calls=6090 thin_calls=255 row_tile_calls=0 fallback_calls=kernel=0,batched=0,sorted=0,legacy=5834 fallback_reasons=legacy_default=5834,thin_only=255 fat_expert_runs=144345 direct_calls=0 scatter_calls=0 fat_layers=5835 fat_expert_slots=144366 max_rows=2048 fused_temps_allocs=1 fused_temps_bytes=14155776 fat_scratch_allocs=0 fat_scratch_bytes=0 fat_scratch_peak_bytes=0
(Worker_TP1 pid=1239) INFO 09-03 11:02:36 [exl3.py:451] exl3 fat-expert P0: layers=6132 fat_layers=5877 (95.8%) fat_expert_slots=145433 max_rows=2048 avg_max_rows=1378.3 hist_le128=255 hist_gt128=5877 hist=[0, 17, 43, 195, 80, 478, 644, 4675, 0]
(Worker_TP1 pid=1239) INFO 09-03 11:02:36 [exl3.py:464] exl3 e2 diag schema=1 configured_tier=legacy effective_tier=legacy tier_reason=none_requested shared_suh=1 shared_suh_layers=42/42 sym_exl3_moe=1 sym_fat_gemm=1 sym_fat_gemm_scatter=1 cap=12.1 cap_ok=1 tp_rank=1 tp_size=4 prefill_layer_calls=6132 thin_calls=255 row_tile_calls=0 fallback_calls=kernel=0,batched=0,sorted=0,legacy=5876 fallback_reasons=legacy_default=5876,thin_only=255 fat_expert_runs=145414 direct_calls=0 scatter_calls=0 fat_layers=5877 fat_expert_slots=145433 max_rows=2048 fused_temps_allocs=1 fused_temps_bytes=14155776 fat_scratch_allocs=0 fat_scratch_bytes=0 fat_scratch_peak_bytes=0
(Worker_TP1 pid=1239) INFO 09-03 11:02:38 [exl3.py:451] exl3 fat-expert P0: layers=6174 fat_layers=5919 (95.9%) fat_expert_slots=146466 max_rows=2048 avg_max_rows=1378.9 hist_le128=255 hist_gt128=5919 hist=[0, 17, 43, 195, 80, 481, 649, 4709, 0]
(Worker_TP1 pid=1239) INFO 09-03 11:02:38 [exl3.py:464] exl3 e2 diag schema=1 configured_tier=legacy effective_tier=legacy tier_reason=none_requested shared_suh=1 shared_suh_layers=42/42 sym_exl3_moe=1 sym_fat_gemm=1 sym_fat_gemm_scatter=1 cap=12.1 cap_ok=1 tp_rank=1 tp_size=4 prefill_layer_calls=6174 thin_calls=255 row_tile_calls=0 fallback_calls=kernel=0,batched=0,sorted=0,legacy=5918 fallback_reasons=legacy_default=5918,thin_only=255 fat_expert_runs=146450 direct_calls=0 scatter_calls=0 fat_layers=5919 fat_expert_slots=146466 max_rows=2048 fused_temps_allocs=1 fused_temps_bytes=14155776 fat_scratch_allocs=0 fat_scratch_bytes=0 fat_scratch_peak_bytes=0
(Worker_TP1 pid=1239) INFO 09-03 11:02:39 [exl3.py:451] exl3 fat-expert P0: layers=6216 fat_layers=5961 (95.9%) fat_expert_slots=147526 max_rows=2048 avg_max_rows=1379.5 hist_le128=255 hist_gt128=5961 hist=[0, 17, 43, 195, 80, 484, 654, 4743, 0]
(Worker_TP1 pid=1239) INFO 09-03 11:02:39 [exl3.py:464] exl3 e2 diag schema=1 configured_tier=legacy effective_tier=legacy tier_reason=none_requested shared_suh=1 shared_suh_layers=42/42 sym_exl3_moe=1 sym_fat_gemm=1 sym_fat_gemm_scatter=1 cap=12.1 cap_ok=1 tp_rank=1 tp_size=4 prefill_layer_calls=6216 thin_calls=255 row_tile_calls=0 fallback_calls=kernel=0,batched=0,sorted=0,legacy=5960 fallback_reasons=legacy_default=5960,thin_only=255 fat_expert_runs=147509 direct_calls=0 scatter_calls=0 fat_layers=5961 fat_expert_slots=147526 max_rows=2048 fused_temps_allocs=1 fused_temps_bytes=14155776 fat_scratch_allocs=0 fat_scratch_bytes=0 fat_scratch_peak_bytes=0
(Worker_TP1 pid=1239) INFO 09-03 11:02:41 [exl3.py:451] exl3 fat-expert P0: layers=6258 fat_layers=6003 (95.9%) fat_expert_slots=148581 max_rows=2048 avg_max_rows=1379.9 hist_le128=255 hist_gt128=6003 hist=[0, 17, 43, 195, 80, 487, 661, 4775, 0]
(Worker_TP1 pid=1239) INFO 09-03 11:02:41 [exl3.py:464] exl3 e2 diag schema=1 configured_tier=legacy effective_tier=legacy tier_reason=none_requested shared_suh=1 shared_suh_layers=42/42 sym_exl3_moe=1 sym_fat_gemm=1 sym_fat_gemm_scatter=1 cap=12.1 cap_ok=1 tp_rank=1 tp_size=4 prefill_layer_calls=6258 thin_calls=255 row_tile_calls=0 fallback_calls=kernel=0,batched=0,sorted=0,legacy=6002 fallback_reasons=legacy_default=6002,thin_only=255 fat_expert_runs=148561 direct_calls=0 scatter_calls=0 fat_layers=6003 fat_expert_slots=148581 max_rows=2048 fused_temps_allocs=1 fused_temps_bytes=14155776 fat_scratch_allocs=0 fat_scratch_bytes=0 fat_scratch_peak_bytes=0
(Worker_TP1 pid=1239) INFO 09-03 11:02:43 [exl3.py:451] exl3 fat-expert P0: layers=6300 fat_layers=6045 (96.0%) fat_expert_slots=149633 max_rows=2048 avg_max_rows=1380.4 hist_le128=255 hist_gt128=6045 hist=[0, 17, 43, 195, 80, 490, 666, 4809, 0]
(Worker_TP1 pid=1239) INFO 09-03 11:02:43 [exl3.py:464] exl3 e2 diag schema=1 configured_tier=legacy effective_tier=legacy tier_reason=none_requested shared_suh=1 shared_suh_layers=42/42 sym_exl3_moe=1 sym_fat_gemm=1 sym_fat_gemm_scatter=1 cap=12.1 cap_ok=1 tp_rank=1 tp_size=4 prefill_layer_calls=6300 thin_calls=255 row_tile_calls=0 fallback_calls=kernel=0,batched=0,sorted=0,legacy=6044 fallback_reasons=legacy_default=6044,thin_only=255 fat_expert_runs=149616 direct_calls=0 scatter_calls=0 fat_layers=6045 fat_expert_slots=149633 max_rows=2048 fused_temps_allocs=1 fused_temps_bytes=14155776 fat_scratch_allocs=0 fat_scratch_bytes=0 fat_scratch_peak_bytes=0
(Worker_TP1 pid=1239) INFO 09-03 11:02:44 [exl3.py:451] exl3 fat-expert P0: layers=6342 fat_layers=6087 (96.0%) fat_expert_slots=150685 max_rows=2048 avg_max_rows=1380.9 hist_le128=255 hist_gt128=6087 hist=[0, 17, 43, 195, 80, 493, 671, 4843, 0]
(Worker_TP1 pid=1239) INFO 09-03 11:02:44 [exl3.py:464] exl3 e2 diag schema=1 configured_tier=legacy effective_tier=legacy tier_reason=none_requested shared_suh=1 shared_suh_layers=42/42 sym_exl3_moe=1 sym_fat_gemm=1 sym_fat_gemm_scatter=1 cap=12.1 cap_ok=1 tp_rank=1 tp_size=4 prefill_layer_calls=6342 thin_calls=255 row_tile_calls=0 fallback_calls=kernel=0,batched=0,sorted=0,legacy=6086 fallback_reasons=legacy_default=6086,thin_only=255 fat_expert_runs=150668 direct_calls=0 scatter_calls=0 fat_layers=6087 fat_expert_slots=150685 max_rows=2048 fused_temps_allocs=1 fused_temps_bytes=14155776 fat_scratch_allocs=0 fat_scratch_bytes=0 fat_scratch_peak_bytes=0
(Worker_TP1 pid=1239) INFO 09-03 11:02:46 [exl3.py:451] exl3 fat-expert P0: layers=6384 fat_layers=6129 (96.0%) fat_expert_slots=151727 max_rows=2048 avg_max_rows=1381.5 hist_le128=255 hist_gt128=6129 hist=[0, 17, 43, 195, 80, 497, 677, 4875, 0]
(Worker_TP1 pid=1239) INFO 09-03 11:02:46 [exl3.py:464] exl3 e2 diag schema=1 configured_tier=legacy effective_tier=legacy tier_reason=none_requested shared_suh=1 shared_suh_layers=42/42 sym_exl3_moe=1 sym_fat_gemm=1 sym_fat_gemm_scatter=1 cap=12.1 cap_ok=1 tp_rank=1 tp_size=4 prefill_layer_calls=6384 thin_calls=255 row_tile_calls=0 fallback_calls=kernel=0,batched=0,sorted=0,legacy=6128 fallback_reasons=legacy_default=6128,thin_only=255 fat_expert_runs=151711 direct_calls=0 scatter_calls=0 fat_layers=6129 fat_expert_slots=151727 max_rows=2048 fused_temps_allocs=1 fused_temps_bytes=14155776 fat_scratch_allocs=0 fat_scratch_bytes=0 fat_scratch_peak_bytes=0
(Worker_TP1 pid=1239) INFO 09-03 11:02:48 [exl3.py:451] exl3 fat-expert P0: layers=6426 fat_layers=6171 (96.0%) fat_expert_slots=152764 max_rows=2048 avg_max_rows=1382.0 hist_le128=255 hist_gt128=6171 hist=[0, 17, 43, 195, 80, 500, 682, 4909, 0]
(Worker_TP1 pid=1239) INFO 09-03 11:02:48 [exl3.py:464] exl3 e2 diag schema=1 configured_tier=legacy effective_tier=legacy tier_reason=none_requested shared_suh=1 shared_suh_layers=42/42 sym_exl3_moe=1 sym_fat_gemm=1 sym_fat_gemm_scatter=1 cap=12.1 cap_ok=1 tp_rank=1 tp_size=4 prefill_layer_calls=6426 thin_calls=255 row_tile_calls=0 fallback_calls=kernel=0,batched=0,sorted=0,legacy=6170 fallback_reasons=legacy_default=6170,thin_only=255 fat_expert_runs=152751 direct_calls=0 scatter_calls=0 fat_layers=6171 fat_expert_slots=152764 max_rows=2048 fused_temps_allocs=1 fused_temps_bytes=14155776 fat_scratch_allocs=0 fat_scratch_bytes=0 fat_scratch_peak_bytes=0
(Worker_TP1 pid=1239) INFO 09-03 11:02:50 [exl3.py:451] exl3 fat-expert P0: layers=6468 fat_layers=6213 (96.1%) fat_expert_slots=153815 max_rows=2048 avg_max_rows=1382.5 hist_le128=255 hist_gt128=6213 hist=[0, 17, 43, 195, 80, 503, 689, 4941, 0]
(Worker_TP1 pid=1239) INFO 09-03 11:02:50 [exl3.py:464] exl3 e2 diag schema=1 configured_tier=legacy effective_tier=legacy tier_reason=none_requested shared_suh=1 shared_suh_layers=42/42 sym_exl3_moe=1 sym_fat_gemm=1 sym_fat_gemm_scatter=1 cap=12.1 cap_ok=1 tp_rank=1 tp_size=4 prefill_layer_calls=6468 thin_calls=255 row_tile_calls=0 fallback_calls=kernel=0,batched=0,sorted=0,legacy=6212 fallback_reasons=legacy_default=6212,thin_only=255 fat_expert_runs=153797 direct_calls=0 scatter_calls=0 fat_layers=6213 fat_expert_slots=153815 max_rows=2048 fused_temps_allocs=1 fused_temps_bytes=14155776 fat_scratch_allocs=0 fat_scratch_bytes=0 fat_scratch_peak_bytes=0
(Worker_TP1 pid=1239) INFO 09-03 11:02:51 [exl3.py:451] exl3 fat-expert P0: layers=6510 fat_layers=6255 (96.1%) fat_expert_slots=154842 max_rows=2048 avg_max_rows=1382.9 hist_le128=255 hist_gt128=6255 hist=[0, 17, 43, 195, 80, 506, 696, 4973, 0]
(Worker_TP1 pid=1239) INFO 09-03 11:02:51 [exl3.py:464] exl3 e2 diag schema=1 configured_tier=legacy effective_tier=legacy tier_reason=none_requested shared_suh=1 shared_suh_layers=42/42 sym_exl3_moe=1 sym_fat_gemm=1 sym_fat_gemm_scatter=1 cap=12.1 cap_ok=1 tp_rank=1 tp_size=4 prefill_layer_calls=6510 thin_calls=255 row_tile_calls=0 fallback_calls=kernel=0,batched=0,sorted=0,legacy=6254 fallback_reasons=legacy_default=6254,thin_only=255 fat_expert_runs=154827 direct_calls=0 scatter_calls=0 fat_layers=6255 fat_expert_slots=154842 max_rows=2048 fused_temps_allocs=1 fused_temps_bytes=14155776 fat_scratch_allocs=0 fat_scratch_bytes=0 fat_scratch_peak_bytes=0
(Worker_TP1 pid=1239) INFO 09-03 11:02:53 [exl3.py:451] exl3 fat-expert P0: layers=6552 fat_layers=6297 (96.1%) fat_expert_slots=155900 max_rows=2048 avg_max_rows=1383.3 hist_le128=255 hist_gt128=6297 hist=[0, 17, 43, 195, 80, 509, 702, 5006, 0]
(Worker_TP1 pid=1239) INFO 09-03 11:02:53 [exl3.py:464] exl3 e2 diag schema=1 configured_tier=legacy effective_tier=legacy tier_reason=none_requested shared_suh=1 shared_suh_layers=42/42 sym_exl3_moe=1 sym_fat_gemm=1 sym_fat_gemm_scatter=1 cap=12.1 cap_ok=1 tp_rank=1 tp_size=4 prefill_layer_calls=6552 thin_calls=255 row_tile_calls=0 fallback_calls=kernel=0,batched=0,sorted=0,legacy=6296 fallback_reasons=legacy_default=6296,thin_only=255 fat_expert_runs=155885 direct_calls=0 scatter_calls=0 fat_layers=6297 fat_expert_slots=155900 max_rows=2048 fused_temps_allocs=1 fused_temps_bytes=14155776 fat_scratch_allocs=0 fat_scratch_bytes=0 fat_scratch_peak_bytes=0
(Worker_TP1 pid=1239) INFO 09-03 11:02:55 [exl3.py:451] exl3 fat-expert P0: layers=6594 fat_layers=6339 (96.1%) fat_expert_slots=156981 max_rows=2048 avg_max_rows=1383.6 hist_le128=255 hist_gt128=6339 hist=[0, 17, 43, 195, 80, 513, 705, 5041, 0]
(Worker_TP1 pid=1239) INFO 09-03 11:02:55 [exl3.py:464] exl3 e2 diag schema=1 configured_tier=legacy effective_tier=legacy tier_reason=none_requested shared_suh=1 shared_suh_layers=42/42 sym_exl3_moe=1 sym_fat_gemm=1 sym_fat_gemm_scatter=1 cap=12.1 cap_ok=1 tp_rank=1 tp_size=4 prefill_layer_calls=6594 thin_calls=255 row_tile_calls=0 fallback_calls=kernel=0,batched=0,sorted=0,legacy=6338 fallback_reasons=legacy_default=6338,thin_only=255 fat_expert_runs=156963 direct_calls=0 scatter_calls=0 fat_layers=6339 fat_expert_slots=156981 max_rows=2048 fused_temps_allocs=1 fused_temps_bytes=14155776 fat_scratch_allocs=0 fat_scratch_bytes=0 fat_scratch_peak_bytes=0
(Worker_TP1 pid=1239) INFO 09-03 11:02:57 [exl3.py:451] exl3 fat-expert P0: layers=6636 fat_layers=6381 (96.2%) fat_expert_slots=158034 max_rows=2048 avg_max_rows=1384.0 hist_le128=255 hist_gt128=6381 hist=[0, 17, 43, 195, 80, 517, 709, 5075, 0]
(Worker_TP1 pid=1239) INFO 09-03 11:02:57 [exl3.py:464] exl3 e2 diag schema=1 configured_tier=legacy effective_tier=legacy tier_reason=none_requested shared_suh=1 shared_suh_layers=42/42 sym_exl3_moe=1 sym_fat_gemm=1 sym_fat_gemm_scatter=1 cap=12.1 cap_ok=1 tp_rank=1 tp_size=4 prefill_layer_calls=6636 thin_calls=255 row_tile_calls=0 fallback_calls=kernel=0,batched=0,sorted=0,legacy=6380 fallback_reasons=legacy_default=6380,thin_only=255 fat_expert_runs=158016 direct_calls=0 scatter_calls=0 fat_layers=6381 fat_expert_slots=158034 max_rows=2048 fused_temps_allocs=1 fused_temps_bytes=14155776 fat_scratch_allocs=0 fat_scratch_bytes=0 fat_scratch_peak_bytes=0
(Worker_TP1 pid=1239) INFO 09-03 11:02:58 [exl3.py:451] exl3 fat-expert P0: layers=6678 fat_layers=6423 (96.2%) fat_expert_slots=159088 max_rows=2048 avg_max_rows=1384.5 hist_le128=255 hist_gt128=6423 hist=[0, 17, 43, 195, 80, 522, 712, 5109, 0]
(Worker_TP1 pid=1239) INFO 09-03 11:02:58 [exl3.py:464] exl3 e2 diag schema=1 configured_tier=legacy effective_tier=legacy tier_reason=none_requested shared_suh=1 shared_suh_layers=42/42 sym_exl3_moe=1 sym_fat_gemm=1 sym_fat_gemm_scatter=1 cap=12.1 cap_ok=1 tp_rank=1 tp_size=4 prefill_layer_calls=6678 thin_calls=255 row_tile_calls=0 fallback_calls=kernel=0,batched=0,sorted=0,legacy=6422 fallback_reasons=legacy_default=6422,thin_only=255 fat_expert_runs=159069 direct_calls=0 scatter_calls=0 fat_layers=6423 fat_expert_slots=159088 max_rows=2048 fused_temps_allocs=1 fused_temps_bytes=14155776 fat_scratch_allocs=0 fat_scratch_bytes=0 fat_scratch_peak_bytes=0
(Worker_TP1 pid=1239) INFO 09-03 11:03:00 [exl3.py:451] exl3 fat-expert P0: layers=6720 fat_layers=6465 (96.2%) fat_expert_slots=160138 max_rows=2048 avg_max_rows=1385.2 hist_le128=255 hist_gt128=6465 hist=[0, 17, 43, 195, 80, 526, 716, 5143, 0]
(Worker_TP1 pid=1239) INFO 09-03 11:03:00 [exl3.py:464] exl3 e2 diag schema=1 configured_tier=legacy effective_tier=legacy tier_reason=none_requested shared_suh=1 shared_suh_layers=42/42 sym_exl3_moe=1 sym_fat_gemm=1 sym_fat_gemm_scatter=1 cap=12.1 cap_ok=1 tp_rank=1 tp_size=4 prefill_layer_calls=6720 thin_calls=255 row_tile_calls=0 fallback_calls=kernel=0,batched=0,sorted=0,legacy=6464 fallback_reasons=legacy_default=6464,thin_only=255 fat_expert_runs=160122 direct_calls=0 scatter_calls=0 fat_layers=6465 fat_expert_slots=160138 max_rows=2048 fused_temps_allocs=1 fused_temps_bytes=14155776 fat_scratch_allocs=0 fat_scratch_bytes=0 fat_scratch_peak_bytes=0
(Worker_TP1 pid=1239) INFO 09-03 11:03:02 [exl3.py:451] exl3 fat-expert P0: layers=6762 fat_layers=6507 (96.2%) fat_expert_slots=161182 max_rows=2048 avg_max_rows=1385.6 hist_le128=255 hist_gt128=6507 hist=[0, 17, 43, 195, 80, 529, 722, 5176, 0]
(Worker_TP1 pid=1239) INFO 09-03 11:03:02 [exl3.py:464] exl3 e2 diag schema=1 configured_tier=legacy effective_tier=legacy tier_reason=none_requested shared_suh=1 shared_suh_layers=42/42 sym_exl3_moe=1 sym_fat_gemm=1 sym_fat_gemm_scatter=1 cap=12.1 cap_ok=1 tp_rank=1 tp_size=4 prefill_layer_calls=6762 thin_calls=255 row_tile_calls=0 fallback_calls=kernel=0,batched=0,sorted=0,legacy=6506 fallback_reasons=legacy_default=6506,thin_only=255 fat_expert_runs=161168 direct_calls=0 scatter_calls=0 fat_layers=6507 fat_expert_slots=161182 max_rows=2048 fused_temps_allocs=1 fused_temps_bytes=14155776 fat_scratch_allocs=0 fat_scratch_bytes=0 fat_scratch_peak_bytes=0
(Worker_TP1 pid=1239) INFO 09-03 11:03:03 [exl3.py:451] exl3 fat-expert P0: layers=6804 fat_layers=6549 (96.3%) fat_expert_slots=162247 max_rows=2048 avg_max_rows=1386.0 hist_le128=255 hist_gt128=6549 hist=[0, 17, 43, 195, 80, 532, 728, 5209, 0]
(Worker_TP1 pid=1239) INFO 09-03 11:03:03 [exl3.py:464] exl3 e2 diag schema=1 configured_tier=legacy effective_tier=legacy tier_reason=none_requested shared_suh=1 shared_suh_layers=42/42 sym_exl3_moe=1 sym_fat_gemm=1 sym_fat_gemm_scatter=1 cap=12.1 cap_ok=1 tp_rank=1 tp_size=4 prefill_layer_calls=6804 thin_calls=255 row_tile_calls=0 fallback_calls=kernel=0,batched=0,sorted=0,legacy=6548 fallback_reasons=legacy_default=6548,thin_only=255 fat_expert_runs=162232 direct_calls=0 scatter_calls=0 fat_layers=6549 fat_expert_slots=162247 max_rows=2048 fused_temps_allocs=1 fused_temps_bytes=14155776 fat_scratch_allocs=0 fat_scratch_bytes=0 fat_scratch_peak_bytes=0
(Worker_TP1 pid=1239) INFO 09-03 11:03:05 [exl3.py:451] exl3 fat-expert P0: layers=6846 fat_layers=6591 (96.3%) fat_expert_slots=163281 max_rows=2048 avg_max_rows=1386.5 hist_le128=255 hist_gt128=6591 hist=[0, 17, 43, 195, 80, 535, 734, 5242, 0]
(Worker_TP1 pid=1239) INFO 09-03 11:03:05 [exl3.py:464] exl3 e2 diag schema=1 configured_tier=legacy effective_tier=legacy tier_reason=none_requested shared_suh=1 shared_suh_layers=42/42 sym_exl3_moe=1 sym_fat_gemm=1 sym_fat_gemm_scatter=1 cap=12.1 cap_ok=1 tp_rank=1 tp_size=4 prefill_layer_calls=6846 thin_calls=255 row_tile_calls=0 fallback_calls=kernel=0,batched=0,sorted=0,legacy=6590 fallback_reasons=legacy_default=6590,thin_only=255 fat_expert_runs=163264 direct_calls=0 scatter_calls=0 fat_layers=6591 fat_expert_slots=163281 max_rows=2048 fused_temps_allocs=1 fused_temps_bytes=14155776 fat_scratch_allocs=0 fat_scratch_bytes=0 fat_scratch_peak_bytes=0
(Worker_TP1 pid=1239) INFO 09-03 11:03:07 [exl3.py:451] exl3 fat-expert P0: layers=6888 fat_layers=6633 (96.3%) fat_expert_slots=164323 max_rows=2048 avg_max_rows=1386.9 hist_le128=255 hist_gt128=6633 hist=[0, 17, 43, 195, 80, 539, 739, 5275, 0]
(Worker_TP1 pid=1239) INFO 09-03 11:03:07 [exl3.py:464] exl3 e2 diag schema=1 configured_tier=legacy effective_tier=legacy tier_reason=none_requested shared_suh=1 shared_suh_layers=42/42 sym_exl3_moe=1 sym_fat_gemm=1 sym_fat_gemm_scatter=1 cap=12.1 cap_ok=1 tp_rank=1 tp_size=4 prefill_layer_calls=6888 thin_calls=255 row_tile_calls=0 fallback_calls=kernel=0,batched=0,sorted=0,legacy=6632 fallback_reasons=legacy_default=6632,thin_only=255 fat_expert_runs=164309 direct_calls=0 scatter_calls=0 fat_layers=6633 fat_expert_slots=164323 max_rows=2048 fused_temps_allocs=1 fused_temps_bytes=14155776 fat_scratch_allocs=0 fat_scratch_bytes=0 fat_scratch_peak_bytes=0
(Worker_TP1 pid=1239) INFO 09-03 11:03:09 [exl3.py:451] exl3 fat-expert P0: layers=6930 fat_layers=6675 (96.3%) fat_expert_slots=165377 max_rows=2048 avg_max_rows=1387.4 hist_le128=255 hist_gt128=6675 hist=[0, 17, 43, 195, 80, 543, 743, 5309, 0]
(Worker_TP1 pid=1239) INFO 09-03 11:03:09 [exl3.py:464] exl3 e2 diag schema=1 configured_tier=legacy effective_tier=legacy tier_reason=none_requested shared_suh=1 shared_suh_layers=42/42 sym_exl3_moe=1 sym_fat_gemm=1 sym_fat_gemm_scatter=1 cap=12.1 cap_ok=1 tp_rank=1 tp_size=4 prefill_layer_calls=6930 thin_calls=255 row_tile_calls=0 fallback_calls=kernel=0,batched=0,sorted=0,legacy=6674 fallback_reasons=legacy_default=6674,thin_only=255 fat_expert_runs=165363 direct_calls=0 scatter_calls=0 fat_layers=6675 fat_expert_slots=165377 max_rows=2048 fused_temps_allocs=1 fused_temps_bytes=14155776 fat_scratch_allocs=0 fat_scratch_bytes=0 fat_scratch_peak_bytes=0
(Worker_TP1 pid=1239) INFO 09-03 11:03:10 [exl3.py:451] exl3 fat-expert P0: layers=6972 fat_layers=6717 (96.3%) fat_expert_slots=166420 max_rows=2048 avg_max_rows=1387.9 hist_le128=255 hist_gt128=6717 hist=[0, 17, 43, 195, 80, 547, 748, 5342, 0]
(Worker_TP1 pid=1239) INFO 09-03 11:03:10 [exl3.py:464] exl3 e2 diag schema=1 configured_tier=legacy effective_tier=legacy tier_reason=none_requested shared_suh=1 shared_suh_layers=42/42 sym_exl3_moe=1 sym_fat_gemm=1 sym_fat_gemm_scatter=1 cap=12.1 cap_ok=1 tp_rank=1 tp_size=4 prefill_layer_calls=6972 thin_calls=255 row_tile_calls=0 fallback_calls=kernel=0,batched=0,sorted=0,legacy=6716 fallback_reasons=legacy_default=6716,thin_only=255 fat_expert_runs=166407 direct_calls=0 scatter_calls=0 fat_layers=6717 fat_expert_slots=166420 max_rows=2048 fused_temps_allocs=1 fused_temps_bytes=14155776 fat_scratch_allocs=0 fat_scratch_bytes=0 fat_scratch_peak_bytes=0
(Worker_TP1 pid=1239) INFO 09-03 11:03:12 [exl3.py:451] exl3 fat-expert P0: layers=7014 fat_layers=6759 (96.4%) fat_expert_slots=167505 max_rows=2048 avg_max_rows=1388.3 hist_le128=255 hist_gt128=6759 hist=[0, 17, 43, 195, 80, 550, 753, 5376, 0]
(Worker_TP1 pid=1239) INFO 09-03 11:03:12 [exl3.py:464] exl3 e2 diag schema=1 configured_tier=legacy effective_tier=legacy tier_reason=none_requested shared_suh=1 shared_suh_layers=42/42 sym_exl3_moe=1 sym_fat_gemm=1 sym_fat_gemm_scatter=1 cap=12.1 cap_ok=1 tp_rank=1 tp_size=4 prefill_layer_calls=7014 thin_calls=255 row_tile_calls=0 fallback_calls=kernel=0,batched=0,sorted=0,legacy=6758 fallback_reasons=legacy_default=6758,thin_only=255 fat_expert_runs=167492 direct_calls=0 scatter_calls=0 fat_layers=6759 fat_expert_slots=167505 max_rows=2048 fused_temps_allocs=1 fused_temps_bytes=14155776 fat_scratch_allocs=0 fat_scratch_bytes=0 fat_scratch_peak_bytes=0
(Worker_TP1 pid=1239) INFO 09-03 11:03:14 [exl3.py:451] exl3 fat-expert P0: layers=7056 fat_layers=6801 (96.4%) fat_expert_slots=168581 max_rows=2048 avg_max_rows=1388.7 hist_le128=255 hist_gt128=6801 hist=[0, 17, 43, 195, 80, 554, 759, 5408, 0]
(Worker_TP1 pid=1239) INFO 09-03 11:03:14 [exl3.py:464] exl3 e2 diag schema=1 configured_tier=legacy effective_tier=legacy tier_reason=none_requested shared_suh=1 shared_suh_layers=42/42 sym_exl3_moe=1 sym_fat_gemm=1 sym_fat_gemm_scatter=1 cap=12.1 cap_ok=1 tp_rank=1 tp_size=4 prefill_layer_calls=7056 thin_calls=255 row_tile_calls=0 fallback_calls=kernel=0,batched=0,sorted=0,legacy=6800 fallback_reasons=legacy_default=6800,thin_only=255 fat_expert_runs=168570 direct_calls=0 scatter_calls=0 fat_layers=6801 fat_expert_slots=168581 max_rows=2048 fused_temps_allocs=1 fused_temps_bytes=14155776 fat_scratch_allocs=0 fat_scratch_bytes=0 fat_scratch_peak_bytes=0
(Worker_TP1 pid=1239) INFO 09-03 11:03:16 [exl3.py:451] exl3 fat-expert P0: layers=7098 fat_layers=6843 (96.4%) fat_expert_slots=169647 max_rows=2048 avg_max_rows=1389.1 hist_le128=255 hist_gt128=6843 hist=[0, 17, 43, 195, 80, 558, 765, 5440, 0]
(Worker_TP1 pid=1239) INFO 09-03 11:03:16 [exl3.py:464] exl3 e2 diag schema=1 configured_tier=legacy effective_tier=legacy tier_reason=none_requested shared_suh=1 shared_suh_layers=42/42 sym_exl3_moe=1 sym_fat_gemm=1 sym_fat_gemm_scatter=1 cap=12.1 cap_ok=1 tp_rank=1 tp_size=4 prefill_layer_calls=7098 thin_calls=255 row_tile_calls=0 fallback_calls=kernel=0,batched=0,sorted=0,legacy=6842 fallback_reasons=legacy_default=6842,thin_only=255 fat_expert_runs=169635 direct_calls=0 scatter_calls=0 fat_layers=6843 fat_expert_slots=169647 max_rows=2048 fused_temps_allocs=1 fused_temps_bytes=14155776 fat_scratch_allocs=0 fat_scratch_bytes=0 fat_scratch_peak_bytes=0
(Worker_TP1 pid=1239) INFO 09-03 11:03:17 [exl3.py:451] exl3 fat-expert P0: layers=7140 fat_layers=6885 (96.4%) fat_expert_slots=170736 max_rows=2048 avg_max_rows=1389.4 hist_le128=255 hist_gt128=6885 hist=[0, 17, 43, 195, 80, 561, 771, 5473, 0]
(Worker_TP1 pid=1239) INFO 09-03 11:03:17 [exl3.py:464] exl3 e2 diag schema=1 configured_tier=legacy effective_tier=legacy tier_reason=none_requested shared_suh=1 shared_suh_layers=42/42 sym_exl3_moe=1 sym_fat_gemm=1 sym_fat_gemm_scatter=1 cap=12.1 cap_ok=1 tp_rank=1 tp_size=4 prefill_layer_calls=7140 thin_calls=255 row_tile_calls=0 fallback_calls=kernel=0,batched=0,sorted=0,legacy=6884 fallback_reasons=legacy_default=6884,thin_only=255 fat_expert_runs=170723 direct_calls=0 scatter_calls=0 fat_layers=6885 fat_expert_slots=170736 max_rows=2048 fused_temps_allocs=1 fused_temps_bytes=14155776 fat_scratch_allocs=0 fat_scratch_bytes=0 fat_scratch_peak_bytes=0
(Worker_TP1 pid=1239) INFO 09-03 11:03:19 [exl3.py:451] exl3 fat-expert P0: layers=7182 fat_layers=6927 (96.4%) fat_expert_slots=171793 max_rows=2048 avg_max_rows=1389.7 hist_le128=255 hist_gt128=6927 hist=[0, 17, 43, 195, 80, 565, 777, 5505, 0]
(Worker_TP1 pid=1239) INFO 09-03 11:03:19 [exl3.py:464] exl3 e2 diag schema=1 configured_tier=legacy effective_tier=legacy tier_reason=none_requested shared_suh=1 shared_suh_layers=42/42 sym_exl3_moe=1 sym_fat_gemm=1 sym_fat_gemm_scatter=1 cap=12.1 cap_ok=1 tp_rank=1 tp_size=4 prefill_layer_calls=7182 thin_calls=255 row_tile_calls=0 fallback_calls=kernel=0,batched=0,sorted=0,legacy=6926 fallback_reasons=legacy_default=6926,thin_only=255 fat_expert_runs=171781 direct_calls=0 scatter_calls=0 fat_layers=6927 fat_expert_slots=171793 max_rows=2048 fused_temps_allocs=1 fused_temps_bytes=14155776 fat_scratch_allocs=0 fat_scratch_bytes=0 fat_scratch_peak_bytes=0
(Worker_TP1 pid=1239) INFO 09-03 11:03:21 [exl3.py:451] exl3 fat-expert P0: layers=7224 fat_layers=6969 (96.5%) fat_expert_slots=172879 max_rows=2048 avg_max_rows=1389.9 hist_le128=255 hist_gt128=6969 hist=[0, 17, 43, 195, 80, 568, 784, 5537, 0]
(Worker_TP1 pid=1239) INFO 09-03 11:03:21 [exl3.py:464] exl3 e2 diag schema=1 configured_tier=legacy effective_tier=legacy tier_reason=none_requested shared_suh=1 shared_suh_layers=42/42 sym_exl3_moe=1 sym_fat_gemm=1 sym_fat_gemm_scatter=1 cap=12.1 cap_ok=1 tp_rank=1 tp_size=4 prefill_layer_calls=7224 thin_calls=255 row_tile_calls=0 fallback_calls=kernel=0,batched=0,sorted=0,legacy=6968 fallback_reasons=legacy_default=6968,thin_only=255 fat_expert_runs=172868 direct_calls=0 scatter_calls=0 fat_layers=6969 fat_expert_slots=172879 max_rows=2048 fused_temps_allocs=1 fused_temps_bytes=14155776 fat_scratch_allocs=0 fat_scratch_bytes=0 fat_scratch_peak_bytes=0
(Worker_TP1 pid=1239) INFO 09-03 11:03:23 [exl3.py:451] exl3 fat-expert P0: layers=7266 fat_layers=7011 (96.5%) fat_expert_slots=173989 max_rows=2048 avg_max_rows=1390.2 hist_le128=255 hist_gt128=7011 hist=[0, 17, 43, 195, 80, 571, 790, 5570, 0]
(Worker_TP1 pid=1239) INFO 09-03 11:03:23 [exl3.py:464] exl3 e2 diag schema=1 configured_tier=legacy effective_tier=legacy tier_reason=none_requested shared_suh=1 shared_suh_layers=42/42 sym_exl3_moe=1 sym_fat_gemm=1 sym_fat_gemm_scatter=1 cap=12.1 cap_ok=1 tp_rank=1 tp_size=4 prefill_layer_calls=7266 thin_calls=255 row_tile_calls=0 fallback_calls=kernel=0,batched=0,sorted=0,legacy=7010 fallback_reasons=legacy_default=7010,thin_only=255 fat_expert_runs=173978 direct_calls=0 scatter_calls=0 fat_layers=7011 fat_expert_slots=173989 max_rows=2048 fused_temps_allocs=1 fused_temps_bytes=14155776 fat_scratch_allocs=0 fat_scratch_bytes=0 fat_scratch_peak_bytes=0
(Worker_TP1 pid=1239) INFO 09-03 11:03:24 [exl3.py:451] exl3 fat-expert P0: layers=7308 fat_layers=7053 (96.5%) fat_expert_slots=175087 max_rows=2048 avg_max_rows=1390.5 hist_le128=255 hist_gt128=7053 hist=[0, 17, 43, 195, 80, 575, 796, 5602, 0]
(Worker_TP1 pid=1239) INFO 09-03 11:03:24 [exl3.py:464] exl3 e2 diag schema=1 configured_tier=legacy effective_tier=legacy tier_reason=none_requested shared_suh=1 shared_suh_layers=42/42 sym_exl3_moe=1 sym_fat_gemm=1 sym_fat_gemm_scatter=1 cap=12.1 cap_ok=1 tp_rank=1 tp_size=4 prefill_layer_calls=7308 thin_calls=255 row_tile_calls=0 fallback_calls=kernel=0,batched=0,sorted=0,legacy=7052 fallback_reasons=legacy_default=7052,thin_only=255 fat_expert_runs=175076 direct_calls=0 scatter_calls=0 fat_layers=7053 fat_expert_slots=175087 max_rows=2048 fused_temps_allocs=1 fused_temps_bytes=14155776 fat_scratch_allocs=0 fat_scratch_bytes=0 fat_scratch_peak_bytes=0
(Worker_TP1 pid=1239) INFO 09-03 11:03:26 [exl3.py:451] exl3 fat-expert P0: layers=7350 fat_layers=7095 (96.5%) fat_expert_slots=176195 max_rows=2048 avg_max_rows=1390.7 hist_le128=255 hist_gt128=7095 hist=[0, 17, 43, 195, 80, 578, 802, 5635, 0]
(Worker_TP1 pid=1239) INFO 09-03 11:03:26 [exl3.py:464] exl3 e2 diag schema=1 configured_tier=legacy effective_tier=legacy tier_reason=none_requested shared_suh=1 shared_suh_layers=42/42 sym_exl3_moe=1 sym_fat_gemm=1 sym_fat_gemm_scatter=1 cap=12.1 cap_ok=1 tp_rank=1 tp_size=4 prefill_layer_calls=7350 thin_calls=255 row_tile_calls=0 fallback_calls=kernel=0,batched=0,sorted=0,legacy=7094 fallback_reasons=legacy_default=7094,thin_only=255 fat_expert_runs=176184 direct_calls=0 scatter_calls=0 fat_layers=7095 fat_expert_slots=176195 max_rows=2048 fused_temps_allocs=1 fused_temps_bytes=14155776 fat_scratch_allocs=0 fat_scratch_bytes=0 fat_scratch_peak_bytes=0
(Worker_TP1 pid=1239) INFO 09-03 11:03:28 [exl3.py:451] exl3 fat-expert P0: layers=7392 fat_layers=7137 (96.6%) fat_expert_slots=177280 max_rows=2048 avg_max_rows=1390.9 hist_le128=255 hist_gt128=7137 hist=[0, 17, 43, 195, 80, 582, 808, 5667, 0]
(Worker_TP1 pid=1239) INFO 09-03 11:03:28 [exl3.py:464] exl3 e2 diag schema=1 configured_tier=legacy effective_tier=legacy tier_reason=none_requested shared_suh=1 shared_suh_layers=42/42 sym_exl3_moe=1 sym_fat_gemm=1 sym_fat_gemm_scatter=1 cap=12.1 cap_ok=1 tp_rank=1 tp_size=4 prefill_layer_calls=7392 thin_calls=255 row_tile_calls=0 fallback_calls=kernel=0,batched=0,sorted=0,legacy=7136 fallback_reasons=legacy_default=7136,thin_only=255 fat_expert_runs=177269 direct_calls=0 scatter_calls=0 fat_layers=7137 fat_expert_slots=177280 max_rows=2048 fused_temps_allocs=1 fused_temps_bytes=14155776 fat_scratch_allocs=0 fat_scratch_bytes=0 fat_scratch_peak_bytes=0
(Worker_TP1 pid=1239) INFO 09-03 11:03:30 [exl3.py:451] exl3 fat-expert P0: layers=7434 fat_layers=7179 (96.6%) fat_expert_slots=178366 max_rows=2048 avg_max_rows=1391.1 hist_le128=255 hist_gt128=7179 hist=[0, 17, 43, 195, 80, 586, 814, 5699, 0]
(Worker_TP1 pid=1239) INFO 09-03 11:03:30 [exl3.py:464] exl3 e2 diag schema=1 configured_tier=legacy effective_tier=legacy tier_reason=none_requested shared_suh=1 shared_suh_layers=42/42 sym_exl3_moe=1 sym_fat_gemm=1 sym_fat_gemm_scatter=1 cap=12.1 cap_ok=1 tp_rank=1 tp_size=4 prefill_layer_calls=7434 thin_calls=255 row_tile_calls=0 fallback_calls=kernel=0,batched=0,sorted=0,legacy=7178 fallback_reasons=legacy_default=7178,thin_only=255 fat_expert_runs=178355 direct_calls=0 scatter_calls=0 fat_layers=7179 fat_expert_slots=178366 max_rows=2048 fused_temps_allocs=1 fused_temps_bytes=14155776 fat_scratch_allocs=0 fat_scratch_bytes=0 fat_scratch_peak_bytes=0
(Worker_TP1 pid=1239) INFO 09-03 11:03:31 [exl3.py:451] exl3 fat-expert P0: layers=7476 fat_layers=7221 (96.6%) fat_expert_slots=179457 max_rows=2048 avg_max_rows=1391.3 hist_le128=255 hist_gt128=7221 hist=[0, 17, 43, 195, 80, 589, 820, 5732, 0]
(Worker_TP1 pid=1239) INFO 09-03 11:03:31 [exl3.py:464] exl3 e2 diag schema=1 configured_tier=legacy effective_tier=legacy tier_reason=none_requested shared_suh=1 shared_suh_layers=42/42 sym_exl3_moe=1 sym_fat_gemm=1 sym_fat_gemm_scatter=1 cap=12.1 cap_ok=1 tp_rank=1 tp_size=4 prefill_layer_calls=7476 thin_calls=255 row_tile_calls=0 fallback_calls=kernel=0,batched=0,sorted=0,legacy=7220 fallback_reasons=legacy_default=7220,thin_only=255 fat_expert_runs=179446 direct_calls=0 scatter_calls=0 fat_layers=7221 fat_expert_slots=179457 max_rows=2048 fused_temps_allocs=1 fused_temps_bytes=14155776 fat_scratch_allocs=0 fat_scratch_bytes=0 fat_scratch_peak_bytes=0
(Worker_TP1 pid=1239) INFO 09-03 11:03:33 [exl3.py:451] exl3 fat-expert P0: layers=7518 fat_layers=7263 (96.6%) fat_expert_slots=180559 max_rows=2048 avg_max_rows=1391.5 hist_le128=255 hist_gt128=7263 hist=[0, 17, 43, 195, 80, 592, 827, 5764, 0]
(Worker_TP1 pid=1239) INFO 09-03 11:03:33 [exl3.py:464] exl3 e2 diag schema=1 configured_tier=legacy effective_tier=legacy tier_reason=none_requested shared_suh=1 shared_suh_layers=42/42 sym_exl3_moe=1 sym_fat_gemm=1 sym_fat_gemm_scatter=1 cap=12.1 cap_ok=1 tp_rank=1 tp_size=4 prefill_layer_calls=7518 thin_calls=255 row_tile_calls=0 fallback_calls=kernel=0,batched=0,sorted=0,legacy=7262 fallback_reasons=legacy_default=7262,thin_only=255 fat_expert_runs=180548 direct_calls=0 scatter_calls=0 fat_layers=7263 fat_expert_slots=180559 max_rows=2048 fused_temps_allocs=1 fused_temps_bytes=14155776 fat_scratch_allocs=0 fat_scratch_bytes=0 fat_scratch_peak_bytes=0
(Worker_TP1 pid=1239) INFO 09-03 11:03:35 [exl3.py:451] exl3 fat-expert P0: layers=7560 fat_layers=7305 (96.6%) fat_expert_slots=181688 max_rows=2048 avg_max_rows=1391.7 hist_le128=255 hist_gt128=7305 hist=[0, 17, 43, 195, 80, 596, 832, 5797, 0]
(Worker_TP1 pid=1239) INFO 09-03 11:03:35 [exl3.py:464] exl3 e2 diag schema=1 configured_tier=legacy effective_tier=legacy tier_reason=none_requested shared_suh=1 shared_suh_layers=42/42 sym_exl3_moe=1 sym_fat_gemm=1 sym_fat_gemm_scatter=1 cap=12.1 cap_ok=1 tp_rank=1 tp_size=4 prefill_layer_calls=7560 thin_calls=255 row_tile_calls=0 fallback_calls=kernel=0,batched=0,sorted=0,legacy=7304 fallback_reasons=legacy_default=7304,thin_only=255 fat_expert_runs=181677 direct_calls=0 scatter_calls=0 fat_layers=7305 fat_expert_slots=181688 max_rows=2048 fused_temps_allocs=1 fused_temps_bytes=14155776 fat_scratch_allocs=0 fat_scratch_bytes=0 fat_scratch_peak_bytes=0
(Worker_TP1 pid=1239) INFO 09-03 11:03:37 [exl3.py:451] exl3 fat-expert P0: layers=7602 fat_layers=7347 (96.6%) fat_expert_slots=182808 max_rows=2048 avg_max_rows=1391.9 hist_le128=255 hist_gt128=7347 hist=[0, 17, 43, 195, 80, 599, 838, 5830, 0]
(Worker_TP1 pid=1239) INFO 09-03 11:03:37 [exl3.py:464] exl3 e2 diag schema=1 configured_tier=legacy effective_tier=legacy tier_reason=none_requested shared_suh=1 shared_suh_layers=42/42 sym_exl3_moe=1 sym_fat_gemm=1 sym_fat_gemm_scatter=1 cap=12.1 cap_ok=1 tp_rank=1 tp_size=4 prefill_layer_calls=7602 thin_calls=255 row_tile_calls=0 fallback_calls=kernel=0,batched=0,sorted=0,legacy=7346 fallback_reasons=legacy_default=7346,thin_only=255 fat_expert_runs=182798 direct_calls=0 scatter_calls=0 fat_layers=7347 fat_expert_slots=182808 max_rows=2048 fused_temps_allocs=1 fused_temps_bytes=14155776 fat_scratch_allocs=0 fat_scratch_bytes=0 fat_scratch_peak_bytes=0
(Worker_TP1 pid=1239) INFO 09-03 11:03:39 [exl3.py:451] exl3 fat-expert P0: layers=7644 fat_layers=7389 (96.7%) fat_expert_slots=183936 max_rows=2048 avg_max_rows=1392.0 hist_le128=255 hist_gt128=7389 hist=[0, 17, 43, 195, 80, 603, 844, 5862, 0]
(Worker_TP1 pid=1239) INFO 09-03 11:03:39 [exl3.py:464] exl3 e2 diag schema=1 configured_tier=legacy effective_tier=legacy tier_reason=none_requested shared_suh=1 shared_suh_layers=42/42 sym_exl3_moe=1 sym_fat_gemm=1 sym_fat_gemm_scatter=1 cap=12.1 cap_ok=1 tp_rank=1 tp_size=4 prefill_layer_calls=7644 thin_calls=255 row_tile_calls=0 fallback_calls=kernel=0,batched=0,sorted=0,legacy=7388 fallback_reasons=legacy_default=7388,thin_only=255 fat_expert_runs=183925 direct_calls=0 scatter_calls=0 fat_layers=7389 fat_expert_slots=183936 max_rows=2048 fused_temps_allocs=1 fused_temps_bytes=14155776 fat_scratch_allocs=0 fat_scratch_bytes=0 fat_scratch_peak_bytes=0
(Worker_TP1 pid=1239) INFO 09-03 11:03:40 [exl3.py:451] exl3 fat-expert P0: layers=7686 fat_layers=7431 (96.7%) fat_expert_slots=185050 max_rows=2048 avg_max_rows=1392.1 hist_le128=255 hist_gt128=7431 hist=[0, 17, 43, 195, 80, 606, 851, 5894, 0]
(Worker_TP1 pid=1239) INFO 09-03 11:03:40 [exl3.py:464] exl3 e2 diag schema=1 configured_tier=legacy effective_tier=legacy tier_reason=none_requested shared_suh=1 shared_suh_layers=42/42 sym_exl3_moe=1 sym_fat_gemm=1 sym_fat_gemm_scatter=1 cap=12.1 cap_ok=1 tp_rank=1 tp_size=4 prefill_layer_calls=7686 thin_calls=255 row_tile_calls=0 fallback_calls=kernel=0,batched=0,sorted=0,legacy=7430 fallback_reasons=legacy_default=7430,thin_only=255 fat_expert_runs=185039 direct_calls=0 scatter_calls=0 fat_layers=7431 fat_expert_slots=185050 max_rows=2048 fused_temps_allocs=1 fused_temps_bytes=14155776 fat_scratch_allocs=0 fat_scratch_bytes=0 fat_scratch_peak_bytes=0
(Worker_TP1 pid=1239) INFO 09-03 11:03:42 [exl3.py:451] exl3 fat-expert P0: layers=7728 fat_layers=7473 (96.7%) fat_expert_slots=186156 max_rows=2048 avg_max_rows=1392.3 hist_le128=255 hist_gt128=7473 hist=[0, 17, 43, 195, 80, 609, 857, 5927, 0]
(Worker_TP1 pid=1239) INFO 09-03 11:03:42 [exl3.py:464] exl3 e2 diag schema=1 configured_tier=legacy effective_tier=legacy tier_reason=none_requested shared_suh=1 shared_suh_layers=42/42 sym_exl3_moe=1 sym_fat_gemm=1 sym_fat_gemm_scatter=1 cap=12.1 cap_ok=1 tp_rank=1 tp_size=4 prefill_layer_calls=7728 thin_calls=255 row_tile_calls=0 fallback_calls=kernel=0,batched=0,sorted=0,legacy=7472 fallback_reasons=legacy_default=7472,thin_only=255 fat_expert_runs=186145 direct_calls=0 scatter_calls=0 fat_layers=7473 fat_expert_slots=186156 max_rows=2048 fused_temps_allocs=1 fused_temps_bytes=14155776 fat_scratch_allocs=0 fat_scratch_bytes=0 fat_scratch_peak_bytes=0
(Worker_TP1 pid=1239) INFO 09-03 11:03:44 [exl3.py:451] exl3 fat-expert P0: layers=7770 fat_layers=7515 (96.7%) fat_expert_slots=187260 max_rows=2048 avg_max_rows=1392.5 hist_le128=255 hist_gt128=7515 hist=[0, 17, 43, 195, 80, 612, 863, 5960, 0]
(Worker_TP1 pid=1239) INFO 09-03 11:03:44 [exl3.py:464] exl3 e2 diag schema=1 configured_tier=legacy effective_tier=legacy tier_reason=none_requested shared_suh=1 shared_suh_layers=42/42 sym_exl3_moe=1 sym_fat_gemm=1 sym_fat_gemm_scatter=1 cap=12.1 cap_ok=1 tp_rank=1 tp_size=4 prefill_layer_calls=7770 thin_calls=255 row_tile_calls=0 fallback_calls=kernel=0,batched=0,sorted=0,legacy=7514 fallback_reasons=legacy_default=7514,thin_only=255 fat_expert_runs=187249 direct_calls=0 scatter_calls=0 fat_layers=7515 fat_expert_slots=187260 max_rows=2048 fused_temps_allocs=1 fused_temps_bytes=14155776 fat_scratch_allocs=0 fat_scratch_bytes=0 fat_scratch_peak_bytes=0
(Worker_TP1 pid=1239) INFO 09-03 11:03:45 [exl3.py:451] exl3 fat-expert P0: layers=7812 fat_layers=7557 (96.7%) fat_expert_slots=187777 max_rows=2048 avg_max_rows=1388.4 hist_le128=255 hist_gt128=7557 hist=[0, 17, 43, 195, 84, 618, 895, 5960, 0]
(Worker_TP1 pid=1239) INFO 09-03 11:03:45 [exl3.py:464] exl3 e2 diag schema=1 configured_tier=legacy effective_tier=legacy tier_reason=none_requested shared_suh=1 shared_suh_layers=42/42 sym_exl3_moe=1 sym_fat_gemm=1 sym_fat_gemm_scatter=1 cap=12.1 cap_ok=1 tp_rank=1 tp_size=4 prefill_layer_calls=7812 thin_calls=255 row_tile_calls=0 fallback_calls=kernel=0,batched=0,sorted=0,legacy=7556 fallback_reasons=legacy_default=7556,thin_only=255 fat_expert_runs=187767 direct_calls=0 scatter_calls=0 fat_layers=7557 fat_expert_slots=187777 max_rows=2048 fused_temps_allocs=1 fused_temps_bytes=14155776 fat_scratch_allocs=0 fat_scratch_bytes=0 fat_scratch_peak_bytes=0
(Worker_TP1 pid=1239) INFO 09-03 11:04:07 [exl3.py:451] exl3 fat-expert P0: layers=7854 fat_layers=7599 (96.8%) fat_expert_slots=188874 max_rows=2048 avg_max_rows=1388.4 hist_le128=255 hist_gt128=7599 hist=[0, 17, 43, 195, 84, 621, 901, 5993, 0]
(Worker_TP1 pid=1239) INFO 09-03 11:04:07 [exl3.py:464] exl3 e2 diag schema=1 configured_tier=legacy effective_tier=legacy tier_reason=none_requested shared_suh=1 shared_suh_layers=42/42 sym_exl3_moe=1 sym_fat_gemm=1 sym_fat_gemm_scatter=1 cap=12.1 cap_ok=1 tp_rank=1 tp_size=4 prefill_layer_calls=7854 thin_calls=255 row_tile_calls=0 fallback_calls=kernel=0,batched=0,sorted=0,legacy=7598 fallback_reasons=legacy_default=7598,thin_only=255 fat_expert_runs=188852 direct_calls=0 scatter_calls=0 fat_layers=7599 fat_expert_slots=188874 max_rows=2048 fused_temps_allocs=1 fused_temps_bytes=14155776 fat_scratch_allocs=0 fat_scratch_bytes=0 fat_scratch_peak_bytes=0
(Worker_TP1 pid=1239) INFO 09-03 11:04:08 [exl3.py:451] exl3 fat-expert P0: layers=7896 fat_layers=7641 (96.8%) fat_expert_slots=189931 max_rows=2048 avg_max_rows=1388.7 hist_le128=255 hist_gt128=7641 hist=[0, 17, 43, 195, 84, 625, 905, 6027, 0]
(Worker_TP1 pid=1239) INFO 09-03 11:04:08 [exl3.py:464] exl3 e2 diag schema=1 configured_tier=legacy effective_tier=legacy tier_reason=none_requested shared_suh=1 shared_suh_layers=42/42 sym_exl3_moe=1 sym_fat_gemm=1 sym_fat_gemm_scatter=1 cap=12.1 cap_ok=1 tp_rank=1 tp_size=4 prefill_layer_calls=7896 thin_calls=255 row_tile_calls=0 fallback_calls=kernel=0,batched=0,sorted=0,legacy=7640 fallback_reasons=legacy_default=7640,thin_only=255 fat_expert_runs=189911 direct_calls=0 scatter_calls=0 fat_layers=7641 fat_expert_slots=189931 max_rows=2048 fused_temps_allocs=1 fused_temps_bytes=14155776 fat_scratch_allocs=0 fat_scratch_bytes=0 fat_scratch_peak_bytes=0
(Worker_TP1 pid=1239) INFO 09-03 11:04:10 [exl3.py:451] exl3 fat-expert P0: layers=7938 fat_layers=7683 (96.8%) fat_expert_slots=190986 max_rows=2048 avg_max_rows=1389.2 hist_le128=255 hist_gt128=7683 hist=[0, 17, 43, 195, 84, 629, 908, 6062, 0]
(Worker_TP1 pid=1239) INFO 09-03 11:04:10 [exl3.py:464] exl3 e2 diag schema=1 configured_tier=legacy effective_tier=legacy tier_reason=none_requested shared_suh=1 shared_suh_layers=42/42 sym_exl3_moe=1 sym_fat_gemm=1 sym_fat_gemm_scatter=1 cap=12.1 cap_ok=1 tp_rank=1 tp_size=4 prefill_layer_calls=7938 thin_calls=255 row_tile_calls=0 fallback_calls=kernel=0,batched=0,sorted=0,legacy=7682 fallback_reasons=legacy_default=7682,thin_only=255 fat_expert_runs=190964 direct_calls=0 scatter_calls=0 fat_layers=7683 fat_expert_slots=190986 max_rows=2048 fused_temps_allocs=1 fused_temps_bytes=14155776 fat_scratch_allocs=0 fat_scratch_bytes=0 fat_scratch_peak_bytes=0
(Worker_TP1 pid=1239) INFO 09-03 11:04:12 [exl3.py:451] exl3 fat-expert P0: layers=7980 fat_layers=7725 (96.8%) fat_expert_slots=192028 max_rows=2048 avg_max_rows=1389.7 hist_le128=255 hist_gt128=7725 hist=[0, 17, 43, 195, 84, 633, 911, 6097, 0]
(Worker_TP1 pid=1239) INFO 09-03 11:04:12 [exl3.py:464] exl3 e2 diag schema=1 configured_tier=legacy effective_tier=legacy tier_reason=none_requested shared_suh=1 shared_suh_layers=42/42 sym_exl3_moe=1 sym_fat_gemm=1 sym_fat_gemm_scatter=1 cap=12.1 cap_ok=1 tp_rank=1 tp_size=4 prefill_layer_calls=7980 thin_calls=255 row_tile_calls=0 fallback_calls=kernel=0,batched=0,sorted=0,legacy=7724 fallback_reasons=legacy_default=7724,thin_only=255 fat_expert_runs=192004 direct_calls=0 scatter_calls=0 fat_layers=7725 fat_expert_slots=192028 max_rows=2048 fused_temps_allocs=1 fused_temps_bytes=14155776 fat_scratch_allocs=0 fat_scratch_bytes=0 fat_scratch_peak_bytes=0
(Worker_TP1 pid=1239) INFO 09-03 11:04:14 [exl3.py:451] exl3 fat-expert P0: layers=8022 fat_layers=7767 (96.8%) fat_expert_slots=193092 max_rows=2048 avg_max_rows=1390.2 hist_le128=255 hist_gt128=7767 hist=[0, 17, 43, 195, 84, 636, 915, 6132, 0]
(Worker_TP1 pid=1239) INFO 09-03 11:04:14 [exl3.py:464] exl3 e2 diag schema=1 configured_tier=legacy effective_tier=legacy tier_reason=none_requested shared_suh=1 shared_suh_layers=42/42 sym_exl3_moe=1 sym_fat_gemm=1 sym_fat_gemm_scatter=1 cap=12.1 cap_ok=1 tp_rank=1 tp_size=4 prefill_layer_calls=8022 thin_calls=255 row_tile_calls=0 fallback_calls=kernel=0,batched=0,sorted=0,legacy=7766 fallback_reasons=legacy_default=7766,thin_only=255 fat_expert_runs=193072 direct_calls=0 scatter_calls=0 fat_layers=7767 fat_expert_slots=193092 max_rows=2048 fused_temps_allocs=1 fused_temps_bytes=14155776 fat_scratch_allocs=0 fat_scratch_bytes=0 fat_scratch_peak_bytes=0
(Worker_TP1 pid=1239) INFO 09-03 11:04:15 [exl3.py:451] exl3 fat-expert P0: layers=8064 fat_layers=7809 (96.8%) fat_expert_slots=194140 max_rows=2048 avg_max_rows=1390.6 hist_le128=255 hist_gt128=7809 hist=[0, 17, 43, 195, 84, 639, 919, 6167, 0]
(Worker_TP1 pid=1239) INFO 09-03 11:04:15 [exl3.py:464] exl3 e2 diag schema=1 configured_tier=legacy effective_tier=legacy tier_reason=none_requested shared_suh=1 shared_suh_layers=42/42 sym_exl3_moe=1 sym_fat_gemm=1 sym_fat_gemm_scatter=1 cap=12.1 cap_ok=1 tp_rank=1 tp_size=4 prefill_layer_calls=8064 thin_calls=255 row_tile_calls=0 fallback_calls=kernel=0,batched=0,sorted=0,legacy=7808 fallback_reasons=legacy_default=7808,thin_only=255 fat_expert_runs=194123 direct_calls=0 scatter_calls=0 fat_layers=7809 fat_expert_slots=194140 max_rows=2048 fused_temps_allocs=1 fused_temps_bytes=14155776 fat_scratch_allocs=0 fat_scratch_bytes=0 fat_scratch_peak_bytes=0
(Worker_TP1 pid=1239) INFO 09-03 11:04:17 [exl3.py:451] exl3 fat-expert P0: layers=8106 fat_layers=7851 (96.9%) fat_expert_slots=195179 max_rows=2048 avg_max_rows=1391.0 hist_le128=255 hist_gt128=7851 hist=[0, 17, 43, 195, 84, 642, 923, 6202, 0]
(Worker_TP1 pid=1239) INFO 09-03 11:04:17 [exl3.py:464] exl3 e2 diag schema=1 configured_tier=legacy effective_tier=legacy tier_reason=none_requested shared_suh=1 shared_suh_layers=42/42 sym_exl3_moe=1 sym_fat_gemm=1 sym_fat_gemm_scatter=1 cap=12.1 cap_ok=1 tp_rank=1 tp_size=4 prefill_layer_calls=8106 thin_calls=255 row_tile_calls=0 fallback_calls=kernel=0,batched=0,sorted=0,legacy=7850 fallback_reasons=legacy_default=7850,thin_only=255 fat_expert_runs=195161 direct_calls=0 scatter_calls=0 fat_layers=7851 fat_expert_slots=195179 max_rows=2048 fused_temps_allocs=1 fused_temps_bytes=14155776 fat_scratch_allocs=0 fat_scratch_bytes=0 fat_scratch_peak_bytes=0
(Worker_TP1 pid=1239) INFO 09-03 11:04:19 [exl3.py:451] exl3 fat-expert P0: layers=8148 fat_layers=7893 (96.9%) fat_expert_slots=196217 max_rows=2048 avg_max_rows=1391.5 hist_le128=255 hist_gt128=7893 hist=[0, 17, 43, 195, 84, 645, 927, 6237, 0]
(Worker_TP1 pid=1239) INFO 09-03 11:04:19 [exl3.py:464] exl3 e2 diag schema=1 configured_tier=legacy effective_tier=legacy tier_reason=none_requested shared_suh=1 shared_suh_layers=42/42 sym_exl3_moe=1 sym_fat_gemm=1 sym_fat_gemm_scatter=1 cap=12.1 cap_ok=1 tp_rank=1 tp_size=4 prefill_layer_calls=8148 thin_calls=255 row_tile_calls=0 fallback_calls=kernel=0,batched=0,sorted=0,legacy=7892 fallback_reasons=legacy_default=7892,thin_only=255 fat_expert_runs=196195 direct_calls=0 scatter_calls=0 fat_layers=7893 fat_expert_slots=196217 max_rows=2048 fused_temps_allocs=1 fused_temps_bytes=14155776 fat_scratch_allocs=0 fat_scratch_bytes=0 fat_scratch_peak_bytes=0
(Worker_TP1 pid=1239) INFO 09-03 11:04:21 [exl3.py:451] exl3 fat-expert P0: layers=8190 fat_layers=7935 (96.9%) fat_expert_slots=197268 max_rows=2048 avg_max_rows=1392.0 hist_le128=255 hist_gt128=7935 hist=[0, 17, 43, 195, 84, 648, 931, 6272, 0]
(Worker_TP1 pid=1239) INFO 09-03 11:04:21 [exl3.py:464] exl3 e2 diag schema=1 configured_tier=legacy effective_tier=legacy tier_reason=none_requested shared_suh=1 shared_suh_layers=42/42 sym_exl3_moe=1 sym_fat_gemm=1 sym_fat_gemm_scatter=1 cap=12.1 cap_ok=1 tp_rank=1 tp_size=4 prefill_layer_calls=8190 thin_calls=255 row_tile_calls=0 fallback_calls=kernel=0,batched=0,sorted=0,legacy=7934 fallback_reasons=legacy_default=7934,thin_only=255 fat_expert_runs=197252 direct_calls=0 scatter_calls=0 fat_layers=7935 fat_expert_slots=197268 max_rows=2048 fused_temps_allocs=1 fused_temps_bytes=14155776 fat_scratch_allocs=0 fat_scratch_bytes=0 fat_scratch_peak_bytes=0
(Worker_TP1 pid=1239) INFO 09-03 11:04:22 [exl3.py:451] exl3 fat-expert P0: layers=8232 fat_layers=7977 (96.9%) fat_expert_slots=198305 max_rows=2048 avg_max_rows=1392.4 hist_le128=255 hist_gt128=7977 hist=[0, 17, 43, 195, 84, 651, 935, 6307, 0]
(Worker_TP1 pid=1239) INFO 09-03 11:04:22 [exl3.py:464] exl3 e2 diag schema=1 configured_tier=legacy effective_tier=legacy tier_reason=none_requested shared_suh=1 shared_suh_layers=42/42 sym_exl3_moe=1 sym_fat_gemm=1 sym_fat_gemm_scatter=1 cap=12.1 cap_ok=1 tp_rank=1 tp_size=4 prefill_layer_calls=8232 thin_calls=255 row_tile_calls=0 fallback_calls=kernel=0,batched=0,sorted=0,legacy=7976 fallback_reasons=legacy_default=7976,thin_only=255 fat_expert_runs=198288 direct_calls=0 scatter_calls=0 fat_layers=7977 fat_expert_slots=198305 max_rows=2048 fused_temps_allocs=1 fused_temps_bytes=14155776 fat_scratch_allocs=0 fat_scratch_bytes=0 fat_scratch_peak_bytes=0
(Worker_TP1 pid=1239) INFO 09-03 11:04:24 [exl3.py:451] exl3 fat-expert P0: layers=8274 fat_layers=8019 (96.9%) fat_expert_slots=199355 max_rows=2048 avg_max_rows=1392.7 hist_le128=255 hist_gt128=8019 hist=[0, 17, 43, 195, 84, 654, 941, 6340, 0]
(Worker_TP1 pid=1239) INFO 09-03 11:04:24 [exl3.py:464] exl3 e2 diag schema=1 configured_tier=legacy effective_tier=legacy tier_reason=none_requested shared_suh=1 shared_suh_layers=42/42 sym_exl3_moe=1 sym_fat_gemm=1 sym_fat_gemm_scatter=1 cap=12.1 cap_ok=1 tp_rank=1 tp_size=4 prefill_layer_calls=8274 thin_calls=255 row_tile_calls=0 fallback_calls=kernel=0,batched=0,sorted=0,legacy=8018 fallback_reasons=legacy_default=8018,thin_only=255 fat_expert_runs=199338 direct_calls=0 scatter_calls=0 fat_layers=8019 fat_expert_slots=199355 max_rows=2048 fused_temps_allocs=1 fused_temps_bytes=14155776 fat_scratch_allocs=0 fat_scratch_bytes=0 fat_scratch_peak_bytes=0
(Worker_TP1 pid=1239) INFO 09-03 11:04:26 [exl3.py:451] exl3 fat-expert P0: layers=8316 fat_layers=8061 (96.9%) fat_expert_slots=200388 max_rows=2048 avg_max_rows=1393.0 hist_le128=255 hist_gt128=8061 hist=[0, 17, 43, 195, 84, 657, 945, 6375, 0]
(Worker_TP1 pid=1239) INFO 09-03 11:04:26 [exl3.py:464] exl3 e2 diag schema=1 configured_tier=legacy effective_tier=legacy tier_reason=none_requested shared_suh=1 shared_suh_layers=42/42 sym_exl3_moe=1 sym_fat_gemm=1 sym_fat_gemm_scatter=1 cap=12.1 cap_ok=1 tp_rank=1 tp_size=4 prefill_layer_calls=8316 thin_calls=255 row_tile_calls=0 fallback_calls=kernel=0,batched=0,sorted=0,legacy=8060 fallback_reasons=legacy_default=8060,thin_only=255 fat_expert_runs=200370 direct_calls=0 scatter_calls=0 fat_layers=8061 fat_expert_slots=200388 max_rows=2048 fused_temps_allocs=1 fused_temps_bytes=14155776 fat_scratch_allocs=0 fat_scratch_bytes=0 fat_scratch_peak_bytes=0
(Worker_TP1 pid=1239) INFO 09-03 11:04:27 [exl3.py:451] exl3 fat-expert P0: layers=8358 fat_layers=8103 (96.9%) fat_expert_slots=201455 max_rows=2048 avg_max_rows=1393.3 hist_le128=255 hist_gt128=8103 hist=[0, 17, 43, 195, 84, 660, 951, 6408, 0]
(Worker_TP1 pid=1239) INFO 09-03 11:04:27 [exl3.py:464] exl3 e2 diag schema=1 configured_tier=legacy effective_tier=legacy tier_reason=none_requested shared_suh=1 shared_suh_layers=42/42 sym_exl3_moe=1 sym_fat_gemm=1 sym_fat_gemm_scatter=1 cap=12.1 cap_ok=1 tp_rank=1 tp_size=4 prefill_layer_calls=8358 thin_calls=255 row_tile_calls=0 fallback_calls=kernel=0,batched=0,sorted=0,legacy=8102 fallback_reasons=legacy_default=8102,thin_only=255 fat_expert_runs=201440 direct_calls=0 scatter_calls=0 fat_layers=8103 fat_expert_slots=201455 max_rows=2048 fused_temps_allocs=1 fused_temps_bytes=14155776 fat_scratch_allocs=0 fat_scratch_bytes=0 fat_scratch_peak_bytes=0
(Worker_TP1 pid=1239) INFO 09-03 11:04:29 [exl3.py:451] exl3 fat-expert P0: layers=8400 fat_layers=8145 (97.0%) fat_expert_slots=202513 max_rows=2048 avg_max_rows=1393.6 hist_le128=255 hist_gt128=8145 hist=[0, 17, 43, 195, 84, 663, 957, 6441, 0]
(Worker_TP1 pid=1239) INFO 09-03 11:04:29 [exl3.py:464] exl3 e2 diag schema=1 configured_tier=legacy effective_tier=legacy tier_reason=none_requested shared_suh=1 shared_suh_layers=42/42 sym_exl3_moe=1 sym_fat_gemm=1 sym_fat_gemm_scatter=1 cap=12.1 cap_ok=1 tp_rank=1 tp_size=4 prefill_layer_calls=8400 thin_calls=255 row_tile_calls=0 fallback_calls=kernel=0,batched=0,sorted=0,legacy=8144 fallback_reasons=legacy_default=8144,thin_only=255 fat_expert_runs=202499 direct_calls=0 scatter_calls=0 fat_layers=8145 fat_expert_slots=202513 max_rows=2048 fused_temps_allocs=1 fused_temps_bytes=14155776 fat_scratch_allocs=0 fat_scratch_bytes=0 fat_scratch_peak_bytes=0
(Worker_TP1 pid=1239) INFO 09-03 11:04:31 [exl3.py:451] exl3 fat-expert P0: layers=8442 fat_layers=8187 (97.0%) fat_expert_slots=203570 max_rows=2048 avg_max_rows=1393.9 hist_le128=255 hist_gt128=8187 hist=[0, 17, 43, 195, 84, 666, 961, 6476, 0]
(Worker_TP1 pid=1239) INFO 09-03 11:04:31 [exl3.py:464] exl3 e2 diag schema=1 configured_tier=legacy effective_tier=legacy tier_reason=none_requested shared_suh=1 shared_suh_layers=42/42 sym_exl3_moe=1 sym_fat_gemm=1 sym_fat_gemm_scatter=1 cap=12.1 cap_ok=1 tp_rank=1 tp_size=4 prefill_layer_calls=8442 thin_calls=255 row_tile_calls=0 fallback_calls=kernel=0,batched=0,sorted=0,legacy=8186 fallback_reasons=legacy_default=8186,thin_only=255 fat_expert_runs=203557 direct_calls=0 scatter_calls=0 fat_layers=8187 fat_expert_slots=203570 max_rows=2048 fused_temps_allocs=1 fused_temps_bytes=14155776 fat_scratch_allocs=0 fat_scratch_bytes=0 fat_scratch_peak_bytes=0
(Worker_TP1 pid=1239) INFO 09-03 11:04:32 [exl3.py:451] exl3 fat-expert P0: layers=8484 fat_layers=8229 (97.0%) fat_expert_slots=204628 max_rows=2048 avg_max_rows=1394.3 hist_le128=255 hist_gt128=8229 hist=[0, 17, 43, 195, 84, 669, 967, 6509, 0]
(Worker_TP1 pid=1239) INFO 09-03 11:04:32 [exl3.py:464] exl3 e2 diag schema=1 configured_tier=legacy effective_tier=legacy tier_reason=none_requested shared_suh=1 shared_suh_layers=42/42 sym_exl3_moe=1 sym_fat_gemm=1 sym_fat_gemm_scatter=1 cap=12.1 cap_ok=1 tp_rank=1 tp_size=4 prefill_layer_calls=8484 thin_calls=255 row_tile_calls=0 fallback_calls=kernel=0,batched=0,sorted=0,legacy=8228 fallback_reasons=legacy_default=8228,thin_only=255 fat_expert_runs=204614 direct_calls=0 scatter_calls=0 fat_layers=8229 fat_expert_slots=204628 max_rows=2048 fused_temps_allocs=1 fused_temps_bytes=14155776 fat_scratch_allocs=0 fat_scratch_bytes=0 fat_scratch_peak_bytes=0
(Worker_TP1 pid=1239) INFO 09-03 11:04:34 [exl3.py:451] exl3 fat-expert P0: layers=8526 fat_layers=8271 (97.0%) fat_expert_slots=205694 max_rows=2048 avg_max_rows=1394.5 hist_le128=255 hist_gt128=8271 hist=[0, 17, 43, 195, 84, 672, 973, 6542, 0]
(Worker_TP1 pid=1239) INFO 09-03 11:04:34 [exl3.py:464] exl3 e2 diag schema=1 configured_tier=legacy effective_tier=legacy tier_reason=none_requested shared_suh=1 shared_suh_layers=42/42 sym_exl3_moe=1 sym_fat_gemm=1 sym_fat_gemm_scatter=1 cap=12.1 cap_ok=1 tp_rank=1 tp_size=4 prefill_layer_calls=8526 thin_calls=255 row_tile_calls=0 fallback_calls=kernel=0,batched=0,sorted=0,legacy=8270 fallback_reasons=legacy_default=8270,thin_only=255 fat_expert_runs=205680 direct_calls=0 scatter_calls=0 fat_layers=8271 fat_expert_slots=205694 max_rows=2048 fused_temps_allocs=1 fused_temps_bytes=14155776 fat_scratch_allocs=0 fat_scratch_bytes=0 fat_scratch_peak_bytes=0
(Worker_TP1 pid=1239) INFO 09-03 11:04:36 [exl3.py:451] exl3 fat-expert P0: layers=8568 fat_layers=8313 (97.0%) fat_expert_slots=206739 max_rows=2048 avg_max_rows=1394.8 hist_le128=255 hist_gt128=8313 hist=[0, 17, 43, 195, 84, 675, 980, 6574, 0]
(Worker_TP1 pid=1239) INFO 09-03 11:04:36 [exl3.py:464] exl3 e2 diag schema=1 configured_tier=legacy effective_tier=legacy tier_reason=none_requested shared_suh=1 shared_suh_layers=42/42 sym_exl3_moe=1 sym_fat_gemm=1 sym_fat_gemm_scatter=1 cap=12.1 cap_ok=1 tp_rank=1 tp_size=4 prefill_layer_calls=8568 thin_calls=255 row_tile_calls=0 fallback_calls=kernel=0,batched=0,sorted=0,legacy=8312 fallback_reasons=legacy_default=8312,thin_only=255 fat_expert_runs=206726 direct_calls=0 scatter_calls=0 fat_layers=8313 fat_expert_slots=206739 max_rows=2048 fused_temps_allocs=1 fused_temps_bytes=14155776 fat_scratch_allocs=0 fat_scratch_bytes=0 fat_scratch_peak_bytes=0
(Worker_TP1 pid=1239) INFO 09-03 11:04:38 [exl3.py:451] exl3 fat-expert P0: layers=8610 fat_layers=8355 (97.0%) fat_expert_slots=207797 max_rows=2048 avg_max_rows=1395.0 hist_le128=255 hist_gt128=8355 hist=[0, 17, 43, 195, 84, 678, 985, 6608, 0]
(Worker_TP1 pid=1239) INFO 09-03 11:04:38 [exl3.py:464] exl3 e2 diag schema=1 configured_tier=legacy effective_tier=legacy tier_reason=none_requested shared_suh=1 shared_suh_layers=42/42 sym_exl3_moe=1 sym_fat_gemm=1 sym_fat_gemm_scatter=1 cap=12.1 cap_ok=1 tp_rank=1 tp_size=4 prefill_layer_calls=8610 thin_calls=255 row_tile_calls=0 fallback_calls=kernel=0,batched=0,sorted=0,legacy=8354 fallback_reasons=legacy_default=8354,thin_only=255 fat_expert_runs=207785 direct_calls=0 scatter_calls=0 fat_layers=8355 fat_expert_slots=207797 max_rows=2048 fused_temps_allocs=1 fused_temps_bytes=14155776 fat_scratch_allocs=0 fat_scratch_bytes=0 fat_scratch_peak_bytes=0
(Worker_TP1 pid=1239) INFO 09-03 11:04:39 [exl3.py:451] exl3 fat-expert P0: layers=8652 fat_layers=8397 (97.1%) fat_expert_slots=208886 max_rows=2048 avg_max_rows=1395.1 hist_le128=255 hist_gt128=8397 hist=[0, 17, 43, 195, 84, 682, 989, 6642, 0]
(Worker_TP1 pid=1239) INFO 09-03 11:04:39 [exl3.py:464] exl3 e2 diag schema=1 configured_tier=legacy effective_tier=legacy tier_reason=none_requested shared_suh=1 shared_suh_layers=42/42 sym_exl3_moe=1 sym_fat_gemm=1 sym_fat_gemm_scatter=1 cap=12.1 cap_ok=1 tp_rank=1 tp_size=4 prefill_layer_calls=8652 thin_calls=255 row_tile_calls=0 fallback_calls=kernel=0,batched=0,sorted=0,legacy=8396 fallback_reasons=legacy_default=8396,thin_only=255 fat_expert_runs=208871 direct_calls=0 scatter_calls=0 fat_layers=8397 fat_expert_slots=208886 max_rows=2048 fused_temps_allocs=1 fused_temps_bytes=14155776 fat_scratch_allocs=0 fat_scratch_bytes=0 fat_scratch_peak_bytes=0
(Worker_TP1 pid=1239) INFO 09-03 11:04:41 [exl3.py:451] exl3 fat-expert P0: layers=8694 fat_layers=8439 (97.1%) fat_expert_slots=209938 max_rows=2048 avg_max_rows=1395.4 hist_le128=255 hist_gt128=8439 hist=[0, 17, 43, 195, 84, 687, 992, 6676, 0]
(Worker_TP1 pid=1239) INFO 09-03 11:04:41 [exl3.py:464] exl3 e2 diag schema=1 configured_tier=legacy effective_tier=legacy tier_reason=none_requested shared_suh=1 shared_suh_layers=42/42 sym_exl3_moe=1 sym_fat_gemm=1 sym_fat_gemm_scatter=1 cap=12.1 cap_ok=1 tp_rank=1 tp_size=4 prefill_layer_calls=8694 thin_calls=255 row_tile_calls=0 fallback_calls=kernel=0,batched=0,sorted=0,legacy=8438 fallback_reasons=legacy_default=8438,thin_only=255 fat_expert_runs=209923 direct_calls=0 scatter_calls=0 fat_layers=8439 fat_expert_slots=209938 max_rows=2048 fused_temps_allocs=1 fused_temps_bytes=14155776 fat_scratch_allocs=0 fat_scratch_bytes=0 fat_scratch_peak_bytes=0
(Worker_TP1 pid=1239) INFO 09-03 11:04:43 [exl3.py:451] exl3 fat-expert P0: layers=8736 fat_layers=8481 (97.1%) fat_expert_slots=210999 max_rows=2048 avg_max_rows=1395.7 hist_le128=255 hist_gt128=8481 hist=[0, 17, 43, 195, 84, 691, 996, 6710, 0]
(Worker_TP1 pid=1239) INFO 09-03 11:04:43 [exl3.py:464] exl3 e2 diag schema=1 configured_tier=legacy effective_tier=legacy tier_reason=none_requested shared_suh=1 shared_suh_layers=42/42 sym_exl3_moe=1 sym_fat_gemm=1 sym_fat_gemm_scatter=1 cap=12.1 cap_ok=1 tp_rank=1 tp_size=4 prefill_layer_calls=8736 thin_calls=255 row_tile_calls=0 fallback_calls=kernel=0,batched=0,sorted=0,legacy=8480 fallback_reasons=legacy_default=8480,thin_only=255 fat_expert_runs=210984 direct_calls=0 scatter_calls=0 fat_layers=8481 fat_expert_slots=210999 max_rows=2048 fused_temps_allocs=1 fused_temps_bytes=14155776 fat_scratch_allocs=0 fat_scratch_bytes=0 fat_scratch_peak_bytes=0
(Worker_TP1 pid=1239) INFO 09-03 11:04:45 [exl3.py:451] exl3 fat-expert P0: layers=8778 fat_layers=8523 (97.1%) fat_expert_slots=212064 max_rows=2048 avg_max_rows=1395.9 hist_le128=255 hist_gt128=8523 hist=[0, 17, 43, 195, 84, 695, 1000, 6744, 0]
(Worker_TP1 pid=1239) INFO 09-03 11:04:45 [exl3.py:464] exl3 e2 diag schema=1 configured_tier=legacy effective_tier=legacy tier_reason=none_requested shared_suh=1 shared_suh_layers=42/42 sym_exl3_moe=1 sym_fat_gemm=1 sym_fat_gemm_scatter=1 cap=12.1 cap_ok=1 tp_rank=1 tp_size=4 prefill_layer_calls=8778 thin_calls=255 row_tile_calls=0 fallback_calls=kernel=0,batched=0,sorted=0,legacy=8522 fallback_reasons=legacy_default=8522,thin_only=255 fat_expert_runs=212051 direct_calls=0 scatter_calls=0 fat_layers=8523 fat_expert_slots=212064 max_rows=2048 fused_temps_allocs=1 fused_temps_bytes=14155776 fat_scratch_allocs=0 fat_scratch_bytes=0 fat_scratch_peak_bytes=0
(Worker_TP1 pid=1239) INFO 09-03 11:04:46 [exl3.py:451] exl3 fat-expert P0: layers=8820 fat_layers=8565 (97.1%) fat_expert_slots=213134 max_rows=2048 avg_max_rows=1396.2 hist_le128=255 hist_gt128=8565 hist=[0, 17, 43, 195, 84, 699, 1005, 6777, 0]
(Worker_TP1 pid=1239) INFO 09-03 11:04:46 [exl3.py:464] exl3 e2 diag schema=1 configured_tier=legacy effective_tier=legacy tier_reason=none_requested shared_suh=1 shared_suh_layers=42/42 sym_exl3_moe=1 sym_fat_gemm=1 sym_fat_gemm_scatter=1 cap=12.1 cap_ok=1 tp_rank=1 tp_size=4 prefill_layer_calls=8820 thin_calls=255 row_tile_calls=0 fallback_calls=kernel=0,batched=0,sorted=0,legacy=8564 fallback_reasons=legacy_default=8564,thin_only=255 fat_expert_runs=213121 direct_calls=0 scatter_calls=0 fat_layers=8565 fat_expert_slots=213134 max_rows=2048 fused_temps_allocs=1 fused_temps_bytes=14155776 fat_scratch_allocs=0 fat_scratch_bytes=0 fat_scratch_peak_bytes=0
(Worker_TP1 pid=1239) INFO 09-03 11:04:48 [exl3.py:451] exl3 fat-expert P0: layers=8862 fat_layers=8607 (97.1%) fat_expert_slots=214220 max_rows=2048 avg_max_rows=1396.5 hist_le128=255 hist_gt128=8607 hist=[0, 17, 43, 195, 84, 703, 1010, 6810, 0]
(Worker_TP1 pid=1239) INFO 09-03 11:04:48 [exl3.py:464] exl3 e2 diag schema=1 configured_tier=legacy effective_tier=legacy tier_reason=none_requested shared_suh=1 shared_suh_layers=42/42 sym_exl3_moe=1 sym_fat_gemm=1 sym_fat_gemm_scatter=1 cap=12.1 cap_ok=1 tp_rank=1 tp_size=4 prefill_layer_calls=8862 thin_calls=255 row_tile_calls=0 fallback_calls=kernel=0,batched=0,sorted=0,legacy=8606 fallback_reasons=legacy_default=8606,thin_only=255 fat_expert_runs=214208 direct_calls=0 scatter_calls=0 fat_layers=8607 fat_expert_slots=214220 max_rows=2048 fused_temps_allocs=1 fused_temps_bytes=14155776 fat_scratch_allocs=0 fat_scratch_bytes=0 fat_scratch_peak_bytes=0
(Worker_TP1 pid=1239) INFO 09-03 11:04:50 [exl3.py:451] exl3 fat-expert P0: layers=8904 fat_layers=8649 (97.1%) fat_expert_slots=215279 max_rows=2048 avg_max_rows=1396.8 hist_le128=255 hist_gt128=8649 hist=[0, 17, 43, 195, 84, 707, 1014, 6844, 0]
(Worker_TP1 pid=1239) INFO 09-03 11:04:50 [exl3.py:464] exl3 e2 diag schema=1 configured_tier=legacy effective_tier=legacy tier_reason=none_requested shared_suh=1 shared_suh_layers=42/42 sym_exl3_moe=1 sym_fat_gemm=1 sym_fat_gemm_scatter=1 cap=12.1 cap_ok=1 tp_rank=1 tp_size=4 prefill_layer_calls=8904 thin_calls=255 row_tile_calls=0 fallback_calls=kernel=0,batched=0,sorted=0,legacy=8648 fallback_reasons=legacy_default=8648,thin_only=255 fat_expert_runs=215267 direct_calls=0 scatter_calls=0 fat_layers=8649 fat_expert_slots=215279 max_rows=2048 fused_temps_allocs=1 fused_temps_bytes=14155776 fat_scratch_allocs=0 fat_scratch_bytes=0 fat_scratch_peak_bytes=0
(Worker_TP1 pid=1239) INFO 09-03 11:04:51 [exl3.py:451] exl3 fat-expert P0: layers=8946 fat_layers=8691 (97.1%) fat_expert_slots=216350 max_rows=2048 avg_max_rows=1397.1 hist_le128=255 hist_gt128=8691 hist=[0, 17, 43, 195, 84, 711, 1018, 6878, 0]
(Worker_TP1 pid=1239) INFO 09-03 11:04:51 [exl3.py:464] exl3 e2 diag schema=1 configured_tier=legacy effective_tier=legacy tier_reason=none_requested shared_suh=1 shared_suh_layers=42/42 sym_exl3_moe=1 sym_fat_gemm=1 sym_fat_gemm_scatter=1 cap=12.1 cap_ok=1 tp_rank=1 tp_size=4 prefill_layer_calls=8946 thin_calls=255 row_tile_calls=0 fallback_calls=kernel=0,batched=0,sorted=0,legacy=8690 fallback_reasons=legacy_default=8690,thin_only=255 fat_expert_runs=216339 direct_calls=0 scatter_calls=0 fat_layers=8691 fat_expert_slots=216350 max_rows=2048 fused_temps_allocs=1 fused_temps_bytes=14155776 fat_scratch_allocs=0 fat_scratch_bytes=0 fat_scratch_peak_bytes=0
(Worker_TP1 pid=1239) INFO 09-03 11:04:53 [exl3.py:451] exl3 fat-expert P0: layers=8988 fat_layers=8733 (97.2%) fat_expert_slots=217428 max_rows=2048 avg_max_rows=1397.3 hist_le128=255 hist_gt128=8733 hist=[0, 17, 43, 195, 84, 715, 1022, 6912, 0]
(Worker_TP1 pid=1239) INFO 09-03 11:04:53 [exl3.py:464] exl3 e2 diag schema=1 configured_tier=legacy effective_tier=legacy tier_reason=none_requested shared_suh=1 shared_suh_layers=42/42 sym_exl3_moe=1 sym_fat_gemm=1 sym_fat_gemm_scatter=1 cap=12.1 cap_ok=1 tp_rank=1 tp_size=4 prefill_layer_calls=8988 thin_calls=255 row_tile_calls=0 fallback_calls=kernel=0,batched=0,sorted=0,legacy=8732 fallback_reasons=legacy_default=8732,thin_only=255 fat_expert_runs=217416 direct_calls=0 scatter_calls=0 fat_layers=8733 fat_expert_slots=217428 max_rows=2048 fused_temps_allocs=1 fused_temps_bytes=14155776 fat_scratch_allocs=0 fat_scratch_bytes=0 fat_scratch_peak_bytes=0
(Worker_TP1 pid=1239) INFO 09-03 11:04:55 [exl3.py:451] exl3 fat-expert P0: layers=9030 fat_layers=8775 (97.2%) fat_expert_slots=218526 max_rows=2048 avg_max_rows=1397.5 hist_le128=255 hist_gt128=8775 hist=[0, 17, 43, 195, 84, 719, 1026, 6946, 0]
(Worker_TP1 pid=1239) INFO 09-03 11:04:55 [exl3.py:464] exl3 e2 diag schema=1 configured_tier=legacy effective_tier=legacy tier_reason=none_requested shared_suh=1 shared_suh_layers=42/42 sym_exl3_moe=1 sym_fat_gemm=1 sym_fat_gemm_scatter=1 cap=12.1 cap_ok=1 tp_rank=1 tp_size=4 prefill_layer_calls=9030 thin_calls=255 row_tile_calls=0 fallback_calls=kernel=0,batched=0,sorted=0,legacy=8774 fallback_reasons=legacy_default=8774,thin_only=255 fat_expert_runs=218515 direct_calls=0 scatter_calls=0 fat_layers=8775 fat_expert_slots=218526 max_rows=2048 fused_temps_allocs=1 fused_temps_bytes=14155776 fat_scratch_allocs=0 fat_scratch_bytes=0 fat_scratch_peak_bytes=0
(Worker_TP1 pid=1239) INFO 09-03 11:04:57 [exl3.py:451] exl3 fat-expert P0: layers=9072 fat_layers=8817 (97.2%) fat_expert_slots=219605 max_rows=2048 avg_max_rows=1397.9 hist_le128=255 hist_gt128=8817 hist=[0, 17, 43, 195, 84, 722, 1031, 6980, 0]
(Worker_TP1 pid=1239) INFO 09-03 11:04:57 [exl3.py:464] exl3 e2 diag schema=1 configured_tier=legacy effective_tier=legacy tier_reason=none_requested shared_suh=1 shared_suh_layers=42/42 sym_exl3_moe=1 sym_fat_gemm=1 sym_fat_gemm_scatter=1 cap=12.1 cap_ok=1 tp_rank=1 tp_size=4 prefill_layer_calls=9072 thin_calls=255 row_tile_calls=0 fallback_calls=kernel=0,batched=0,sorted=0,legacy=8816 fallback_reasons=legacy_default=8816,thin_only=255 fat_expert_runs=219592 direct_calls=0 scatter_calls=0 fat_layers=8817 fat_expert_slots=219605 max_rows=2048 fused_temps_allocs=1 fused_temps_bytes=14155776 fat_scratch_allocs=0 fat_scratch_bytes=0 fat_scratch_peak_bytes=0
(Worker_TP1 pid=1239) INFO 09-03 11:04:58 [exl3.py:451] exl3 fat-expert P0: layers=9114 fat_layers=8859 (97.2%) fat_expert_slots=220685 max_rows=2048 avg_max_rows=1398.1 hist_le128=255 hist_gt128=8859 hist=[0, 17, 43, 195, 84, 725, 1037, 7013, 0]
(Worker_TP1 pid=1239) INFO 09-03 11:04:58 [exl3.py:464] exl3 e2 diag schema=1 configured_tier=legacy effective_tier=legacy tier_reason=none_requested shared_suh=1 shared_suh_layers=42/42 sym_exl3_moe=1 sym_fat_gemm=1 sym_fat_gemm_scatter=1 cap=12.1 cap_ok=1 tp_rank=1 tp_size=4 prefill_layer_calls=9114 thin_calls=255 row_tile_calls=0 fallback_calls=kernel=0,batched=0,sorted=0,legacy=8858 fallback_reasons=legacy_default=8858,thin_only=255 fat_expert_runs=220673 direct_calls=0 scatter_calls=0 fat_layers=8859 fat_expert_slots=220685 max_rows=2048 fused_temps_allocs=1 fused_temps_bytes=14155776 fat_scratch_allocs=0 fat_scratch_bytes=0 fat_scratch_peak_bytes=0
(Worker_TP1 pid=1239) INFO 09-03 11:05:00 [exl3.py:451] exl3 fat-expert P0: layers=9156 fat_layers=8901 (97.2%) fat_expert_slots=221742 max_rows=2048 avg_max_rows=1398.4 hist_le128=255 hist_gt128=8901 hist=[0, 17, 43, 195, 84, 728, 1043, 7046, 0]
(Worker_TP1 pid=1239) INFO 09-03 11:05:00 [exl3.py:464] exl3 e2 diag schema=1 configured_tier=legacy effective_tier=legacy tier_reason=none_requested shared_suh=1 shared_suh_layers=42/42 sym_exl3_moe=1 sym_fat_gemm=1 sym_fat_gemm_scatter=1 cap=12.1 cap_ok=1 tp_rank=1 tp_size=4 prefill_layer_calls=9156 thin_calls=255 row_tile_calls=0 fallback_calls=kernel=0,batched=0,sorted=0,legacy=8900 fallback_reasons=legacy_default=8900,thin_only=255 fat_expert_runs=221731 direct_calls=0 scatter_calls=0 fat_layers=8901 fat_expert_slots=221742 max_rows=2048 fused_temps_allocs=1 fused_temps_bytes=14155776 fat_scratch_allocs=0 fat_scratch_bytes=0 fat_scratch_peak_bytes=0
(Worker_TP1 pid=1239) INFO 09-03 11:05:02 [exl3.py:451] exl3 fat-expert P0: layers=9198 fat_layers=8943 (97.2%) fat_expert_slots=222818 max_rows=2048 avg_max_rows=1398.6 hist_le128=255 hist_gt128=8943 hist=[0, 17, 43, 195, 84, 731, 1049, 7079, 0]
(Worker_TP1 pid=1239) INFO 09-03 11:05:02 [exl3.py:464] exl3 e2 diag schema=1 configured_tier=legacy effective_tier=legacy tier_reason=none_requested shared_suh=1 shared_suh_layers=42/42 sym_exl3_moe=1 sym_fat_gemm=1 sym_fat_gemm_scatter=1 cap=12.1 cap_ok=1 tp_rank=1 tp_size=4 prefill_layer_calls=9198 thin_calls=255 row_tile_calls=0 fallback_calls=kernel=0,batched=0,sorted=0,legacy=8942 fallback_reasons=legacy_default=8942,thin_only=255 fat_expert_runs=222807 direct_calls=0 scatter_calls=0 fat_layers=8943 fat_expert_slots=222818 max_rows=2048 fused_temps_allocs=1 fused_temps_bytes=14155776 fat_scratch_allocs=0 fat_scratch_bytes=0 fat_scratch_peak_bytes=0
(Worker_TP1 pid=1239) INFO 09-03 11:05:03 [exl3.py:451] exl3 fat-expert P0: layers=9240 fat_layers=8985 (97.2%) fat_expert_slots=223900 max_rows=2048 avg_max_rows=1398.7 hist_le128=255 hist_gt128=8985 hist=[0, 17, 43, 195, 84, 734, 1056, 7111, 0]
(Worker_TP1 pid=1239) INFO 09-03 11:05:03 [exl3.py:464] exl3 e2 diag schema=1 configured_tier=legacy effective_tier=legacy tier_reason=none_requested shared_suh=1 shared_suh_layers=42/42 sym_exl3_moe=1 sym_fat_gemm=1 sym_fat_gemm_scatter=1 cap=12.1 cap_ok=1 tp_rank=1 tp_size=4 prefill_layer_calls=9240 thin_calls=255 row_tile_calls=0 fallback_calls=kernel=0,batched=0,sorted=0,legacy=8984 fallback_reasons=legacy_default=8984,thin_only=255 fat_expert_runs=223889 direct_calls=0 scatter_calls=0 fat_layers=8985 fat_expert_slots=223900 max_rows=2048 fused_temps_allocs=1 fused_temps_bytes=14155776 fat_scratch_allocs=0 fat_scratch_bytes=0 fat_scratch_peak_bytes=0
(Worker_TP1 pid=1239) INFO 09-03 11:05:05 [exl3.py:451] exl3 fat-expert P0: layers=9282 fat_layers=9027 (97.3%) fat_expert_slots=224994 max_rows=2048 avg_max_rows=1398.9 hist_le128=255 hist_gt128=9027 hist=[0, 17, 43, 195, 84, 737, 1063, 7143, 0]
(Worker_TP1 pid=1239) INFO 09-03 11:05:05 [exl3.py:464] exl3 e2 diag schema=1 configured_tier=legacy effective_tier=legacy tier_reason=none_requested shared_suh=1 shared_suh_layers=42/42 sym_exl3_moe=1 sym_fat_gemm=1 sym_fat_gemm_scatter=1 cap=12.1 cap_ok=1 tp_rank=1 tp_size=4 prefill_layer_calls=9282 thin_calls=255 row_tile_calls=0 fallback_calls=kernel=0,batched=0,sorted=0,legacy=9026 fallback_reasons=legacy_default=9026,thin_only=255 fat_expert_runs=224983 direct_calls=0 scatter_calls=0 fat_layers=9027 fat_expert_slots=224994 max_rows=2048 fused_temps_allocs=1 fused_temps_bytes=14155776 fat_scratch_allocs=0 fat_scratch_bytes=0 fat_scratch_peak_bytes=0
(Worker_TP1 pid=1239) INFO 09-03 11:05:07 [exl3.py:451] exl3 fat-expert P0: layers=9324 fat_layers=9069 (97.3%) fat_expert_slots=226093 max_rows=2048 avg_max_rows=1399.0 hist_le128=255 hist_gt128=9069 hist=[0, 17, 43, 195, 84, 741, 1068, 7176, 0]
(Worker_TP1 pid=1239) INFO 09-03 11:05:07 [exl3.py:464] exl3 e2 diag schema=1 configured_tier=legacy effective_tier=legacy tier_reason=none_requested shared_suh=1 shared_suh_layers=42/42 sym_exl3_moe=1 sym_fat_gemm=1 sym_fat_gemm_scatter=1 cap=12.1 cap_ok=1 tp_rank=1 tp_size=4 prefill_layer_calls=9324 thin_calls=255 row_tile_calls=0 fallback_calls=kernel=0,batched=0,sorted=0,legacy=9068 fallback_reasons=legacy_default=9068,thin_only=255 fat_expert_runs=226082 direct_calls=0 scatter_calls=0 fat_layers=9069 fat_expert_slots=226093 max_rows=2048 fused_temps_allocs=1 fused_temps_bytes=14155776 fat_scratch_allocs=0 fat_scratch_bytes=0 fat_scratch_peak_bytes=0
(Worker_TP1 pid=1239) INFO 09-03 11:05:09 [exl3.py:451] exl3 fat-expert P0: layers=9366 fat_layers=9111 (97.3%) fat_expert_slots=227206 max_rows=2048 avg_max_rows=1399.2 hist_le128=255 hist_gt128=9111 hist=[0, 17, 43, 195, 84, 744, 1074, 7209, 0]
(Worker_TP1 pid=1239) INFO 09-03 11:05:09 [exl3.py:464] exl3 e2 diag schema=1 configured_tier=legacy effective_tier=legacy tier_reason=none_requested shared_suh=1 shared_suh_layers=42/42 sym_exl3_moe=1 sym_fat_gemm=1 sym_fat_gemm_scatter=1 cap=12.1 cap_ok=1 tp_rank=1 tp_size=4 prefill_layer_calls=9366 thin_calls=255 row_tile_calls=0 fallback_calls=kernel=0,batched=0,sorted=0,legacy=9110 fallback_reasons=legacy_default=9110,thin_only=255 fat_expert_runs=227195 direct_calls=0 scatter_calls=0 fat_layers=9111 fat_expert_slots=227206 max_rows=2048 fused_temps_allocs=1 fused_temps_bytes=14155776 fat_scratch_allocs=0 fat_scratch_bytes=0 fat_scratch_peak_bytes=0
(Worker_TP1 pid=1239) INFO 09-03 11:05:10 [exl3.py:451] exl3 fat-expert P0: layers=9408 fat_layers=9153 (97.3%) fat_expert_slots=228304 max_rows=2048 avg_max_rows=1399.3 hist_le128=255 hist_gt128=9153 hist=[0, 17, 43, 195, 84, 748, 1079, 7242, 0]
(Worker_TP1 pid=1239) INFO 09-03 11:05:10 [exl3.py:464] exl3 e2 diag schema=1 configured_tier=legacy effective_tier=legacy tier_reason=none_requested shared_suh=1 shared_suh_layers=42/42 sym_exl3_moe=1 sym_fat_gemm=1 sym_fat_gemm_scatter=1 cap=12.1 cap_ok=1 tp_rank=1 tp_size=4 prefill_layer_calls=9408 thin_calls=255 row_tile_calls=0 fallback_calls=kernel=0,batched=0,sorted=0,legacy=9152 fallback_reasons=legacy_default=9152,thin_only=255 fat_expert_runs=228293 direct_calls=0 scatter_calls=0 fat_layers=9153 fat_expert_slots=228304 max_rows=2048 fused_temps_allocs=1 fused_temps_bytes=14155776 fat_scratch_allocs=0 fat_scratch_bytes=0 fat_scratch_peak_bytes=0
(Worker_TP1 pid=1239) INFO 09-03 11:05:12 [exl3.py:451] exl3 fat-expert P0: layers=9450 fat_layers=9195 (97.3%) fat_expert_slots=229382 max_rows=2048 avg_max_rows=1399.4 hist_le128=255 hist_gt128=9195 hist=[0, 17, 43, 195, 84, 751, 1086, 7274, 0]
(Worker_TP1 pid=1239) INFO 09-03 11:05:12 [exl3.py:464] exl3 e2 diag schema=1 configured_tier=legacy effective_tier=legacy tier_reason=none_requested shared_suh=1 shared_suh_layers=42/42 sym_exl3_moe=1 sym_fat_gemm=1 sym_fat_gemm_scatter=1 cap=12.1 cap_ok=1 tp_rank=1 tp_size=4 prefill_layer_calls=9450 thin_calls=255 row_tile_calls=0 fallback_calls=kernel=0,batched=0,sorted=0,legacy=9194 fallback_reasons=legacy_default=9194,thin_only=255 fat_expert_runs=229371 direct_calls=0 scatter_calls=0 fat_layers=9195 fat_expert_slots=229382 max_rows=2048 fused_temps_allocs=1 fused_temps_bytes=14155776 fat_scratch_allocs=0 fat_scratch_bytes=0 fat_scratch_peak_bytes=0
(Worker_TP1 pid=1239) INFO 09-03 11:05:14 [exl3.py:451] exl3 fat-expert P0: layers=9492 fat_layers=9237 (97.3%) fat_expert_slots=230488 max_rows=2048 avg_max_rows=1399.5 hist_le128=255 hist_gt128=9237 hist=[0, 17, 43, 195, 84, 755, 1092, 7306, 0]
(Worker_TP1 pid=1239) INFO 09-03 11:05:14 [exl3.py:464] exl3 e2 diag schema=1 configured_tier=legacy effective_tier=legacy tier_reason=none_requested shared_suh=1 shared_suh_layers=42/42 sym_exl3_moe=1 sym_fat_gemm=1 sym_fat_gemm_scatter=1 cap=12.1 cap_ok=1 tp_rank=1 tp_size=4 prefill_layer_calls=9492 thin_calls=255 row_tile_calls=0 fallback_calls=kernel=0,batched=0,sorted=0,legacy=9236 fallback_reasons=legacy_default=9236,thin_only=255 fat_expert_runs=230476 direct_calls=0 scatter_calls=0 fat_layers=9237 fat_expert_slots=230488 max_rows=2048 fused_temps_allocs=1 fused_temps_bytes=14155776 fat_scratch_allocs=0 fat_scratch_bytes=0 fat_scratch_peak_bytes=0
(Worker_TP1 pid=1239) INFO 09-03 11:05:16 [exl3.py:451] exl3 fat-expert P0: layers=9534 fat_layers=9279 (97.3%) fat_expert_slots=231587 max_rows=2048 avg_max_rows=1399.6 hist_le128=255 hist_gt128=9279 hist=[0, 17, 43, 195, 84, 759, 1097, 7339, 0]
(Worker_TP1 pid=1239) INFO 09-03 11:05:16 [exl3.py:464] exl3 e2 diag schema=1 configured_tier=legacy effective_tier=legacy tier_reason=none_requested shared_suh=1 shared_suh_layers=42/42 sym_exl3_moe=1 sym_fat_gemm=1 sym_fat_gemm_scatter=1 cap=12.1 cap_ok=1 tp_rank=1 tp_size=4 prefill_layer_calls=9534 thin_calls=255 row_tile_calls=0 fallback_calls=kernel=0,batched=0,sorted=0,legacy=9278 fallback_reasons=legacy_default=9278,thin_only=255 fat_expert_runs=231575 direct_calls=0 scatter_calls=0 fat_layers=9279 fat_expert_slots=231587 max_rows=2048 fused_temps_allocs=1 fused_temps_bytes=14155776 fat_scratch_allocs=0 fat_scratch_bytes=0 fat_scratch_peak_bytes=0
(Worker_TP1 pid=1239) INFO 09-03 11:05:17 [exl3.py:451] exl3 fat-expert P0: layers=9576 fat_layers=9321 (97.3%) fat_expert_slots=232705 max_rows=2048 avg_max_rows=1399.7 hist_le128=255 hist_gt128=9321 hist=[0, 17, 43, 195, 84, 762, 1104, 7371, 0]
(Worker_TP1 pid=1239) INFO 09-03 11:05:17 [exl3.py:464] exl3 e2 diag schema=1 configured_tier=legacy effective_tier=legacy tier_reason=none_requested shared_suh=1 shared_suh_layers=42/42 sym_exl3_moe=1 sym_fat_gemm=1 sym_fat_gemm_scatter=1 cap=12.1 cap_ok=1 tp_rank=1 tp_size=4 prefill_layer_calls=9576 thin_calls=255 row_tile_calls=0 fallback_calls=kernel=0,batched=0,sorted=0,legacy=9320 fallback_reasons=legacy_default=9320,thin_only=255 fat_expert_runs=232695 direct_calls=0 scatter_calls=0 fat_layers=9321 fat_expert_slots=232705 max_rows=2048 fused_temps_allocs=1 fused_temps_bytes=14155776 fat_scratch_allocs=0 fat_scratch_bytes=0 fat_scratch_peak_bytes=0
(Worker_TP1 pid=1239) INFO 09-03 11:05:19 [exl3.py:451] exl3 fat-expert P0: layers=9618 fat_layers=9363 (97.3%) fat_expert_slots=233825 max_rows=2048 avg_max_rows=1399.8 hist_le128=255 hist_gt128=9363 hist=[0, 17, 43, 195, 84, 766, 1109, 7404, 0]
(Worker_TP1 pid=1239) INFO 09-03 11:05:19 [exl3.py:464] exl3 e2 diag schema=1 configured_tier=legacy effective_tier=legacy tier_reason=none_requested shared_suh=1 shared_suh_layers=42/42 sym_exl3_moe=1 sym_fat_gemm=1 sym_fat_gemm_scatter=1 cap=12.1 cap_ok=1 tp_rank=1 tp_size=4 prefill_layer_calls=9618 thin_calls=255 row_tile_calls=0 fallback_calls=kernel=0,batched=0,sorted=0,legacy=9362 fallback_reasons=legacy_default=9362,thin_only=255 fat_expert_runs=233815 direct_calls=0 scatter_calls=0 fat_layers=9363 fat_expert_slots=233825 max_rows=2048 fused_temps_allocs=1 fused_temps_bytes=14155776 fat_scratch_allocs=0 fat_scratch_bytes=0 fat_scratch_peak_bytes=0
(Worker_TP1 pid=1239) INFO 09-03 11:05:21 [exl3.py:451] exl3 fat-expert P0: layers=9660 fat_layers=9405 (97.4%) fat_expert_slots=234943 max_rows=2048 avg_max_rows=1399.8 hist_le128=255 hist_gt128=9405 hist=[0, 17, 43, 195, 84, 770, 1113, 7438, 0]
(Worker_TP1 pid=1239) INFO 09-03 11:05:21 [exl3.py:464] exl3 e2 diag schema=1 configured_tier=legacy effective_tier=legacy tier_reason=none_requested shared_suh=1 shared_suh_layers=42/42 sym_exl3_moe=1 sym_fat_gemm=1 sym_fat_gemm_scatter=1 cap=12.1 cap_ok=1 tp_rank=1 tp_size=4 prefill_layer_calls=9660 thin_calls=255 row_tile_calls=0 fallback_calls=kernel=0,batched=0,sorted=0,legacy=9404 fallback_reasons=legacy_default=9404,thin_only=255 fat_expert_runs=234933 direct_calls=0 scatter_calls=0 fat_layers=9405 fat_expert_slots=234943 max_rows=2048 fused_temps_allocs=1 fused_temps_bytes=14155776 fat_scratch_allocs=0 fat_scratch_bytes=0 fat_scratch_peak_bytes=0
(Worker_TP1 pid=1239) INFO 09-03 11:05:23 [exl3.py:451] exl3 fat-expert P0: layers=9702 fat_layers=9447 (97.4%) fat_expert_slots=236064 max_rows=2048 avg_max_rows=1399.9 hist_le128=255 hist_gt128=9447 hist=[0, 17, 43, 195, 84, 773, 1120, 7470, 0]
(Worker_TP1 pid=1239) INFO 09-03 11:05:23 [exl3.py:464] exl3 e2 diag schema=1 configured_tier=legacy effective_tier=legacy tier_reason=none_requested shared_suh=1 shared_suh_layers=42/42 sym_exl3_moe=1 sym_fat_gemm=1 sym_fat_gemm_scatter=1 cap=12.1 cap_ok=1 tp_rank=1 tp_size=4 prefill_layer_calls=9702 thin_calls=255 row_tile_calls=0 fallback_calls=kernel=0,batched=0,sorted=0,legacy=9446 fallback_reasons=legacy_default=9446,thin_only=255 fat_expert_runs=236054 direct_calls=0 scatter_calls=0 fat_layers=9447 fat_expert_slots=236064 max_rows=2048 fused_temps_allocs=1 fused_temps_bytes=14155776 fat_scratch_allocs=0 fat_scratch_bytes=0 fat_scratch_peak_bytes=0
(Worker_TP1 pid=1239) INFO 09-03 11:05:24 [exl3.py:451] exl3 fat-expert P0: layers=9744 fat_layers=9489 (97.4%) fat_expert_slots=237165 max_rows=2048 avg_max_rows=1399.9 hist_le128=255 hist_gt128=9489 hist=[0, 17, 43, 195, 84, 777, 1125, 7503, 0]
(Worker_TP1 pid=1239) INFO 09-03 11:05:24 [exl3.py:464] exl3 e2 diag schema=1 configured_tier=legacy effective_tier=legacy tier_reason=none_requested shared_suh=1 shared_suh_layers=42/42 sym_exl3_moe=1 sym_fat_gemm=1 sym_fat_gemm_scatter=1 cap=12.1 cap_ok=1 tp_rank=1 tp_size=4 prefill_layer_calls=9744 thin_calls=255 row_tile_calls=0 fallback_calls=kernel=0,batched=0,sorted=0,legacy=9488 fallback_reasons=legacy_default=9488,thin_only=255 fat_expert_runs=237155 direct_calls=0 scatter_calls=0 fat_layers=9489 fat_expert_slots=237165 max_rows=2048 fused_temps_allocs=1 fused_temps_bytes=14155776 fat_scratch_allocs=0 fat_scratch_bytes=0 fat_scratch_peak_bytes=0
(Worker_TP1 pid=1239) INFO 09-03 11:05:26 [exl3.py:451] exl3 fat-expert P0: layers=9786 fat_layers=9531 (97.4%) fat_expert_slots=238264 max_rows=2048 avg_max_rows=1399.9 hist_le128=255 hist_gt128=9531 hist=[0, 17, 43, 195, 84, 781, 1130, 7536, 0]
(Worker_TP1 pid=1239) INFO 09-03 11:05:26 [exl3.py:464] exl3 e2 diag schema=1 configured_tier=legacy effective_tier=legacy tier_reason=none_requested shared_suh=1 shared_suh_layers=42/42 sym_exl3_moe=1 sym_fat_gemm=1 sym_fat_gemm_scatter=1 cap=12.1 cap_ok=1 tp_rank=1 tp_size=4 prefill_layer_calls=9786 thin_calls=255 row_tile_calls=0 fallback_calls=kernel=0,batched=0,sorted=0,legacy=9530 fallback_reasons=legacy_default=9530,thin_only=255 fat_expert_runs=238252 direct_calls=0 scatter_calls=0 fat_layers=9531 fat_expert_slots=238264 max_rows=2048 fused_temps_allocs=1 fused_temps_bytes=14155776 fat_scratch_allocs=0 fat_scratch_bytes=0 fat_scratch_peak_bytes=0
(Worker_TP1 pid=1239) INFO 09-03 11:05:28 [exl3.py:451] exl3 fat-expert P0: layers=9828 fat_layers=9573 (97.4%) fat_expert_slots=239376 max_rows=2048 avg_max_rows=1400.0 hist_le128=255 hist_gt128=9573 hist=[0, 17, 43, 195, 84, 785, 1136, 7568, 0]
(Worker_TP1 pid=1239) INFO 09-03 11:05:28 [exl3.py:464] exl3 e2 diag schema=1 configured_tier=legacy effective_tier=legacy tier_reason=none_requested shared_suh=1 shared_suh_layers=42/42 sym_exl3_moe=1 sym_fat_gemm=1 sym_fat_gemm_scatter=1 cap=12.1 cap_ok=1 tp_rank=1 tp_size=4 prefill_layer_calls=9828 thin_calls=255 row_tile_calls=0 fallback_calls=kernel=0,batched=0,sorted=0,legacy=9572 fallback_reasons=legacy_default=9572,thin_only=255 fat_expert_runs=239364 direct_calls=0 scatter_calls=0 fat_layers=9573 fat_expert_slots=239376 max_rows=2048 fused_temps_allocs=1 fused_temps_bytes=14155776 fat_scratch_allocs=0 fat_scratch_bytes=0 fat_scratch_peak_bytes=0
(Worker_TP1 pid=1239) INFO 09-03 11:05:30 [exl3.py:451] exl3 fat-expert P0: layers=9870 fat_layers=9615 (97.4%) fat_expert_slots=240558 max_rows=2048 avg_max_rows=1399.4 hist_le128=255 hist_gt128=9615 hist=[0, 17, 43, 195, 84, 789, 1143, 7599, 0]
(Worker_TP1 pid=1239) INFO 09-03 11:05:30 [exl3.py:464] exl3 e2 diag schema=1 configured_tier=legacy effective_tier=legacy tier_reason=none_requested shared_suh=1 shared_suh_layers=42/42 sym_exl3_moe=1 sym_fat_gemm=1 sym_fat_gemm_scatter=1 cap=12.1 cap_ok=1 tp_rank=1 tp_size=4 prefill_layer_calls=9870 thin_calls=255 row_tile_calls=0 fallback_calls=kernel=0,batched=0,sorted=0,legacy=9614 fallback_reasons=legacy_default=9614,thin_only=255 fat_expert_runs=240545 direct_calls=0 scatter_calls=0 fat_layers=9615 fat_expert_slots=240558 max_rows=2048 fused_temps_allocs=1 fused_temps_bytes=14155776 fat_scratch_allocs=0 fat_scratch_bytes=0 fat_scratch_peak_bytes=0
(Worker_TP1 pid=1239) INFO 09-03 11:05:31 [exl3.py:451] exl3 fat-expert P0: layers=9912 fat_layers=9657 (97.4%) fat_expert_slots=241604 max_rows=2048 avg_max_rows=1399.3 hist_le128=255 hist_gt128=9657 hist=[0, 17, 43, 195, 84, 792, 1147, 7634, 0]
(Worker_TP1 pid=1239) INFO 09-03 11:05:31 [exl3.py:464] exl3 e2 diag schema=1 configured_tier=legacy effective_tier=legacy tier_reason=none_requested shared_suh=1 shared_suh_layers=42/42 sym_exl3_moe=1 sym_fat_gemm=1 sym_fat_gemm_scatter=1 cap=12.1 cap_ok=1 tp_rank=1 tp_size=4 prefill_layer_calls=9912 thin_calls=255 row_tile_calls=0 fallback_calls=kernel=0,batched=0,sorted=0,legacy=9656 fallback_reasons=legacy_default=9656,thin_only=255 fat_expert_runs=241582 direct_calls=0 scatter_calls=0 fat_layers=9657 fat_expert_slots=241604 max_rows=2048 fused_temps_allocs=1 fused_temps_bytes=14155776 fat_scratch_allocs=0 fat_scratch_bytes=0 fat_scratch_peak_bytes=0
(Worker_TP1 pid=1239) INFO 09-03 11:05:33 [exl3.py:451] exl3 fat-expert P0: layers=9954 fat_layers=9699 (97.4%) fat_expert_slots=242673 max_rows=2048 avg_max_rows=1399.6 hist_le128=255 hist_gt128=9699 hist=[0, 17, 43, 195, 84, 796, 1150, 7669, 0]
(Worker_TP1 pid=1239) INFO 09-03 11:05:33 [exl3.py:464] exl3 e2 diag schema=1 configured_tier=legacy effective_tier=legacy tier_reason=none_requested shared_suh=1 shared_suh_layers=42/42 sym_exl3_moe=1 sym_fat_gemm=1 sym_fat_gemm_scatter=1 cap=12.1 cap_ok=1 tp_rank=1 tp_size=4 prefill_layer_calls=9954 thin_calls=255 row_tile_calls=0 fallback_calls=kernel=0,batched=0,sorted=0,legacy=9698 fallback_reasons=legacy_default=9698,thin_only=255 fat_expert_runs=242653 direct_calls=0 scatter_calls=0 fat_layers=9699 fat_expert_slots=242673 max_rows=2048 fused_temps_allocs=1 fused_temps_bytes=14155776 fat_scratch_allocs=0 fat_scratch_bytes=0 fat_scratch_peak_bytes=0
(Worker_TP1 pid=1239) INFO 09-03 11:05:35 [exl3.py:451] exl3 fat-expert P0: layers=9996 fat_layers=9741 (97.4%) fat_expert_slots=243732 max_rows=2048 avg_max_rows=1399.9 hist_le128=255 hist_gt128=9741 hist=[0, 17, 43, 195, 84, 800, 1154, 7703, 0]
(Worker_TP1 pid=1239) INFO 09-03 11:05:35 [exl3.py:464] exl3 e2 diag schema=1 configured_tier=legacy effective_tier=legacy tier_reason=none_requested shared_suh=1 shared_suh_layers=42/42 sym_exl3_moe=1 sym_fat_gemm=1 sym_fat_gemm_scatter=1 cap=12.1 cap_ok=1 tp_rank=1 tp_size=4 prefill_layer_calls=9996 thin_calls=255 row_tile_calls=0 fallback_calls=kernel=0,batched=0,sorted=0,legacy=9740 fallback_reasons=legacy_default=9740,thin_only=255 fat_expert_runs=243710 direct_calls=0 scatter_calls=0 fat_layers=9741 fat_expert_slots=243732 max_rows=2048 fused_temps_allocs=1 fused_temps_bytes=14155776 fat_scratch_allocs=0 fat_scratch_bytes=0 fat_scratch_peak_bytes=0
(Worker_TP1 pid=1239) INFO 09-03 11:05:36 [exl3.py:451] exl3 fat-expert P0: layers=10038 fat_layers=9783 (97.5%) fat_expert_slots=244795 max_rows=2048 avg_max_rows=1400.2 hist_le128=255 hist_gt128=9783 hist=[0, 17, 43, 195, 84, 804, 1158, 7737, 0]
(Worker_TP1 pid=1239) INFO 09-03 11:05:36 [exl3.py:464] exl3 e2 diag schema=1 configured_tier=legacy effective_tier=legacy tier_reason=none_requested shared_suh=1 shared_suh_layers=42/42 sym_exl3_moe=1 sym_fat_gemm=1 sym_fat_gemm_scatter=1 cap=12.1 cap_ok=1 tp_rank=1 tp_size=4 prefill_layer_calls=10038 thin_calls=255 row_tile_calls=0 fallback_calls=kernel=0,batched=0,sorted=0,legacy=9782 fallback_reasons=legacy_default=9782,thin_only=255 fat_expert_runs=244774 direct_calls=0 scatter_calls=0 fat_layers=9783 fat_expert_slots=244795 max_rows=2048 fused_temps_allocs=1 fused_temps_bytes=14155776 fat_scratch_allocs=0 fat_scratch_bytes=0 fat_scratch_peak_bytes=0
(Worker_TP1 pid=1239) INFO 09-03 11:05:38 [exl3.py:451] exl3 fat-expert P0: layers=10080 fat_layers=9825 (97.5%) fat_expert_slots=245846 max_rows=2048 avg_max_rows=1400.6 hist_le128=255 hist_gt128=9825 hist=[0, 17, 43, 195, 84, 807, 1163, 7771, 0]
(Worker_TP1 pid=1239) INFO 09-03 11:05:38 [exl3.py:464] exl3 e2 diag schema=1 configured_tier=legacy effective_tier=legacy tier_reason=none_requested shared_suh=1 shared_suh_layers=42/42 sym_exl3_moe=1 sym_fat_gemm=1 sym_fat_gemm_scatter=1 cap=12.1 cap_ok=1 tp_rank=1 tp_size=4 prefill_layer_calls=10080 thin_calls=255 row_tile_calls=0 fallback_calls=kernel=0,batched=0,sorted=0,legacy=9824 fallback_reasons=legacy_default=9824,thin_only=255 fat_expert_runs=245826 direct_calls=0 scatter_calls=0 fat_layers=9825 fat_expert_slots=245846 max_rows=2048 fused_temps_allocs=1 fused_temps_bytes=14155776 fat_scratch_allocs=0 fat_scratch_bytes=0 fat_scratch_peak_bytes=0
(Worker_TP1 pid=1239) INFO 09-03 11:05:40 [exl3.py:451] exl3 fat-expert P0: layers=10122 fat_layers=9867 (97.5%) fat_expert_slots=246900 max_rows=2048 avg_max_rows=1400.9 hist_le128=255 hist_gt128=9867 hist=[0, 17, 43, 195, 84, 810, 1168, 7805, 0]
(Worker_TP1 pid=1239) INFO 09-03 11:05:40 [exl3.py:464] exl3 e2 diag schema=1 configured_tier=legacy effective_tier=legacy tier_reason=none_requested shared_suh=1 shared_suh_layers=42/42 sym_exl3_moe=1 sym_fat_gemm=1 sym_fat_gemm_scatter=1 cap=12.1 cap_ok=1 tp_rank=1 tp_size=4 prefill_layer_calls=10122 thin_calls=255 row_tile_calls=0 fallback_calls=kernel=0,batched=0,sorted=0,legacy=9866 fallback_reasons=legacy_default=9866,thin_only=255 fat_expert_runs=246881 direct_calls=0 scatter_calls=0 fat_layers=9867 fat_expert_slots=246900 max_rows=2048 fused_temps_allocs=1 fused_temps_bytes=14155776 fat_scratch_allocs=0 fat_scratch_bytes=0 fat_scratch_peak_bytes=0
(Worker_TP1 pid=1239) INFO 09-03 11:05:41 [exl3.py:451] exl3 fat-expert P0: layers=10164 fat_layers=9909 (97.5%) fat_expert_slots=247963 max_rows=2048 avg_max_rows=1401.1 hist_le128=255 hist_gt128=9909 hist=[0, 17, 43, 195, 84, 813, 1174, 7838, 0]
(Worker_TP1 pid=1239) INFO 09-03 11:05:41 [exl3.py:464] exl3 e2 diag schema=1 configured_tier=legacy effective_tier=legacy tier_reason=none_requested shared_suh=1 shared_suh_layers=42/42 sym_exl3_moe=1 sym_fat_gemm=1 sym_fat_gemm_scatter=1 cap=12.1 cap_ok=1 tp_rank=1 tp_size=4 prefill_layer_calls=10164 thin_calls=255 row_tile_calls=0 fallback_calls=kernel=0,batched=0,sorted=0,legacy=9908 fallback_reasons=legacy_default=9908,thin_only=255 fat_expert_runs=247945 direct_calls=0 scatter_calls=0 fat_layers=9909 fat_expert_slots=247963 max_rows=2048 fused_temps_allocs=1 fused_temps_bytes=14155776 fat_scratch_allocs=0 fat_scratch_bytes=0 fat_scratch_peak_bytes=0
(Worker_TP1 pid=1239) INFO 09-03 11:05:43 [exl3.py:451] exl3 fat-expert P0: layers=10206 fat_layers=9951 (97.5%) fat_expert_slots=249045 max_rows=2048 avg_max_rows=1401.4 hist_le128=255 hist_gt128=9951 hist=[0, 17, 43, 195, 84, 817, 1178, 7872, 0]
(Worker_TP1 pid=1239) INFO 09-03 11:05:43 [exl3.py:464] exl3 e2 diag schema=1 configured_tier=legacy effective_tier=legacy tier_reason=none_requested shared_suh=1 shared_suh_layers=42/42 sym_exl3_moe=1 sym_fat_gemm=1 sym_fat_gemm_scatter=1 cap=12.1 cap_ok=1 tp_rank=1 tp_size=4 prefill_layer_calls=10206 thin_calls=255 row_tile_calls=0 fallback_calls=kernel=0,batched=0,sorted=0,legacy=9950 fallback_reasons=legacy_default=9950,thin_only=255 fat_expert_runs=249025 direct_calls=0 scatter_calls=0 fat_layers=9951 fat_expert_slots=249045 max_rows=2048 fused_temps_allocs=1 fused_temps_bytes=14155776 fat_scratch_allocs=0 fat_scratch_bytes=0 fat_scratch_peak_bytes=0
(Worker_TP1 pid=1239) INFO 09-03 11:05:45 [exl3.py:451] exl3 fat-expert P0: layers=10248 fat_layers=9993 (97.5%) fat_expert_slots=250103 max_rows=2048 avg_max_rows=1401.7 hist_le128=255 hist_gt128=9993 hist=[0, 17, 43, 195, 84, 820, 1183, 7906, 0]
(Worker_TP1 pid=1239) INFO 09-03 11:05:45 [exl3.py:464] exl3 e2 diag schema=1 configured_tier=legacy effective_tier=legacy tier_reason=none_requested shared_suh=1 shared_suh_layers=42/42 sym_exl3_moe=1 sym_fat_gemm=1 sym_fat_gemm_scatter=1 cap=12.1 cap_ok=1 tp_rank=1 tp_size=4 prefill_layer_calls=10248 thin_calls=255 row_tile_calls=0 fallback_calls=kernel=0,batched=0,sorted=0,legacy=9992 fallback_reasons=legacy_default=9992,thin_only=255 fat_expert_runs=250085 direct_calls=0 scatter_calls=0 fat_layers=9993 fat_expert_slots=250103 max_rows=2048 fused_temps_allocs=1 fused_temps_bytes=14155776 fat_scratch_allocs=0 fat_scratch_bytes=0 fat_scratch_peak_bytes=0
(Worker_TP1 pid=1239) INFO 09-03 11:05:47 [exl3.py:451] exl3 fat-expert P0: layers=10290 fat_layers=10035 (97.5%) fat_expert_slots=251164 max_rows=2048 avg_max_rows=1402.0 hist_le128=255 hist_gt128=10035 hist=[0, 17, 43, 195, 84, 823, 1187, 7941, 0]
(Worker_TP1 pid=1239) INFO 09-03 11:05:47 [exl3.py:464] exl3 e2 diag schema=1 configured_tier=legacy effective_tier=legacy tier_reason=none_requested shared_suh=1 shared_suh_layers=42/42 sym_exl3_moe=1 sym_fat_gemm=1 sym_fat_gemm_scatter=1 cap=12.1 cap_ok=1 tp_rank=1 tp_size=4 prefill_layer_calls=10290 thin_calls=255 row_tile_calls=0 fallback_calls=kernel=0,batched=0,sorted=0,legacy=10034 fallback_reasons=legacy_default=10034,thin_only=255 fat_expert_runs=251148 direct_calls=0 scatter_calls=0 fat_layers=10035 fat_expert_slots=251164 max_rows=2048 fused_temps_allocs=1 fused_temps_bytes=14155776 fat_scratch_allocs=0 fat_scratch_bytes=0 fat_scratch_peak_bytes=0
(Worker_TP1 pid=1239) INFO 09-03 11:05:48 [exl3.py:451] exl3 fat-expert P0: layers=10332 fat_layers=10077 (97.5%) fat_expert_slots=252259 max_rows=2048 avg_max_rows=1402.1 hist_le128=255 hist_gt128=10077 hist=[0, 17, 43, 195, 84, 826, 1192, 7975, 0]
(Worker_TP1 pid=1239) INFO 09-03 11:05:48 [exl3.py:464] exl3 e2 diag schema=1 configured_tier=legacy effective_tier=legacy tier_reason=none_requested shared_suh=1 shared_suh_layers=42/42 sym_exl3_moe=1 sym_fat_gemm=1 sym_fat_gemm_scatter=1 cap=12.1 cap_ok=1 tp_rank=1 tp_size=4 prefill_layer_calls=10332 thin_calls=255 row_tile_calls=0 fallback_calls=kernel=0,batched=0,sorted=0,legacy=10076 fallback_reasons=legacy_default=10076,thin_only=255 fat_expert_runs=252243 direct_calls=0 scatter_calls=0 fat_layers=10077 fat_expert_slots=252259 max_rows=2048 fused_temps_allocs=1 fused_temps_bytes=14155776 fat_scratch_allocs=0 fat_scratch_bytes=0 fat_scratch_peak_bytes=0
(Worker_TP1 pid=1239) INFO 09-03 11:05:50 [exl3.py:451] exl3 fat-expert P0: layers=10374 fat_layers=10119 (97.5%) fat_expert_slots=253325 max_rows=2048 avg_max_rows=1402.3 hist_le128=255 hist_gt128=10119 hist=[0, 17, 43, 195, 84, 829, 1198, 8008, 0]
(Worker_TP1 pid=1239) INFO 09-03 11:05:50 [exl3.py:464] exl3 e2 diag schema=1 configured_tier=legacy effective_tier=legacy tier_reason=none_requested shared_suh=1 shared_suh_layers=42/42 sym_exl3_moe=1 sym_fat_gemm=1 sym_fat_gemm_scatter=1 cap=12.1 cap_ok=1 tp_rank=1 tp_size=4 prefill_layer_calls=10374 thin_calls=255 row_tile_calls=0 fallback_calls=kernel=0,batched=0,sorted=0,legacy=10118 fallback_reasons=legacy_default=10118,thin_only=255 fat_expert_runs=253308 direct_calls=0 scatter_calls=0 fat_layers=10119 fat_expert_slots=253325 max_rows=2048 fused_temps_allocs=1 fused_temps_bytes=14155776 fat_scratch_allocs=0 fat_scratch_bytes=0 fat_scratch_peak_bytes=0
(Worker_TP1 pid=1239) INFO 09-03 11:05:52 [exl3.py:451] exl3 fat-expert P0: layers=10416 fat_layers=10161 (97.6%) fat_expert_slots=254371 max_rows=2048 avg_max_rows=1402.5 hist_le128=255 hist_gt128=10161 hist=[0, 17, 43, 195, 84, 832, 1204, 8041, 0]
(Worker_TP1 pid=1239) INFO 09-03 11:05:52 [exl3.py:464] exl3 e2 diag schema=1 configured_tier=legacy effective_tier=legacy tier_reason=none_requested shared_suh=1 shared_suh_layers=42/42 sym_exl3_moe=1 sym_fat_gemm=1 sym_fat_gemm_scatter=1 cap=12.1 cap_ok=1 tp_rank=1 tp_size=4 prefill_layer_calls=10416 thin_calls=255 row_tile_calls=0 fallback_calls=kernel=0,batched=0,sorted=0,legacy=10160 fallback_reasons=legacy_default=10160,thin_only=255 fat_expert_runs=254357 direct_calls=0 scatter_calls=0 fat_layers=10161 fat_expert_slots=254371 max_rows=2048 fused_temps_allocs=1 fused_temps_bytes=14155776 fat_scratch_allocs=0 fat_scratch_bytes=0 fat_scratch_peak_bytes=0
(Worker_TP1 pid=1239) INFO 09-03 11:05:53 [exl3.py:451] exl3 fat-expert P0: layers=10458 fat_layers=10203 (97.6%) fat_expert_slots=255433 max_rows=2048 avg_max_rows=1402.7 hist_le128=255 hist_gt128=10203 hist=[0, 17, 43, 195, 84, 835, 1209, 8075, 0]
(Worker_TP1 pid=1239) INFO 09-03 11:05:53 [exl3.py:464] exl3 e2 diag schema=1 configured_tier=legacy effective_tier=legacy tier_reason=none_requested shared_suh=1 shared_suh_layers=42/42 sym_exl3_moe=1 sym_fat_gemm=1 sym_fat_gemm_scatter=1 cap=12.1 cap_ok=1 tp_rank=1 tp_size=4 prefill_layer_calls=10458 thin_calls=255 row_tile_calls=0 fallback_calls=kernel=0,batched=0,sorted=0,legacy=10202 fallback_reasons=legacy_default=10202,thin_only=255 fat_expert_runs=255420 direct_calls=0 scatter_calls=0 fat_layers=10203 fat_expert_slots=255433 max_rows=2048 fused_temps_allocs=1 fused_temps_bytes=14155776 fat_scratch_allocs=0 fat_scratch_bytes=0 fat_scratch_peak_bytes=0
(Worker_TP1 pid=1239) INFO 09-03 11:05:55 [exl3.py:451] exl3 fat-expert P0: layers=10500 fat_layers=10245 (97.6%) fat_expert_slots=256508 max_rows=2048 avg_max_rows=1402.9 hist_le128=255 hist_gt128=10245 hist=[0, 17, 43, 195, 84, 838, 1216, 8107, 0]
(Worker_TP1 pid=1239) INFO 09-03 11:05:55 [exl3.py:464] exl3 e2 diag schema=1 configured_tier=legacy effective_tier=legacy tier_reason=none_requested shared_suh=1 shared_suh_layers=42/42 sym_exl3_moe=1 sym_fat_gemm=1 sym_fat_gemm_scatter=1 cap=12.1 cap_ok=1 tp_rank=1 tp_size=4 prefill_layer_calls=10500 thin_calls=255 row_tile_calls=0 fallback_calls=kernel=0,batched=0,sorted=0,legacy=10244 fallback_reasons=legacy_default=10244,thin_only=255 fat_expert_runs=256494 direct_calls=0 scatter_calls=0 fat_layers=10245 fat_expert_slots=256508 max_rows=2048 fused_temps_allocs=1 fused_temps_bytes=14155776 fat_scratch_allocs=0 fat_scratch_bytes=0 fat_scratch_peak_bytes=0
(Worker_TP1 pid=1239) INFO 09-03 11:05:57 [exl3.py:451] exl3 fat-expert P0: layers=10542 fat_layers=10287 (97.6%) fat_expert_slots=257574 max_rows=2048 avg_max_rows=1403.1 hist_le128=255 hist_gt128=10287 hist=[0, 17, 43, 195, 84, 841, 1223, 8139, 0]
(Worker_TP1 pid=1239) INFO 09-03 11:05:57 [exl3.py:464] exl3 e2 diag schema=1 configured_tier=legacy effective_tier=legacy tier_reason=none_requested shared_suh=1 shared_suh_layers=42/42 sym_exl3_moe=1 sym_fat_gemm=1 sym_fat_gemm_scatter=1 cap=12.1 cap_ok=1 tp_rank=1 tp_size=4 prefill_layer_calls=10542 thin_calls=255 row_tile_calls=0 fallback_calls=kernel=0,batched=0,sorted=0,legacy=10286 fallback_reasons=legacy_default=10286,thin_only=255 fat_expert_runs=257560 direct_calls=0 scatter_calls=0 fat_layers=10287 fat_expert_slots=257574 max_rows=2048 fused_temps_allocs=1 fused_temps_bytes=14155776 fat_scratch_allocs=0 fat_scratch_bytes=0 fat_scratch_peak_bytes=0
(Worker_TP1 pid=1239) INFO 09-03 11:05:59 [exl3.py:451] exl3 fat-expert P0: layers=10584 fat_layers=10329 (97.6%) fat_expert_slots=258629 max_rows=2048 avg_max_rows=1403.2 hist_le128=255 hist_gt128=10329 hist=[0, 17, 43, 195, 84, 844, 1228, 8173, 0]
(Worker_TP1 pid=1239) INFO 09-03 11:05:59 [exl3.py:464] exl3 e2 diag schema=1 configured_tier=legacy effective_tier=legacy tier_reason=none_requested shared_suh=1 shared_suh_layers=42/42 sym_exl3_moe=1 sym_fat_gemm=1 sym_fat_gemm_scatter=1 cap=12.1 cap_ok=1 tp_rank=1 tp_size=4 prefill_layer_calls=10584 thin_calls=255 row_tile_calls=0 fallback_calls=kernel=0,batched=0,sorted=0,legacy=10328 fallback_reasons=legacy_default=10328,thin_only=255 fat_expert_runs=258615 direct_calls=0 scatter_calls=0 fat_layers=10329 fat_expert_slots=258629 max_rows=2048 fused_temps_allocs=1 fused_temps_bytes=14155776 fat_scratch_allocs=0 fat_scratch_bytes=0 fat_scratch_peak_bytes=0
(Worker_TP1 pid=1239) INFO 09-03 11:06:00 [exl3.py:451] exl3 fat-expert P0: layers=10626 fat_layers=10371 (97.6%) fat_expert_slots=259689 max_rows=2048 avg_max_rows=1403.3 hist_le128=255 hist_gt128=10371 hist=[0, 17, 43, 195, 84, 847, 1235, 8205, 0]
(Worker_TP1 pid=1239) INFO 09-03 11:06:00 [exl3.py:464] exl3 e2 diag schema=1 configured_tier=legacy effective_tier=legacy tier_reason=none_requested shared_suh=1 shared_suh_layers=42/42 sym_exl3_moe=1 sym_fat_gemm=1 sym_fat_gemm_scatter=1 cap=12.1 cap_ok=1 tp_rank=1 tp_size=4 prefill_layer_calls=10626 thin_calls=255 row_tile_calls=0 fallback_calls=kernel=0,batched=0,sorted=0,legacy=10370 fallback_reasons=legacy_default=10370,thin_only=255 fat_expert_runs=259675 direct_calls=0 scatter_calls=0 fat_layers=10371 fat_expert_slots=259689 max_rows=2048 fused_temps_allocs=1 fused_temps_bytes=14155776 fat_scratch_allocs=0 fat_scratch_bytes=0 fat_scratch_peak_bytes=0
(Worker_TP1 pid=1239) INFO 09-03 11:06:02 [exl3.py:451] exl3 fat-expert P0: layers=10668 fat_layers=10413 (97.6%) fat_expert_slots=260743 max_rows=2048 avg_max_rows=1403.5 hist_le128=255 hist_gt128=10413 hist=[0, 17, 43, 195, 84, 850, 1241, 8238, 0]
(Worker_TP1 pid=1239) INFO 09-03 11:06:02 [exl3.py:464] exl3 e2 diag schema=1 configured_tier=legacy effective_tier=legacy tier_reason=none_requested shared_suh=1 shared_suh_layers=42/42 sym_exl3_moe=1 sym_fat_gemm=1 sym_fat_gemm_scatter=1 cap=12.1 cap_ok=1 tp_rank=1 tp_size=4 prefill_layer_calls=10668 thin_calls=255 row_tile_calls=0 fallback_calls=kernel=0,batched=0,sorted=0,legacy=10412 fallback_reasons=legacy_default=10412,thin_only=255 fat_expert_runs=260729 direct_calls=0 scatter_calls=0 fat_layers=10413 fat_expert_slots=260743 max_rows=2048 fused_temps_allocs=1 fused_temps_bytes=14155776 fat_scratch_allocs=0 fat_scratch_bytes=0 fat_scratch_peak_bytes=0
(Worker_TP1 pid=1239) INFO 09-03 11:06:04 [exl3.py:451] exl3 fat-expert P0: layers=10710 fat_layers=10455 (97.6%) fat_expert_slots=261818 max_rows=2048 avg_max_rows=1403.5 hist_le128=255 hist_gt128=10455 hist=[0, 17, 43, 195, 84, 854, 1244, 8273, 0]
(Worker_TP1 pid=1239) INFO 09-03 11:06:04 [exl3.py:464] exl3 e2 diag schema=1 configured_tier=legacy effective_tier=legacy tier_reason=none_requested shared_suh=1 shared_suh_layers=42/42 sym_exl3_moe=1 sym_fat_gemm=1 sym_fat_gemm_scatter=1 cap=12.1 cap_ok=1 tp_rank=1 tp_size=4 prefill_layer_calls=10710 thin_calls=255 row_tile_calls=0 fallback_calls=kernel=0,batched=0,sorted=0,legacy=10454 fallback_reasons=legacy_default=10454,thin_only=255 fat_expert_runs=261803 direct_calls=0 scatter_calls=0 fat_layers=10455 fat_expert_slots=261818 max_rows=2048 fused_temps_allocs=1 fused_temps_bytes=14155776 fat_scratch_allocs=0 fat_scratch_bytes=0 fat_scratch_peak_bytes=0
(Worker_TP1 pid=1239) INFO 09-03 11:06:05 [exl3.py:451] exl3 fat-expert P0: layers=10752 fat_layers=10497 (97.6%) fat_expert_slots=262885 max_rows=2048 avg_max_rows=1403.7 hist_le128=255 hist_gt128=10497 hist=[0, 17, 43, 195, 84, 858, 1249, 8306, 0]
(Worker_TP1 pid=1239) INFO 09-03 11:06:05 [exl3.py:464] exl3 e2 diag schema=1 configured_tier=legacy effective_tier=legacy tier_reason=none_requested shared_suh=1 shared_suh_layers=42/42 sym_exl3_moe=1 sym_fat_gemm=1 sym_fat_gemm_scatter=1 cap=12.1 cap_ok=1 tp_rank=1 tp_size=4 prefill_layer_calls=10752 thin_calls=255 row_tile_calls=0 fallback_calls=kernel=0,batched=0,sorted=0,legacy=10496 fallback_reasons=legacy_default=10496,thin_only=255 fat_expert_runs=262869 direct_calls=0 scatter_calls=0 fat_layers=10497 fat_expert_slots=262885 max_rows=2048 fused_temps_allocs=1 fused_temps_bytes=14155776 fat_scratch_allocs=0 fat_scratch_bytes=0 fat_scratch_peak_bytes=0
(Worker_TP1 pid=1239) INFO 09-03 11:06:07 [exl3.py:451] exl3 fat-expert P0: layers=10794 fat_layers=10539 (97.6%) fat_expert_slots=263976 max_rows=2048 avg_max_rows=1403.9 hist_le128=255 hist_gt128=10539 hist=[0, 17, 43, 195, 84, 862, 1254, 8339, 0]
(Worker_TP1 pid=1239) INFO 09-03 11:06:07 [exl3.py:464] exl3 e2 diag schema=1 configured_tier=legacy effective_tier=legacy tier_reason=none_requested shared_suh=1 shared_suh_layers=42/42 sym_exl3_moe=1 sym_fat_gemm=1 sym_fat_gemm_scatter=1 cap=12.1 cap_ok=1 tp_rank=1 tp_size=4 prefill_layer_calls=10794 thin_calls=255 row_tile_calls=0 fallback_calls=kernel=0,batched=0,sorted=0,legacy=10538 fallback_reasons=legacy_default=10538,thin_only=255 fat_expert_runs=263964 direct_calls=0 scatter_calls=0 fat_layers=10539 fat_expert_slots=263976 max_rows=2048 fused_temps_allocs=1 fused_temps_bytes=14155776 fat_scratch_allocs=0 fat_scratch_bytes=0 fat_scratch_peak_bytes=0
(Worker_TP1 pid=1239) INFO 09-03 11:06:09 [exl3.py:451] exl3 fat-expert P0: layers=10836 fat_layers=10581 (97.6%) fat_expert_slots=265040 max_rows=2048 avg_max_rows=1404.1 hist_le128=255 hist_gt128=10581 hist=[0, 17, 43, 195, 84, 866, 1259, 8372, 0]
(Worker_TP1 pid=1239) INFO 09-03 11:06:09 [exl3.py:464] exl3 e2 diag schema=1 configured_tier=legacy effective_tier=legacy tier_reason=none_requested shared_suh=1 shared_suh_layers=42/42 sym_exl3_moe=1 sym_fat_gemm=1 sym_fat_gemm_scatter=1 cap=12.1 cap_ok=1 tp_rank=1 tp_size=4 prefill_layer_calls=10836 thin_calls=255 row_tile_calls=0 fallback_calls=kernel=0,batched=0,sorted=0,legacy=10580 fallback_reasons=legacy_default=10580,thin_only=255 fat_expert_runs=265027 direct_calls=0 scatter_calls=0 fat_layers=10581 fat_expert_slots=265040 max_rows=2048 fused_temps_allocs=1 fused_temps_bytes=14155776 fat_scratch_allocs=0 fat_scratch_bytes=0 fat_scratch_peak_bytes=0
(Worker_TP1 pid=1239) INFO 09-03 11:06:11 [exl3.py:451] exl3 fat-expert P0: layers=10878 fat_layers=10623 (97.7%) fat_expert_slots=266123 max_rows=2048 avg_max_rows=1404.3 hist_le128=255 hist_gt128=10623 hist=[0, 17, 43, 195, 84, 870, 1264, 8405, 0]
(Worker_TP1 pid=1239) INFO 09-03 11:06:11 [exl3.py:464] exl3 e2 diag schema=1 configured_tier=legacy effective_tier=legacy tier_reason=none_requested shared_suh=1 shared_suh_layers=42/42 sym_exl3_moe=1 sym_fat_gemm=1 sym_fat_gemm_scatter=1 cap=12.1 cap_ok=1 tp_rank=1 tp_size=4 prefill_layer_calls=10878 thin_calls=255 row_tile_calls=0 fallback_calls=kernel=0,batched=0,sorted=0,legacy=10622 fallback_reasons=legacy_default=10622,thin_only=255 fat_expert_runs=266111 direct_calls=0 scatter_calls=0 fat_layers=10623 fat_expert_slots=266123 max_rows=2048 fused_temps_allocs=1 fused_temps_bytes=14155776 fat_scratch_allocs=0 fat_scratch_bytes=0 fat_scratch_peak_bytes=0
(Worker_TP1 pid=1239) INFO 09-03 11:06:12 [exl3.py:451] exl3 fat-expert P0: layers=10920 fat_layers=10665 (97.7%) fat_expert_slots=267201 max_rows=2048 avg_max_rows=1404.5 hist_le128=255 hist_gt128=10665 hist=[0, 17, 43, 195, 84, 873, 1270, 8438, 0]
(Worker_TP1 pid=1239) INFO 09-03 11:06:12 [exl3.py:464] exl3 e2 diag schema=1 configured_tier=legacy effective_tier=legacy tier_reason=none_requested shared_suh=1 shared_suh_layers=42/42 sym_exl3_moe=1 sym_fat_gemm=1 sym_fat_gemm_scatter=1 cap=12.1 cap_ok=1 tp_rank=1 tp_size=4 prefill_layer_calls=10920 thin_calls=255 row_tile_calls=0 fallback_calls=kernel=0,batched=0,sorted=0,legacy=10664 fallback_reasons=legacy_default=10664,thin_only=255 fat_expert_runs=267190 direct_calls=0 scatter_calls=0 fat_layers=10665 fat_expert_slots=267201 max_rows=2048 fused_temps_allocs=1 fused_temps_bytes=14155776 fat_scratch_allocs=0 fat_scratch_bytes=0 fat_scratch_peak_bytes=0
(Worker_TP1 pid=1239) INFO 09-03 11:06:14 [exl3.py:451] exl3 fat-expert P0: layers=10962 fat_layers=10707 (97.7%) fat_expert_slots=268282 max_rows=2048 avg_max_rows=1404.6 hist_le128=255 hist_gt128=10707 hist=[0, 17, 43, 195, 84, 877, 1275, 8471, 0]
(Worker_TP1 pid=1239) INFO 09-03 11:06:14 [exl3.py:464] exl3 e2 diag schema=1 configured_tier=legacy effective_tier=legacy tier_reason=none_requested shared_suh=1 shared_suh_layers=42/42 sym_exl3_moe=1 sym_fat_gemm=1 sym_fat_gemm_scatter=1 cap=12.1 cap_ok=1 tp_rank=1 tp_size=4 prefill_layer_calls=10962 thin_calls=255 row_tile_calls=0 fallback_calls=kernel=0,batched=0,sorted=0,legacy=10706 fallback_reasons=legacy_default=10706,thin_only=255 fat_expert_runs=268269 direct_calls=0 scatter_calls=0 fat_layers=10707 fat_expert_slots=268282 max_rows=2048 fused_temps_allocs=1 fused_temps_bytes=14155776 fat_scratch_allocs=0 fat_scratch_bytes=0 fat_scratch_peak_bytes=0
(Worker_TP1 pid=1239) INFO 09-03 11:06:16 [exl3.py:451] exl3 fat-expert P0: layers=11004 fat_layers=10749 (97.7%) fat_expert_slots=269352 max_rows=2048 avg_max_rows=1404.8 hist_le128=255 hist_gt128=10749 hist=[0, 17, 43, 195, 84, 881, 1279, 8505, 0]
(Worker_TP1 pid=1239) INFO 09-03 11:06:16 [exl3.py:464] exl3 e2 diag schema=1 configured_tier=legacy effective_tier=legacy tier_reason=none_requested shared_suh=1 shared_suh_layers=42/42 sym_exl3_moe=1 sym_fat_gemm=1 sym_fat_gemm_scatter=1 cap=12.1 cap_ok=1 tp_rank=1 tp_size=4 prefill_layer_calls=11004 thin_calls=255 row_tile_calls=0 fallback_calls=kernel=0,batched=0,sorted=0,legacy=10748 fallback_reasons=legacy_default=10748,thin_only=255 fat_expert_runs=269341 direct_calls=0 scatter_calls=0 fat_layers=10749 fat_expert_slots=269352 max_rows=2048 fused_temps_allocs=1 fused_temps_bytes=14155776 fat_scratch_allocs=0 fat_scratch_bytes=0 fat_scratch_peak_bytes=0
(Worker_TP1 pid=1239) INFO 09-03 11:06:18 [exl3.py:451] exl3 fat-expert P0: layers=11046 fat_layers=10791 (97.7%) fat_expert_slots=270439 max_rows=2048 avg_max_rows=1404.9 hist_le128=255 hist_gt128=10791 hist=[0, 17, 43, 195, 84, 885, 1284, 8538, 0]
(Worker_TP1 pid=1239) INFO 09-03 11:06:18 [exl3.py:464] exl3 e2 diag schema=1 configured_tier=legacy effective_tier=legacy tier_reason=none_requested shared_suh=1 shared_suh_layers=42/42 sym_exl3_moe=1 sym_fat_gemm=1 sym_fat_gemm_scatter=1 cap=12.1 cap_ok=1 tp_rank=1 tp_size=4 prefill_layer_calls=11046 thin_calls=255 row_tile_calls=0 fallback_calls=kernel=0,batched=0,sorted=0,legacy=10790 fallback_reasons=legacy_default=10790,thin_only=255 fat_expert_runs=270428 direct_calls=0 scatter_calls=0 fat_layers=10791 fat_expert_slots=270439 max_rows=2048 fused_temps_allocs=1 fused_temps_bytes=14155776 fat_scratch_allocs=0 fat_scratch_bytes=0 fat_scratch_peak_bytes=0
(Worker_TP1 pid=1239) INFO 09-03 11:06:19 [exl3.py:451] exl3 fat-expert P0: layers=11088 fat_layers=10833 (97.7%) fat_expert_slots=271537 max_rows=2048 avg_max_rows=1405.1 hist_le128=255 hist_gt128=10833 hist=[0, 17, 43, 195, 84, 890, 1288, 8571, 0]
(Worker_TP1 pid=1239) INFO 09-03 11:06:19 [exl3.py:464] exl3 e2 diag schema=1 configured_tier=legacy effective_tier=legacy tier_reason=none_requested shared_suh=1 shared_suh_layers=42/42 sym_exl3_moe=1 sym_fat_gemm=1 sym_fat_gemm_scatter=1 cap=12.1 cap_ok=1 tp_rank=1 tp_size=4 prefill_layer_calls=11088 thin_calls=255 row_tile_calls=0 fallback_calls=kernel=0,batched=0,sorted=0,legacy=10832 fallback_reasons=legacy_default=10832,thin_only=255 fat_expert_runs=271525 direct_calls=0 scatter_calls=0 fat_layers=10833 fat_expert_slots=271537 max_rows=2048 fused_temps_allocs=1 fused_temps_bytes=14155776 fat_scratch_allocs=0 fat_scratch_bytes=0 fat_scratch_peak_bytes=0
(Worker_TP1 pid=1239) INFO 09-03 11:06:21 [exl3.py:451] exl3 fat-expert P0: layers=11130 fat_layers=10875 (97.7%) fat_expert_slots=272619 max_rows=2048 avg_max_rows=1405.2 hist_le128=255 hist_gt128=10875 hist=[0, 17, 43, 195, 84, 894, 1293, 8604, 0]
(Worker_TP1 pid=1239) INFO 09-03 11:06:21 [exl3.py:464] exl3 e2 diag schema=1 configured_tier=legacy effective_tier=legacy tier_reason=none_requested shared_suh=1 shared_suh_layers=42/42 sym_exl3_moe=1 sym_fat_gemm=1 sym_fat_gemm_scatter=1 cap=12.1 cap_ok=1 tp_rank=1 tp_size=4 prefill_layer_calls=11130 thin_calls=255 row_tile_calls=0 fallback_calls=kernel=0,batched=0,sorted=0,legacy=10874 fallback_reasons=legacy_default=10874,thin_only=255 fat_expert_runs=272606 direct_calls=0 scatter_calls=0 fat_layers=10875 fat_expert_slots=272619 max_rows=2048 fused_temps_allocs=1 fused_temps_bytes=14155776 fat_scratch_allocs=0 fat_scratch_bytes=0 fat_scratch_peak_bytes=0
(Worker_TP1 pid=1239) INFO 09-03 11:06:23 [exl3.py:451] exl3 fat-expert P0: layers=11172 fat_layers=10917 (97.7%) fat_expert_slots=273708 max_rows=2048 avg_max_rows=1405.4 hist_le128=255 hist_gt128=10917 hist=[0, 17, 43, 195, 84, 897, 1298, 8638, 0]
(Worker_TP1 pid=1239) INFO 09-03 11:06:23 [exl3.py:464] exl3 e2 diag schema=1 configured_tier=legacy effective_tier=legacy tier_reason=none_requested shared_suh=1 shared_suh_layers=42/42 sym_exl3_moe=1 sym_fat_gemm=1 sym_fat_gemm_scatter=1 cap=12.1 cap_ok=1 tp_rank=1 tp_size=4 prefill_layer_calls=11172 thin_calls=255 row_tile_calls=0 fallback_calls=kernel=0,batched=0,sorted=0,legacy=10916 fallback_reasons=legacy_default=10916,thin_only=255 fat_expert_runs=273697 direct_calls=0 scatter_calls=0 fat_layers=10917 fat_expert_slots=273708 max_rows=2048 fused_temps_allocs=1 fused_temps_bytes=14155776 fat_scratch_allocs=0 fat_scratch_bytes=0 fat_scratch_peak_bytes=0
(Worker_TP1 pid=1239) INFO 09-03 11:06:25 [exl3.py:451] exl3 fat-expert P0: layers=11214 fat_layers=10959 (97.7%) fat_expert_slots=274786 max_rows=2048 avg_max_rows=1405.5 hist_le128=255 hist_gt128=10959 hist=[0, 17, 43, 195, 84, 901, 1303, 8671, 0]
(Worker_TP1 pid=1239) INFO 09-03 11:06:25 [exl3.py:464] exl3 e2 diag schema=1 configured_tier=legacy effective_tier=legacy tier_reason=none_requested shared_suh=1 shared_suh_layers=42/42 sym_exl3_moe=1 sym_fat_gemm=1 sym_fat_gemm_scatter=1 cap=12.1 cap_ok=1 tp_rank=1 tp_size=4 prefill_layer_calls=11214 thin_calls=255 row_tile_calls=0 fallback_calls=kernel=0,batched=0,sorted=0,legacy=10958 fallback_reasons=legacy_default=10958,thin_only=255 fat_expert_runs=274776 direct_calls=0 scatter_calls=0 fat_layers=10959 fat_expert_slots=274786 max_rows=2048 fused_temps_allocs=1 fused_temps_bytes=14155776 fat_scratch_allocs=0 fat_scratch_bytes=0 fat_scratch_peak_bytes=0
(Worker_TP1 pid=1239) INFO 09-03 11:06:26 [exl3.py:451] exl3 fat-expert P0: layers=11256 fat_layers=11001 (97.7%) fat_expert_slots=275894 max_rows=2048 avg_max_rows=1405.6 hist_le128=255 hist_gt128=11001 hist=[0, 17, 43, 195, 84, 904, 1309, 8704, 0]
(Worker_TP1 pid=1239) INFO 09-03 11:06:26 [exl3.py:464] exl3 e2 diag schema=1 configured_tier=legacy effective_tier=legacy tier_reason=none_requested shared_suh=1 shared_suh_layers=42/42 sym_exl3_moe=1 sym_fat_gemm=1 sym_fat_gemm_scatter=1 cap=12.1 cap_ok=1 tp_rank=1 tp_size=4 prefill_layer_calls=11256 thin_calls=255 row_tile_calls=0 fallback_calls=kernel=0,batched=0,sorted=0,legacy=11000 fallback_reasons=legacy_default=11000,thin_only=255 fat_expert_runs=275883 direct_calls=0 scatter_calls=0 fat_layers=11001 fat_expert_slots=275894 max_rows=2048 fused_temps_allocs=1 fused_temps_bytes=14155776 fat_scratch_allocs=0 fat_scratch_bytes=0 fat_scratch_peak_bytes=0
(Worker_TP1 pid=1239) INFO 09-03 11:06:28 [exl3.py:451] exl3 fat-expert P0: layers=11298 fat_layers=11043 (97.7%) fat_expert_slots=276974 max_rows=2048 avg_max_rows=1405.7 hist_le128=255 hist_gt128=11043 hist=[0, 17, 43, 195, 84, 907, 1316, 8736, 0]
(Worker_TP1 pid=1239) INFO 09-03 11:06:28 [exl3.py:464] exl3 e2 diag schema=1 configured_tier=legacy effective_tier=legacy tier_reason=none_requested shared_suh=1 shared_suh_layers=42/42 sym_exl3_moe=1 sym_fat_gemm=1 sym_fat_gemm_scatter=1 cap=12.1 cap_ok=1 tp_rank=1 tp_size=4 prefill_layer_calls=11298 thin_calls=255 row_tile_calls=0 fallback_calls=kernel=0,batched=0,sorted=0,legacy=11042 fallback_reasons=legacy_default=11042,thin_only=255 fat_expert_runs=276963 direct_calls=0 scatter_calls=0 fat_layers=11043 fat_expert_slots=276974 max_rows=2048 fused_temps_allocs=1 fused_temps_bytes=14155776 fat_scratch_allocs=0 fat_scratch_bytes=0 fat_scratch_peak_bytes=0
(Worker_TP1 pid=1239) INFO 09-03 11:06:30 [exl3.py:451] exl3 fat-expert P0: layers=11340 fat_layers=11085 (97.8%) fat_expert_slots=278071 max_rows=2048 avg_max_rows=1405.7 hist_le128=255 hist_gt128=11085 hist=[0, 17, 43, 195, 84, 910, 1323, 8768, 0]
(Worker_TP1 pid=1239) INFO 09-03 11:06:30 [exl3.py:464] exl3 e2 diag schema=1 configured_tier=legacy effective_tier=legacy tier_reason=none_requested shared_suh=1 shared_suh_layers=42/42 sym_exl3_moe=1 sym_fat_gemm=1 sym_fat_gemm_scatter=1 cap=12.1 cap_ok=1 tp_rank=1 tp_size=4 prefill_layer_calls=11340 thin_calls=255 row_tile_calls=0 fallback_calls=kernel=0,batched=0,sorted=0,legacy=11084 fallback_reasons=legacy_default=11084,thin_only=255 fat_expert_runs=278060 direct_calls=0 scatter_calls=0 fat_layers=11085 fat_expert_slots=278071 max_rows=2048 fused_temps_allocs=1 fused_temps_bytes=14155776 fat_scratch_allocs=0 fat_scratch_bytes=0 fat_scratch_peak_bytes=0
(Worker_TP1 pid=1239) INFO 09-03 11:06:31 [exl3.py:451] exl3 fat-expert P0: layers=11382 fat_layers=11127 (97.8%) fat_expert_slots=279189 max_rows=2048 avg_max_rows=1405.8 hist_le128=255 hist_gt128=11127 hist=[0, 17, 43, 195, 84, 914, 1328, 8801, 0]
(Worker_TP1 pid=1239) INFO 09-03 11:06:31 [exl3.py:464] exl3 e2 diag schema=1 configured_tier=legacy effective_tier=legacy tier_reason=none_requested shared_suh=1 shared_suh_layers=42/42 sym_exl3_moe=1 sym_fat_gemm=1 sym_fat_gemm_scatter=1 cap=12.1 cap_ok=1 tp_rank=1 tp_size=4 prefill_layer_calls=11382 thin_calls=255 row_tile_calls=0 fallback_calls=kernel=0,batched=0,sorted=0,legacy=11126 fallback_reasons=legacy_default=11126,thin_only=255 fat_expert_runs=279178 direct_calls=0 scatter_calls=0 fat_layers=11127 fat_expert_slots=279189 max_rows=2048 fused_temps_allocs=1 fused_temps_bytes=14155776 fat_scratch_allocs=0 fat_scratch_bytes=0 fat_scratch_peak_bytes=0
(Worker_TP1 pid=1239) INFO 09-03 11:06:33 [exl3.py:451] exl3 fat-expert P0: layers=11424 fat_layers=11169 (97.8%) fat_expert_slots=280296 max_rows=2048 avg_max_rows=1405.9 hist_le128=255 hist_gt128=11169 hist=[0, 17, 43, 195, 84, 917, 1335, 8833, 0]
(Worker_TP1 pid=1239) INFO 09-03 11:06:33 [exl3.py:464] exl3 e2 diag schema=1 configured_tier=legacy effective_tier=legacy tier_reason=none_requested shared_suh=1 shared_suh_layers=42/42 sym_exl3_moe=1 sym_fat_gemm=1 sym_fat_gemm_scatter=1 cap=12.1 cap_ok=1 tp_rank=1 tp_size=4 prefill_layer_calls=11424 thin_calls=255 row_tile_calls=0 fallback_calls=kernel=0,batched=0,sorted=0,legacy=11168 fallback_reasons=legacy_default=11168,thin_only=255 fat_expert_runs=280285 direct_calls=0 scatter_calls=0 fat_layers=11169 fat_expert_slots=280296 max_rows=2048 fused_temps_allocs=1 fused_temps_bytes=14155776 fat_scratch_allocs=0 fat_scratch_bytes=0 fat_scratch_peak_bytes=0
(Worker_TP1 pid=1239) INFO 09-03 11:06:35 [exl3.py:451] exl3 fat-expert P0: layers=11466 fat_layers=11211 (97.8%) fat_expert_slots=281409 max_rows=2048 avg_max_rows=1406.0 hist_le128=255 hist_gt128=11211 hist=[0, 17, 43, 195, 84, 920, 1342, 8865, 0]
(Worker_TP1 pid=1239) INFO 09-03 11:06:35 [exl3.py:464] exl3 e2 diag schema=1 configured_tier=legacy effective_tier=legacy tier_reason=none_requested shared_suh=1 shared_suh_layers=42/42 sym_exl3_moe=1 sym_fat_gemm=1 sym_fat_gemm_scatter=1 cap=12.1 cap_ok=1 tp_rank=1 tp_size=4 prefill_layer_calls=11466 thin_calls=255 row_tile_calls=0 fallback_calls=kernel=0,batched=0,sorted=0,legacy=11210 fallback_reasons=legacy_default=11210,thin_only=255 fat_expert_runs=281398 direct_calls=0 scatter_calls=0 fat_layers=11211 fat_expert_slots=281409 max_rows=2048 fused_temps_allocs=1 fused_temps_bytes=14155776 fat_scratch_allocs=0 fat_scratch_bytes=0 fat_scratch_peak_bytes=0
(Worker_TP1 pid=1239) INFO 09-03 11:06:37 [exl3.py:451] exl3 fat-expert P0: layers=11508 fat_layers=11253 (97.8%) fat_expert_slots=282501 max_rows=2048 avg_max_rows=1406.0 hist_le128=255 hist_gt128=11253 hist=[0, 17, 43, 195, 84, 924, 1348, 8897, 0]
(Worker_TP1 pid=1239) INFO 09-03 11:06:37 [exl3.py:464] exl3 e2 diag schema=1 configured_tier=legacy effective_tier=legacy tier_reason=none_requested shared_suh=1 shared_suh_layers=42/42 sym_exl3_moe=1 sym_fat_gemm=1 sym_fat_gemm_scatter=1 cap=12.1 cap_ok=1 tp_rank=1 tp_size=4 prefill_layer_calls=11508 thin_calls=255 row_tile_calls=0 fallback_calls=kernel=0,batched=0,sorted=0,legacy=11252 fallback_reasons=legacy_default=11252,thin_only=255 fat_expert_runs=282490 direct_calls=0 scatter_calls=0 fat_layers=11253 fat_expert_slots=282501 max_rows=2048 fused_temps_allocs=1 fused_temps_bytes=14155776 fat_scratch_allocs=0 fat_scratch_bytes=0 fat_scratch_peak_bytes=0
(Worker_TP1 pid=1239) INFO 09-03 11:06:38 [exl3.py:451] exl3 fat-expert P0: layers=11550 fat_layers=11295 (97.8%) fat_expert_slots=283592 max_rows=2048 avg_max_rows=1406.1 hist_le128=255 hist_gt128=11295 hist=[0, 17, 43, 195, 84, 927, 1355, 8929, 0]
(Worker_TP1 pid=1239) INFO 09-03 11:06:38 [exl3.py:464] exl3 e2 diag schema=1 configured_tier=legacy effective_tier=legacy tier_reason=none_requested shared_suh=1 shared_suh_layers=42/42 sym_exl3_moe=1 sym_fat_gemm=1 sym_fat_gemm_scatter=1 cap=12.1 cap_ok=1 tp_rank=1 tp_size=4 prefill_layer_calls=11550 thin_calls=255 row_tile_calls=0 fallback_calls=kernel=0,batched=0,sorted=0,legacy=11294 fallback_reasons=legacy_default=11294,thin_only=255 fat_expert_runs=283581 direct_calls=0 scatter_calls=0 fat_layers=11295 fat_expert_slots=283592 max_rows=2048 fused_temps_allocs=1 fused_temps_bytes=14155776 fat_scratch_allocs=0 fat_scratch_bytes=0 fat_scratch_peak_bytes=0
(Worker_TP1 pid=1239) INFO 09-03 11:06:40 [exl3.py:451] exl3 fat-expert P0: layers=11592 fat_layers=11337 (97.8%) fat_expert_slots=284694 max_rows=2048 avg_max_rows=1406.2 hist_le128=255 hist_gt128=11337 hist=[0, 17, 43, 195, 84, 930, 1361, 8962, 0]
(Worker_TP1 pid=1239) INFO 09-03 11:06:40 [exl3.py:464] exl3 e2 diag schema=1 configured_tier=legacy effective_tier=legacy tier_reason=none_requested shared_suh=1 shared_suh_layers=42/42 sym_exl3_moe=1 sym_fat_gemm=1 sym_fat_gemm_scatter=1 cap=12.1 cap_ok=1 tp_rank=1 tp_size=4 prefill_layer_calls=11592 thin_calls=255 row_tile_calls=0 fallback_calls=kernel=0,batched=0,sorted=0,legacy=11336 fallback_reasons=legacy_default=11336,thin_only=255 fat_expert_runs=284683 direct_calls=0 scatter_calls=0 fat_layers=11337 fat_expert_slots=284694 max_rows=2048 fused_temps_allocs=1 fused_temps_bytes=14155776 fat_scratch_allocs=0 fat_scratch_bytes=0 fat_scratch_peak_bytes=0
(Worker_TP1 pid=1239) INFO 09-03 11:06:42 [exl3.py:451] exl3 fat-expert P0: layers=11634 fat_layers=11379 (97.8%) fat_expert_slots=285795 max_rows=2048 avg_max_rows=1406.2 hist_le128=255 hist_gt128=11379 hist=[0, 17, 43, 195, 84, 933, 1368, 8994, 0]
(Worker_TP1 pid=1239) INFO 09-03 11:06:42 [exl3.py:464] exl3 e2 diag schema=1 configured_tier=legacy effective_tier=legacy tier_reason=none_requested shared_suh=1 shared_suh_layers=42/42 sym_exl3_moe=1 sym_fat_gemm=1 sym_fat_gemm_scatter=1 cap=12.1 cap_ok=1 tp_rank=1 tp_size=4 prefill_layer_calls=11634 thin_calls=255 row_tile_calls=0 fallback_calls=kernel=0,batched=0,sorted=0,legacy=11378 fallback_reasons=legacy_default=11378,thin_only=255 fat_expert_runs=285784 direct_calls=0 scatter_calls=0 fat_layers=11379 fat_expert_slots=285795 max_rows=2048 fused_temps_allocs=1 fused_temps_bytes=14155776 fat_scratch_allocs=0 fat_scratch_bytes=0 fat_scratch_peak_bytes=0
(Worker_TP1 pid=1239) INFO 09-03 11:06:44 [exl3.py:451] exl3 fat-expert P0: layers=11676 fat_layers=11421 (97.8%) fat_expert_slots=286905 max_rows=2048 avg_max_rows=1406.3 hist_le128=255 hist_gt128=11421 hist=[0, 17, 43, 195, 84, 936, 1373, 9028, 0]
(Worker_TP1 pid=1239) INFO 09-03 11:06:44 [exl3.py:464] exl3 e2 diag schema=1 configured_tier=legacy effective_tier=legacy tier_reason=none_requested shared_suh=1 shared_suh_layers=42/42 sym_exl3_moe=1 sym_fat_gemm=1 sym_fat_gemm_scatter=1 cap=12.1 cap_ok=1 tp_rank=1 tp_size=4 prefill_layer_calls=11676 thin_calls=255 row_tile_calls=0 fallback_calls=kernel=0,batched=0,sorted=0,legacy=11420 fallback_reasons=legacy_default=11420,thin_only=255 fat_expert_runs=286895 direct_calls=0 scatter_calls=0 fat_layers=11421 fat_expert_slots=286905 max_rows=2048 fused_temps_allocs=1 fused_temps_bytes=14155776 fat_scratch_allocs=0 fat_scratch_bytes=0 fat_scratch_peak_bytes=0
(Worker_TP1 pid=1239) INFO 09-03 11:06:45 [exl3.py:451] exl3 fat-expert P0: layers=11718 fat_layers=11463 (97.8%) fat_expert_slots=288029 max_rows=2048 avg_max_rows=1406.3 hist_le128=255 hist_gt128=11463 hist=[0, 17, 43, 195, 84, 939, 1379, 9061, 0]
(Worker_TP1 pid=1239) INFO 09-03 11:06:45 [exl3.py:464] exl3 e2 diag schema=1 configured_tier=legacy effective_tier=legacy tier_reason=none_requested shared_suh=1 shared_suh_layers=42/42 sym_exl3_moe=1 sym_fat_gemm=1 sym_fat_gemm_scatter=1 cap=12.1 cap_ok=1 tp_rank=1 tp_size=4 prefill_layer_calls=11718 thin_calls=255 row_tile_calls=0 fallback_calls=kernel=0,batched=0,sorted=0,legacy=11462 fallback_reasons=legacy_default=11462,thin_only=255 fat_expert_runs=288019 direct_calls=0 scatter_calls=0 fat_layers=11463 fat_expert_slots=288029 max_rows=2048 fused_temps_allocs=1 fused_temps_bytes=14155776 fat_scratch_allocs=0 fat_scratch_bytes=0 fat_scratch_peak_bytes=0
(Worker_TP1 pid=1239) INFO 09-03 11:06:47 [exl3.py:451] exl3 fat-expert P0: layers=11760 fat_layers=11505 (97.8%) fat_expert_slots=289141 max_rows=2048 avg_max_rows=1406.3 hist_le128=255 hist_gt128=11505 hist=[0, 17, 43, 195, 84, 943, 1385, 9093, 0]
(Worker_TP1 pid=1239) INFO 09-03 11:06:47 [exl3.py:464] exl3 e2 diag schema=1 configured_tier=legacy effective_tier=legacy tier_reason=none_requested shared_suh=1 shared_suh_layers=42/42 sym_exl3_moe=1 sym_fat_gemm=1 sym_fat_gemm_scatter=1 cap=12.1 cap_ok=1 tp_rank=1 tp_size=4 prefill_layer_calls=11760 thin_calls=255 row_tile_calls=0 fallback_calls=kernel=0,batched=0,sorted=0,legacy=11504 fallback_reasons=legacy_default=11504,thin_only=255 fat_expert_runs=289130 direct_calls=0 scatter_calls=0 fat_layers=11505 fat_expert_slots=289141 max_rows=2048 fused_temps_allocs=1 fused_temps_bytes=14155776 fat_scratch_allocs=0 fat_scratch_bytes=0 fat_scratch_peak_bytes=0
(Worker_TP1 pid=1239) INFO 09-03 11:06:49 [exl3.py:451] exl3 fat-expert P0: layers=11802 fat_layers=11547 (97.8%) fat_expert_slots=290271 max_rows=2048 avg_max_rows=1406.4 hist_le128=255 hist_gt128=11547 hist=[0, 17, 43, 195, 84, 946, 1392, 9125, 0]
(Worker_TP1 pid=1239) INFO 09-03 11:06:49 [exl3.py:464] exl3 e2 diag schema=1 configured_tier=legacy effective_tier=legacy tier_reason=none_requested shared_suh=1 shared_suh_layers=42/42 sym_exl3_moe=1 sym_fat_gemm=1 sym_fat_gemm_scatter=1 cap=12.1 cap_ok=1 tp_rank=1 tp_size=4 prefill_layer_calls=11802 thin_calls=255 row_tile_calls=0 fallback_calls=kernel=0,batched=0,sorted=0,legacy=11546 fallback_reasons=legacy_default=11546,thin_only=255 fat_expert_runs=290260 direct_calls=0 scatter_calls=0 fat_layers=11547 fat_expert_slots=290271 max_rows=2048 fused_temps_allocs=1 fused_temps_bytes=14155776 fat_scratch_allocs=0 fat_scratch_bytes=0 fat_scratch_peak_bytes=0
(Worker_TP1 pid=1239) INFO 09-03 11:06:51 [exl3.py:451] exl3 fat-expert P0: layers=11844 fat_layers=11589 (97.8%) fat_expert_slots=291373 max_rows=2048 avg_max_rows=1406.4 hist_le128=255 hist_gt128=11589 hist=[0, 17, 43, 195, 84, 949, 1398, 9158, 0]
(Worker_TP1 pid=1239) INFO 09-03 11:06:51 [exl3.py:464] exl3 e2 diag schema=1 configured_tier=legacy effective_tier=legacy tier_reason=none_requested shared_suh=1 shared_suh_layers=42/42 sym_exl3_moe=1 sym_fat_gemm=1 sym_fat_gemm_scatter=1 cap=12.1 cap_ok=1 tp_rank=1 tp_size=4 prefill_layer_calls=11844 thin_calls=255 row_tile_calls=0 fallback_calls=kernel=0,batched=0,sorted=0,legacy=11588 fallback_reasons=legacy_default=11588,thin_only=255 fat_expert_runs=291362 direct_calls=0 scatter_calls=0 fat_layers=11589 fat_expert_slots=291373 max_rows=2048 fused_temps_allocs=1 fused_temps_bytes=14155776 fat_scratch_allocs=0 fat_scratch_bytes=0 fat_scratch_peak_bytes=0
(Worker_TP1 pid=1239) INFO 09-03 11:06:52 [exl3.py:451] exl3 fat-expert P0: layers=11886 fat_layers=11631 (97.9%) fat_expert_slots=292487 max_rows=2048 avg_max_rows=1406.4 hist_le128=255 hist_gt128=11631 hist=[0, 17, 43, 195, 84, 952, 1405, 9190, 0]
(Worker_TP1 pid=1239) INFO 09-03 11:06:52 [exl3.py:464] exl3 e2 diag schema=1 configured_tier=legacy effective_tier=legacy tier_reason=none_requested shared_suh=1 shared_suh_layers=42/42 sym_exl3_moe=1 sym_fat_gemm=1 sym_fat_gemm_scatter=1 cap=12.1 cap_ok=1 tp_rank=1 tp_size=4 prefill_layer_calls=11886 thin_calls=255 row_tile_calls=0 fallback_calls=kernel=0,batched=0,sorted=0,legacy=11630 fallback_reasons=legacy_default=11630,thin_only=255 fat_expert_runs=292475 direct_calls=0 scatter_calls=0 fat_layers=11631 fat_expert_slots=292487 max_rows=2048 fused_temps_allocs=1 fused_temps_bytes=14155776 fat_scratch_allocs=0 fat_scratch_bytes=0 fat_scratch_peak_bytes=0
(Worker_TP1 pid=1239) INFO 09-03 11:06:53 [exl3.py:451] exl3 fat-expert P0: layers=11928 fat_layers=11666 (97.8%) fat_expert_slots=292666 max_rows=2048 avg_max_rows=1402.3 hist_le128=262 hist_gt128=11666 hist=[0, 17, 44, 201, 97, 974, 1405, 9190, 0]
(Worker_TP1 pid=1239) INFO 09-03 11:06:53 [exl3.py:464] exl3 e2 diag schema=1 configured_tier=legacy effective_tier=legacy tier_reason=none_requested shared_suh=1 shared_suh_layers=42/42 sym_exl3_moe=1 sym_fat_gemm=1 sym_fat_gemm_scatter=1 cap=12.1 cap_ok=1 tp_rank=1 tp_size=4 prefill_layer_calls=11928 thin_calls=262 row_tile_calls=0 fallback_calls=kernel=0,batched=0,sorted=0,legacy=11665 fallback_reasons=legacy_default=11665,thin_only=262 fat_expert_runs=292658 direct_calls=0 scatter_calls=0 fat_layers=11666 fat_expert_slots=292666 max_rows=2048 fused_temps_allocs=1 fused_temps_bytes=14155776 fat_scratch_allocs=0 fat_scratch_bytes=0 fat_scratch_peak_bytes=0
(Worker_TP1 pid=1239) INFO 09-03 11:07:41 [exl3.py:451] exl3 fat-expert P0: layers=11970 fat_layers=11708 (97.8%) fat_expert_slots=293752 max_rows=2048 avg_max_rows=1402.3 hist_le128=262 hist_gt128=11708 hist=[0, 17, 44, 201, 97, 977, 1409, 9225, 0]
(Worker_TP1 pid=1239) INFO 09-03 11:07:41 [exl3.py:464] exl3 e2 diag schema=1 configured_tier=legacy effective_tier=legacy tier_reason=none_requested shared_suh=1 shared_suh_layers=42/42 sym_exl3_moe=1 sym_fat_gemm=1 sym_fat_gemm_scatter=1 cap=12.1 cap_ok=1 tp_rank=1 tp_size=4 prefill_layer_calls=11970 thin_calls=262 row_tile_calls=0 fallback_calls=kernel=0,batched=0,sorted=0,legacy=11707 fallback_reasons=legacy_default=11707,thin_only=262 fat_expert_runs=293728 direct_calls=0 scatter_calls=0 fat_layers=11708 fat_expert_slots=293752 max_rows=2048 fused_temps_allocs=1 fused_temps_bytes=14155776 fat_scratch_allocs=0 fat_scratch_bytes=0 fat_scratch_peak_bytes=0
(Worker_TP1 pid=1239) INFO 09-03 11:07:43 [exl3.py:451] exl3 fat-expert P0: layers=12012 fat_layers=11750 (97.8%) fat_expert_slots=294807 max_rows=2048 avg_max_rows=1402.5 hist_le128=262 hist_gt128=11750 hist=[0, 17, 44, 201, 97, 981, 1412, 9260, 0]
(Worker_TP1 pid=1239) INFO 09-03 11:07:43 [exl3.py:464] exl3 e2 diag schema=1 configured_tier=legacy effective_tier=legacy tier_reason=none_requested shared_suh=1 shared_suh_layers=42/42 sym_exl3_moe=1 sym_fat_gemm=1 sym_fat_gemm_scatter=1 cap=12.1 cap_ok=1 tp_rank=1 tp_size=4 prefill_layer_calls=12012 thin_calls=262 row_tile_calls=0 fallback_calls=kernel=0,batched=0,sorted=0,legacy=11749 fallback_reasons=legacy_default=11749,thin_only=262 fat_expert_runs=294785 direct_calls=0 scatter_calls=0 fat_layers=11750 fat_expert_slots=294807 max_rows=2048 fused_temps_allocs=1 fused_temps_bytes=14155776 fat_scratch_allocs=0 fat_scratch_bytes=0 fat_scratch_peak_bytes=0
(Worker_TP1 pid=1239) INFO 09-03 11:07:45 [exl3.py:451] exl3 fat-expert P0: layers=12054 fat_layers=11792 (97.8%) fat_expert_slots=295855 max_rows=2048 avg_max_rows=1402.7 hist_le128=262 hist_gt128=11792 hist=[0, 17, 44, 201, 97, 985, 1414, 9296, 0]
(Worker_TP1 pid=1239) INFO 09-03 11:07:45 [exl3.py:464] exl3 e2 diag schema=1 configured_tier=legacy effective_tier=legacy tier_reason=none_requested shared_suh=1 shared_suh_layers=42/42 sym_exl3_moe=1 sym_fat_gemm=1 sym_fat_gemm_scatter=1 cap=12.1 cap_ok=1 tp_rank=1 tp_size=4 prefill_layer_calls=12054 thin_calls=262 row_tile_calls=0 fallback_calls=kernel=0,batched=0,sorted=0,legacy=11791 fallback_reasons=legacy_default=11791,thin_only=262 fat_expert_runs=295833 direct_calls=0 scatter_calls=0 fat_layers=11792 fat_expert_slots=295855 max_rows=2048 fused_temps_allocs=1 fused_temps_bytes=14155776 fat_scratch_allocs=0 fat_scratch_bytes=0 fat_scratch_peak_bytes=0
(Worker_TP1 pid=1239) INFO 09-03 11:07:47 [exl3.py:451] exl3 fat-expert P0: layers=12096 fat_layers=11834 (97.8%) fat_expert_slots=296922 max_rows=2048 avg_max_rows=1403.0 hist_le128=262 hist_gt128=11834 hist=[0, 17, 44, 201, 97, 989, 1418, 9330, 0]
(Worker_TP1 pid=1239) INFO 09-03 11:07:47 [exl3.py:464] exl3 e2 diag schema=1 configured_tier=legacy effective_tier=legacy tier_reason=none_requested shared_suh=1 shared_suh_layers=42/42 sym_exl3_moe=1 sym_fat_gemm=1 sym_fat_gemm_scatter=1 cap=12.1 cap_ok=1 tp_rank=1 tp_size=4 prefill_layer_calls=12096 thin_calls=262 row_tile_calls=0 fallback_calls=kernel=0,batched=0,sorted=0,legacy=11833 fallback_reasons=legacy_default=11833,thin_only=262 fat_expert_runs=296899 direct_calls=0 scatter_calls=0 fat_layers=11834 fat_expert_slots=296922 max_rows=2048 fused_temps_allocs=1 fused_temps_bytes=14155776 fat_scratch_allocs=0 fat_scratch_bytes=0 fat_scratch_peak_bytes=0
(Worker_TP1 pid=1239) INFO 09-03 11:07:48 [exl3.py:451] exl3 fat-expert P0: layers=12138 fat_layers=11876 (97.8%) fat_expert_slots=297959 max_rows=2048 avg_max_rows=1403.3 hist_le128=262 hist_gt128=11876 hist=[0, 17, 44, 201, 97, 992, 1422, 9365, 0]
(Worker_TP1 pid=1239) INFO 09-03 11:07:48 [exl3.py:464] exl3 e2 diag schema=1 configured_tier=legacy effective_tier=legacy tier_reason=none_requested shared_suh=1 shared_suh_layers=42/42 sym_exl3_moe=1 sym_fat_gemm=1 sym_fat_gemm_scatter=1 cap=12.1 cap_ok=1 tp_rank=1 tp_size=4 prefill_layer_calls=12138 thin_calls=262 row_tile_calls=0 fallback_calls=kernel=0,batched=0,sorted=0,legacy=11875 fallback_reasons=legacy_default=11875,thin_only=262 fat_expert_runs=297938 direct_calls=0 scatter_calls=0 fat_layers=11876 fat_expert_slots=297959 max_rows=2048 fused_temps_allocs=1 fused_temps_bytes=14155776 fat_scratch_allocs=0 fat_scratch_bytes=0 fat_scratch_peak_bytes=0
(Worker_TP1 pid=1239) INFO 09-03 11:07:50 [exl3.py:451] exl3 fat-expert P0: layers=12180 fat_layers=11918 (97.8%) fat_expert_slots=298999 max_rows=2048 avg_max_rows=1403.6 hist_le128=262 hist_gt128=11918 hist=[0, 17, 44, 201, 97, 995, 1426, 9400, 0]
(Worker_TP1 pid=1239) INFO 09-03 11:07:50 [exl3.py:464] exl3 e2 diag schema=1 configured_tier=legacy effective_tier=legacy tier_reason=none_requested shared_suh=1 shared_suh_layers=42/42 sym_exl3_moe=1 sym_fat_gemm=1 sym_fat_gemm_scatter=1 cap=12.1 cap_ok=1 tp_rank=1 tp_size=4 prefill_layer_calls=12180 thin_calls=262 row_tile_calls=0 fallback_calls=kernel=0,batched=0,sorted=0,legacy=11917 fallback_reasons=legacy_default=11917,thin_only=262 fat_expert_runs=298978 direct_calls=0 scatter_calls=0 fat_layers=11918 fat_expert_slots=298999 max_rows=2048 fused_temps_allocs=1 fused_temps_bytes=14155776 fat_scratch_allocs=0 fat_scratch_bytes=0 fat_scratch_peak_bytes=0
(Worker_TP1 pid=1239) INFO 09-03 11:07:52 [exl3.py:451] exl3 fat-expert P0: layers=12222 fat_layers=11960 (97.9%) fat_expert_slots=300034 max_rows=2048 avg_max_rows=1403.8 hist_le128=262 hist_gt128=11960 hist=[0, 17, 44, 201, 97, 998, 1431, 9434, 0]
(Worker_TP1 pid=1239) INFO 09-03 11:07:52 [exl3.py:464] exl3 e2 diag schema=1 configured_tier=legacy effective_tier=legacy tier_reason=none_requested shared_suh=1 shared_suh_layers=42/42 sym_exl3_moe=1 sym_fat_gemm=1 sym_fat_gemm_scatter=1 cap=12.1 cap_ok=1 tp_rank=1 tp_size=4 prefill_layer_calls=12222 thin_calls=262 row_tile_calls=0 fallback_calls=kernel=0,batched=0,sorted=0,legacy=11959 fallback_reasons=legacy_default=11959,thin_only=262 fat_expert_runs=300015 direct_calls=0 scatter_calls=0 fat_layers=11960 fat_expert_slots=300034 max_rows=2048 fused_temps_allocs=1 fused_temps_bytes=14155776 fat_scratch_allocs=0 fat_scratch_bytes=0 fat_scratch_peak_bytes=0
(Worker_TP1 pid=1239) INFO 09-03 11:07:53 [exl3.py:451] exl3 fat-expert P0: layers=12264 fat_layers=12002 (97.9%) fat_expert_slots=301093 max_rows=2048 avg_max_rows=1404.1 hist_le128=262 hist_gt128=12002 hist=[0, 17, 44, 201, 97, 1001, 1436, 9468, 0]
(Worker_TP1 pid=1239) INFO 09-03 11:07:53 [exl3.py:464] exl3 e2 diag schema=1 configured_tier=legacy effective_tier=legacy tier_reason=none_requested shared_suh=1 shared_suh_layers=42/42 sym_exl3_moe=1 sym_fat_gemm=1 sym_fat_gemm_scatter=1 cap=12.1 cap_ok=1 tp_rank=1 tp_size=4 prefill_layer_calls=12264 thin_calls=262 row_tile_calls=0 fallback_calls=kernel=0,batched=0,sorted=0,legacy=12001 fallback_reasons=legacy_default=12001,thin_only=262 fat_expert_runs=301071 direct_calls=0 scatter_calls=0 fat_layers=12002 fat_expert_slots=301093 max_rows=2048 fused_temps_allocs=1 fused_temps_bytes=14155776 fat_scratch_allocs=0 fat_scratch_bytes=0 fat_scratch_peak_bytes=0
(Worker_TP1 pid=1239) INFO 09-03 11:07:55 [exl3.py:451] exl3 fat-expert P0: layers=12306 fat_layers=12044 (97.9%) fat_expert_slots=302140 max_rows=2048 avg_max_rows=1404.3 hist_le128=262 hist_gt128=12044 hist=[0, 17, 44, 201, 97, 1004, 1440, 9503, 0]
(Worker_TP1 pid=1239) INFO 09-03 11:07:55 [exl3.py:464] exl3 e2 diag schema=1 configured_tier=legacy effective_tier=legacy tier_reason=none_requested shared_suh=1 shared_suh_layers=42/42 sym_exl3_moe=1 sym_fat_gemm=1 sym_fat_gemm_scatter=1 cap=12.1 cap_ok=1 tp_rank=1 tp_size=4 prefill_layer_calls=12306 thin_calls=262 row_tile_calls=0 fallback_calls=kernel=0,batched=0,sorted=0,legacy=12043 fallback_reasons=legacy_default=12043,thin_only=262 fat_expert_runs=302121 direct_calls=0 scatter_calls=0 fat_layers=12044 fat_expert_slots=302140 max_rows=2048 fused_temps_allocs=1 fused_temps_bytes=14155776 fat_scratch_allocs=0 fat_scratch_bytes=0 fat_scratch_peak_bytes=0
(Worker_TP1 pid=1239) INFO 09-03 11:07:57 [exl3.py:451] exl3 fat-expert P0: layers=12348 fat_layers=12086 (97.9%) fat_expert_slots=303196 max_rows=2048 avg_max_rows=1404.5 hist_le128=262 hist_gt128=12086 hist=[0, 17, 44, 201, 97, 1007, 1445, 9537, 0]
(Worker_TP1 pid=1239) INFO 09-03 11:07:57 [exl3.py:464] exl3 e2 diag schema=1 configured_tier=legacy effective_tier=legacy tier_reason=none_requested shared_suh=1 shared_suh_layers=42/42 sym_exl3_moe=1 sym_fat_gemm=1 sym_fat_gemm_scatter=1 cap=12.1 cap_ok=1 tp_rank=1 tp_size=4 prefill_layer_calls=12348 thin_calls=262 row_tile_calls=0 fallback_calls=kernel=0,batched=0,sorted=0,legacy=12085 fallback_reasons=legacy_default=12085,thin_only=262 fat_expert_runs=303182 direct_calls=0 scatter_calls=0 fat_layers=12086 fat_expert_slots=303196 max_rows=2048 fused_temps_allocs=1 fused_temps_bytes=14155776 fat_scratch_allocs=0 fat_scratch_bytes=0 fat_scratch_peak_bytes=0
(Worker_TP1 pid=1239) INFO 09-03 11:07:58 [exl3.py:451] exl3 fat-expert P0: layers=12390 fat_layers=12128 (97.9%) fat_expert_slots=304260 max_rows=2048 avg_max_rows=1404.7 hist_le128=262 hist_gt128=12128 hist=[0, 17, 44, 201, 97, 1010, 1452, 9569, 0]
(Worker_TP1 pid=1239) INFO 09-03 11:07:58 [exl3.py:464] exl3 e2 diag schema=1 configured_tier=legacy effective_tier=legacy tier_reason=none_requested shared_suh=1 shared_suh_layers=42/42 sym_exl3_moe=1 sym_fat_gemm=1 sym_fat_gemm_scatter=1 cap=12.1 cap_ok=1 tp_rank=1 tp_size=4 prefill_layer_calls=12390 thin_calls=262 row_tile_calls=0 fallback_calls=kernel=0,batched=0,sorted=0,legacy=12127 fallback_reasons=legacy_default=12127,thin_only=262 fat_expert_runs=304244 direct_calls=0 scatter_calls=0 fat_layers=12128 fat_expert_slots=304260 max_rows=2048 fused_temps_allocs=1 fused_temps_bytes=14155776 fat_scratch_allocs=0 fat_scratch_bytes=0 fat_scratch_peak_bytes=0
(Worker_TP1 pid=1239) INFO 09-03 11:08:00 [exl3.py:451] exl3 fat-expert P0: layers=12432 fat_layers=12170 (97.9%) fat_expert_slots=305317 max_rows=2048 avg_max_rows=1404.9 hist_le128=262 hist_gt128=12170 hist=[0, 17, 44, 201, 97, 1013, 1457, 9603, 0]
(Worker_TP1 pid=1239) INFO 09-03 11:08:00 [exl3.py:464] exl3 e2 diag schema=1 configured_tier=legacy effective_tier=legacy tier_reason=none_requested shared_suh=1 shared_suh_layers=42/42 sym_exl3_moe=1 sym_fat_gemm=1 sym_fat_gemm_scatter=1 cap=12.1 cap_ok=1 tp_rank=1 tp_size=4 prefill_layer_calls=12432 thin_calls=262 row_tile_calls=0 fallback_calls=kernel=0,batched=0,sorted=0,legacy=12169 fallback_reasons=legacy_default=12169,thin_only=262 fat_expert_runs=305299 direct_calls=0 scatter_calls=0 fat_layers=12170 fat_expert_slots=305317 max_rows=2048 fused_temps_allocs=1 fused_temps_bytes=14155776 fat_scratch_allocs=0 fat_scratch_bytes=0 fat_scratch_peak_bytes=0
(Worker_TP1 pid=1239) INFO 09-03 11:08:02 [exl3.py:451] exl3 fat-expert P0: layers=12474 fat_layers=12212 (97.9%) fat_expert_slots=306365 max_rows=2048 avg_max_rows=1405.1 hist_le128=262 hist_gt128=12212 hist=[0, 17, 44, 201, 97, 1016, 1462, 9637, 0]
(Worker_TP1 pid=1239) INFO 09-03 11:08:02 [exl3.py:464] exl3 e2 diag schema=1 configured_tier=legacy effective_tier=legacy tier_reason=none_requested shared_suh=1 shared_suh_layers=42/42 sym_exl3_moe=1 sym_fat_gemm=1 sym_fat_gemm_scatter=1 cap=12.1 cap_ok=1 tp_rank=1 tp_size=4 prefill_layer_calls=12474 thin_calls=262 row_tile_calls=0 fallback_calls=kernel=0,batched=0,sorted=0,legacy=12211 fallback_reasons=legacy_default=12211,thin_only=262 fat_expert_runs=306352 direct_calls=0 scatter_calls=0 fat_layers=12212 fat_expert_slots=306365 max_rows=2048 fused_temps_allocs=1 fused_temps_bytes=14155776 fat_scratch_allocs=0 fat_scratch_bytes=0 fat_scratch_peak_bytes=0
(Worker_TP1 pid=1239) INFO 09-03 11:08:04 [exl3.py:451] exl3 fat-expert P0: layers=12516 fat_layers=12254 (97.9%) fat_expert_slots=307418 max_rows=2048 avg_max_rows=1405.3 hist_le128=262 hist_gt128=12254 hist=[0, 17, 44, 201, 97, 1019, 1467, 9671, 0]
(Worker_TP1 pid=1239) INFO 09-03 11:08:04 [exl3.py:464] exl3 e2 diag schema=1 configured_tier=legacy effective_tier=legacy tier_reason=none_requested shared_suh=1 shared_suh_layers=42/42 sym_exl3_moe=1 sym_fat_gemm=1 sym_fat_gemm_scatter=1 cap=12.1 cap_ok=1 tp_rank=1 tp_size=4 prefill_layer_calls=12516 thin_calls=262 row_tile_calls=0 fallback_calls=kernel=0,batched=0,sorted=0,legacy=12253 fallback_reasons=legacy_default=12253,thin_only=262 fat_expert_runs=307405 direct_calls=0 scatter_calls=0 fat_layers=12254 fat_expert_slots=307418 max_rows=2048 fused_temps_allocs=1 fused_temps_bytes=14155776 fat_scratch_allocs=0 fat_scratch_bytes=0 fat_scratch_peak_bytes=0
(Worker_TP1 pid=1239) INFO 09-03 11:08:05 [exl3.py:451] exl3 fat-expert P0: layers=12558 fat_layers=12296 (97.9%) fat_expert_slots=308478 max_rows=2048 avg_max_rows=1405.4 hist_le128=262 hist_gt128=12296 hist=[0, 17, 44, 201, 97, 1023, 1472, 9704, 0]
(Worker_TP1 pid=1239) INFO 09-03 11:08:05 [exl3.py:464] exl3 e2 diag schema=1 configured_tier=legacy effective_tier=legacy tier_reason=none_requested shared_suh=1 shared_suh_layers=42/42 sym_exl3_moe=1 sym_fat_gemm=1 sym_fat_gemm_scatter=1 cap=12.1 cap_ok=1 tp_rank=1 tp_size=4 prefill_layer_calls=12558 thin_calls=262 row_tile_calls=0 fallback_calls=kernel=0,batched=0,sorted=0,legacy=12295 fallback_reasons=legacy_default=12295,thin_only=262 fat_expert_runs=308464 direct_calls=0 scatter_calls=0 fat_layers=12296 fat_expert_slots=308478 max_rows=2048 fused_temps_allocs=1 fused_temps_bytes=14155776 fat_scratch_allocs=0 fat_scratch_bytes=0 fat_scratch_peak_bytes=0
(Worker_TP1 pid=1239) INFO 09-03 11:08:07 [exl3.py:451] exl3 fat-expert P0: layers=12600 fat_layers=12338 (97.9%) fat_expert_slots=309526 max_rows=2048 avg_max_rows=1405.6 hist_le128=262 hist_gt128=12338 hist=[0, 17, 44, 201, 97, 1027, 1477, 9737, 0]
(Worker_TP1 pid=1239) INFO 09-03 11:08:07 [exl3.py:464] exl3 e2 diag schema=1 configured_tier=legacy effective_tier=legacy tier_reason=none_requested shared_suh=1 shared_suh_layers=42/42 sym_exl3_moe=1 sym_fat_gemm=1 sym_fat_gemm_scatter=1 cap=12.1 cap_ok=1 tp_rank=1 tp_size=4 prefill_layer_calls=12600 thin_calls=262 row_tile_calls=0 fallback_calls=kernel=0,batched=0,sorted=0,legacy=12337 fallback_reasons=legacy_default=12337,thin_only=262 fat_expert_runs=309512 direct_calls=0 scatter_calls=0 fat_layers=12338 fat_expert_slots=309526 max_rows=2048 fused_temps_allocs=1 fused_temps_bytes=14155776 fat_scratch_allocs=0 fat_scratch_bytes=0 fat_scratch_peak_bytes=0
(Worker_TP1 pid=1239) INFO 09-03 11:08:09 [exl3.py:451] exl3 fat-expert P0: layers=12642 fat_layers=12380 (97.9%) fat_expert_slots=310579 max_rows=2048 avg_max_rows=1405.7 hist_le128=262 hist_gt128=12380 hist=[0, 17, 44, 201, 97, 1030, 1483, 9770, 0]
(Worker_TP1 pid=1239) INFO 09-03 11:08:09 [exl3.py:464] exl3 e2 diag schema=1 configured_tier=legacy effective_tier=legacy tier_reason=none_requested shared_suh=1 shared_suh_layers=42/42 sym_exl3_moe=1 sym_fat_gemm=1 sym_fat_gemm_scatter=1 cap=12.1 cap_ok=1 tp_rank=1 tp_size=4 prefill_layer_calls=12642 thin_calls=262 row_tile_calls=0 fallback_calls=kernel=0,batched=0,sorted=0,legacy=12379 fallback_reasons=legacy_default=12379,thin_only=262 fat_expert_runs=310565 direct_calls=0 scatter_calls=0 fat_layers=12380 fat_expert_slots=310579 max_rows=2048 fused_temps_allocs=1 fused_temps_bytes=14155776 fat_scratch_allocs=0 fat_scratch_bytes=0 fat_scratch_peak_bytes=0
(Worker_TP1 pid=1239) INFO 09-03 11:08:10 [exl3.py:451] exl3 fat-expert P0: layers=12684 fat_layers=12422 (97.9%) fat_expert_slots=311631 max_rows=2048 avg_max_rows=1405.8 hist_le128=262 hist_gt128=12422 hist=[0, 17, 44, 201, 97, 1033, 1490, 9802, 0]
(Worker_TP1 pid=1239) INFO 09-03 11:08:10 [exl3.py:464] exl3 e2 diag schema=1 configured_tier=legacy effective_tier=legacy tier_reason=none_requested shared_suh=1 shared_suh_layers=42/42 sym_exl3_moe=1 sym_fat_gemm=1 sym_fat_gemm_scatter=1 cap=12.1 cap_ok=1 tp_rank=1 tp_size=4 prefill_layer_calls=12684 thin_calls=262 row_tile_calls=0 fallback_calls=kernel=0,batched=0,sorted=0,legacy=12421 fallback_reasons=legacy_default=12421,thin_only=262 fat_expert_runs=311618 direct_calls=0 scatter_calls=0 fat_layers=12422 fat_expert_slots=311631 max_rows=2048 fused_temps_allocs=1 fused_temps_bytes=14155776 fat_scratch_allocs=0 fat_scratch_bytes=0 fat_scratch_peak_bytes=0
(Worker_TP1 pid=1239) INFO 09-03 11:08:12 [exl3.py:451] exl3 fat-expert P0: layers=12726 fat_layers=12464 (97.9%) fat_expert_slots=312678 max_rows=2048 avg_max_rows=1406.0 hist_le128=262 hist_gt128=12464 hist=[0, 17, 44, 201, 97, 1037, 1494, 9836, 0]
(Worker_TP1 pid=1239) INFO 09-03 11:08:12 [exl3.py:464] exl3 e2 diag schema=1 configured_tier=legacy effective_tier=legacy tier_reason=none_requested shared_suh=1 shared_suh_layers=42/42 sym_exl3_moe=1 sym_fat_gemm=1 sym_fat_gemm_scatter=1 cap=12.1 cap_ok=1 tp_rank=1 tp_size=4 prefill_layer_calls=12726 thin_calls=262 row_tile_calls=0 fallback_calls=kernel=0,batched=0,sorted=0,legacy=12463 fallback_reasons=legacy_default=12463,thin_only=262 fat_expert_runs=312664 direct_calls=0 scatter_calls=0 fat_layers=12464 fat_expert_slots=312678 max_rows=2048 fused_temps_allocs=1 fused_temps_bytes=14155776 fat_scratch_allocs=0 fat_scratch_bytes=0 fat_scratch_peak_bytes=0
(Worker_TP1 pid=1239) INFO 09-03 11:08:14 [exl3.py:451] exl3 fat-expert P0: layers=12768 fat_layers=12506 (97.9%) fat_expert_slots=313768 max_rows=2048 avg_max_rows=1406.0 hist_le128=262 hist_gt128=12506 hist=[0, 17, 44, 201, 97, 1041, 1498, 9870, 0]
(Worker_TP1 pid=1239) INFO 09-03 11:08:14 [exl3.py:464] exl3 e2 diag schema=1 configured_tier=legacy effective_tier=legacy tier_reason=none_requested shared_suh=1 shared_suh_layers=42/42 sym_exl3_moe=1 sym_fat_gemm=1 sym_fat_gemm_scatter=1 cap=12.1 cap_ok=1 tp_rank=1 tp_size=4 prefill_layer_calls=12768 thin_calls=262 row_tile_calls=0 fallback_calls=kernel=0,batched=0,sorted=0,legacy=12505 fallback_reasons=legacy_default=12505,thin_only=262 fat_expert_runs=313754 direct_calls=0 scatter_calls=0 fat_layers=12506 fat_expert_slots=313768 max_rows=2048 fused_temps_allocs=1 fused_temps_bytes=14155776 fat_scratch_allocs=0 fat_scratch_bytes=0 fat_scratch_peak_bytes=0
(Worker_TP1 pid=1239) INFO 09-03 11:08:16 [exl3.py:451] exl3 fat-expert P0: layers=12810 fat_layers=12548 (98.0%) fat_expert_slots=314864 max_rows=2048 avg_max_rows=1406.1 hist_le128=262 hist_gt128=12548 hist=[0, 17, 44, 201, 97, 1045, 1503, 9903, 0]
(Worker_TP1 pid=1239) INFO 09-03 11:08:16 [exl3.py:464] exl3 e2 diag schema=1 configured_tier=legacy effective_tier=legacy tier_reason=none_requested shared_suh=1 shared_suh_layers=42/42 sym_exl3_moe=1 sym_fat_gemm=1 sym_fat_gemm_scatter=1 cap=12.1 cap_ok=1 tp_rank=1 tp_size=4 prefill_layer_calls=12810 thin_calls=262 row_tile_calls=0 fallback_calls=kernel=0,batched=0,sorted=0,legacy=12547 fallback_reasons=legacy_default=12547,thin_only=262 fat_expert_runs=314848 direct_calls=0 scatter_calls=0 fat_layers=12548 fat_expert_slots=314864 max_rows=2048 fused_temps_allocs=1 fused_temps_bytes=14155776 fat_scratch_allocs=0 fat_scratch_bytes=0 fat_scratch_peak_bytes=0
(Worker_TP1 pid=1239) INFO 09-03 11:08:17 [exl3.py:451] exl3 fat-expert P0: layers=12852 fat_layers=12590 (98.0%) fat_expert_slots=315949 max_rows=2048 avg_max_rows=1406.2 hist_le128=262 hist_gt128=12590 hist=[0, 17, 44, 201, 97, 1049, 1508, 9936, 0]
(Worker_TP1 pid=1239) INFO 09-03 11:08:17 [exl3.py:464] exl3 e2 diag schema=1 configured_tier=legacy effective_tier=legacy tier_reason=none_requested shared_suh=1 shared_suh_layers=42/42 sym_exl3_moe=1 sym_fat_gemm=1 sym_fat_gemm_scatter=1 cap=12.1 cap_ok=1 tp_rank=1 tp_size=4 prefill_layer_calls=12852 thin_calls=262 row_tile_calls=0 fallback_calls=kernel=0,batched=0,sorted=0,legacy=12589 fallback_reasons=legacy_default=12589,thin_only=262 fat_expert_runs=315935 direct_calls=0 scatter_calls=0 fat_layers=12590 fat_expert_slots=315949 max_rows=2048 fused_temps_allocs=1 fused_temps_bytes=14155776 fat_scratch_allocs=0 fat_scratch_bytes=0 fat_scratch_peak_bytes=0
(Worker_TP1 pid=1239) INFO 09-03 11:08:19 [exl3.py:451] exl3 fat-expert P0: layers=12894 fat_layers=12632 (98.0%) fat_expert_slots=317019 max_rows=2048 avg_max_rows=1406.4 hist_le128=262 hist_gt128=12632 hist=[0, 17, 44, 201, 97, 1052, 1514, 9969, 0]
(Worker_TP1 pid=1239) INFO 09-03 11:08:19 [exl3.py:464] exl3 e2 diag schema=1 configured_tier=legacy effective_tier=legacy tier_reason=none_requested shared_suh=1 shared_suh_layers=42/42 sym_exl3_moe=1 sym_fat_gemm=1 sym_fat_gemm_scatter=1 cap=12.1 cap_ok=1 tp_rank=1 tp_size=4 prefill_layer_calls=12894 thin_calls=262 row_tile_calls=0 fallback_calls=kernel=0,batched=0,sorted=0,legacy=12631 fallback_reasons=legacy_default=12631,thin_only=262 fat_expert_runs=317006 direct_calls=0 scatter_calls=0 fat_layers=12632 fat_expert_slots=317019 max_rows=2048 fused_temps_allocs=1 fused_temps_bytes=14155776 fat_scratch_allocs=0 fat_scratch_bytes=0 fat_scratch_peak_bytes=0
(Worker_TP1 pid=1239) INFO 09-03 11:08:21 [exl3.py:451] exl3 fat-expert P0: layers=12936 fat_layers=12674 (98.0%) fat_expert_slots=318098 max_rows=2048 avg_max_rows=1406.5 hist_le128=262 hist_gt128=12674 hist=[0, 17, 44, 201, 97, 1056, 1519, 10002, 0]
(Worker_TP1 pid=1239) INFO 09-03 11:08:21 [exl3.py:464] exl3 e2 diag schema=1 configured_tier=legacy effective_tier=legacy tier_reason=none_requested shared_suh=1 shared_suh_layers=42/42 sym_exl3_moe=1 sym_fat_gemm=1 sym_fat_gemm_scatter=1 cap=12.1 cap_ok=1 tp_rank=1 tp_size=4 prefill_layer_calls=12936 thin_calls=262 row_tile_calls=0 fallback_calls=kernel=0,batched=0,sorted=0,legacy=12673 fallback_reasons=legacy_default=12673,thin_only=262 fat_expert_runs=318087 direct_calls=0 scatter_calls=0 fat_layers=12674 fat_expert_slots=318098 max_rows=2048 fused_temps_allocs=1 fused_temps_bytes=14155776 fat_scratch_allocs=0 fat_scratch_bytes=0 fat_scratch_peak_bytes=0
(Worker_TP1 pid=1239) INFO 09-03 11:08:23 [exl3.py:451] exl3 fat-expert P0: layers=12978 fat_layers=12716 (98.0%) fat_expert_slots=319168 max_rows=2048 avg_max_rows=1406.6 hist_le128=262 hist_gt128=12716 hist=[0, 17, 44, 201, 97, 1060, 1524, 10035, 0]
(Worker_TP1 pid=1239) INFO 09-03 11:08:23 [exl3.py:464] exl3 e2 diag schema=1 configured_tier=legacy effective_tier=legacy tier_reason=none_requested shared_suh=1 shared_suh_layers=42/42 sym_exl3_moe=1 sym_fat_gemm=1 sym_fat_gemm_scatter=1 cap=12.1 cap_ok=1 tp_rank=1 tp_size=4 prefill_layer_calls=12978 thin_calls=262 row_tile_calls=0 fallback_calls=kernel=0,batched=0,sorted=0,legacy=12715 fallback_reasons=legacy_default=12715,thin_only=262 fat_expert_runs=319157 direct_calls=0 scatter_calls=0 fat_layers=12716 fat_expert_slots=319168 max_rows=2048 fused_temps_allocs=1 fused_temps_bytes=14155776 fat_scratch_allocs=0 fat_scratch_bytes=0 fat_scratch_peak_bytes=0
(Worker_TP1 pid=1239) INFO 09-03 11:08:24 [exl3.py:451] exl3 fat-expert P0: layers=13020 fat_layers=12758 (98.0%) fat_expert_slots=320252 max_rows=2048 avg_max_rows=1406.8 hist_le128=262 hist_gt128=12758 hist=[0, 17, 44, 201, 97, 1063, 1529, 10069, 0]
(Worker_TP1 pid=1239) INFO 09-03 11:08:24 [exl3.py:464] exl3 e2 diag schema=1 configured_tier=legacy effective_tier=legacy tier_reason=none_requested shared_suh=1 shared_suh_layers=42/42 sym_exl3_moe=1 sym_fat_gemm=1 sym_fat_gemm_scatter=1 cap=12.1 cap_ok=1 tp_rank=1 tp_size=4 prefill_layer_calls=13020 thin_calls=262 row_tile_calls=0 fallback_calls=kernel=0,batched=0,sorted=0,legacy=12757 fallback_reasons=legacy_default=12757,thin_only=262 fat_expert_runs=320240 direct_calls=0 scatter_calls=0 fat_layers=12758 fat_expert_slots=320252 max_rows=2048 fused_temps_allocs=1 fused_temps_bytes=14155776 fat_scratch_allocs=0 fat_scratch_bytes=0 fat_scratch_peak_bytes=0
(Worker_TP1 pid=1239) INFO 09-03 11:08:26 [exl3.py:451] exl3 fat-expert P0: layers=13062 fat_layers=12800 (98.0%) fat_expert_slots=321321 max_rows=2048 avg_max_rows=1406.9 hist_le128=262 hist_gt128=12800 hist=[0, 17, 44, 201, 97, 1067, 1534, 10102, 0]
(Worker_TP1 pid=1239) INFO 09-03 11:08:26 [exl3.py:464] exl3 e2 diag schema=1 configured_tier=legacy effective_tier=legacy tier_reason=none_requested shared_suh=1 shared_suh_layers=42/42 sym_exl3_moe=1 sym_fat_gemm=1 sym_fat_gemm_scatter=1 cap=12.1 cap_ok=1 tp_rank=1 tp_size=4 prefill_layer_calls=13062 thin_calls=262 row_tile_calls=0 fallback_calls=kernel=0,batched=0,sorted=0,legacy=12799 fallback_reasons=legacy_default=12799,thin_only=262 fat_expert_runs=321310 direct_calls=0 scatter_calls=0 fat_layers=12800 fat_expert_slots=321321 max_rows=2048 fused_temps_allocs=1 fused_temps_bytes=14155776 fat_scratch_allocs=0 fat_scratch_bytes=0 fat_scratch_peak_bytes=0
(Worker_TP1 pid=1239) INFO 09-03 11:08:28 [exl3.py:451] exl3 fat-expert P0: layers=13104 fat_layers=12842 (98.0%) fat_expert_slots=322406 max_rows=2048 avg_max_rows=1407.0 hist_le128=262 hist_gt128=12842 hist=[0, 17, 44, 201, 97, 1071, 1539, 10135, 0]
(Worker_TP1 pid=1239) INFO 09-03 11:08:28 [exl3.py:464] exl3 e2 diag schema=1 configured_tier=legacy effective_tier=legacy tier_reason=none_requested shared_suh=1 shared_suh_layers=42/42 sym_exl3_moe=1 sym_fat_gemm=1 sym_fat_gemm_scatter=1 cap=12.1 cap_ok=1 tp_rank=1 tp_size=4 prefill_layer_calls=13104 thin_calls=262 row_tile_calls=0 fallback_calls=kernel=0,batched=0,sorted=0,legacy=12841 fallback_reasons=legacy_default=12841,thin_only=262 fat_expert_runs=322395 direct_calls=0 scatter_calls=0 fat_layers=12842 fat_expert_slots=322406 max_rows=2048 fused_temps_allocs=1 fused_temps_bytes=14155776 fat_scratch_allocs=0 fat_scratch_bytes=0 fat_scratch_peak_bytes=0
(Worker_TP1 pid=1239) INFO 09-03 11:08:29 [exl3.py:451] exl3 fat-expert P0: layers=13146 fat_layers=12884 (98.0%) fat_expert_slots=323494 max_rows=2048 avg_max_rows=1407.1 hist_le128=262 hist_gt128=12884 hist=[0, 17, 44, 201, 97, 1075, 1544, 10168, 0]
(Worker_TP1 pid=1239) INFO 09-03 11:08:29 [exl3.py:464] exl3 e2 diag schema=1 configured_tier=legacy effective_tier=legacy tier_reason=none_requested shared_suh=1 shared_suh_layers=42/42 sym_exl3_moe=1 sym_fat_gemm=1 sym_fat_gemm_scatter=1 cap=12.1 cap_ok=1 tp_rank=1 tp_size=4 prefill_layer_calls=13146 thin_calls=262 row_tile_calls=0 fallback_calls=kernel=0,batched=0,sorted=0,legacy=12883 fallback_reasons=legacy_default=12883,thin_only=262 fat_expert_runs=323483 direct_calls=0 scatter_calls=0 fat_layers=12884 fat_expert_slots=323494 max_rows=2048 fused_temps_allocs=1 fused_temps_bytes=14155776 fat_scratch_allocs=0 fat_scratch_bytes=0 fat_scratch_peak_bytes=0
(Worker_TP1 pid=1239) INFO 09-03 11:08:31 [exl3.py:451] exl3 fat-expert P0: layers=13188 fat_layers=12926 (98.0%) fat_expert_slots=324600 max_rows=2048 avg_max_rows=1407.1 hist_le128=262 hist_gt128=12926 hist=[0, 17, 44, 201, 97, 1079, 1548, 10202, 0]
(Worker_TP1 pid=1239) INFO 09-03 11:08:31 [exl3.py:464] exl3 e2 diag schema=1 configured_tier=legacy effective_tier=legacy tier_reason=none_requested shared_suh=1 shared_suh_layers=42/42 sym_exl3_moe=1 sym_fat_gemm=1 sym_fat_gemm_scatter=1 cap=12.1 cap_ok=1 tp_rank=1 tp_size=4 prefill_layer_calls=13188 thin_calls=262 row_tile_calls=0 fallback_calls=kernel=0,batched=0,sorted=0,legacy=12925 fallback_reasons=legacy_default=12925,thin_only=262 fat_expert_runs=324588 direct_calls=0 scatter_calls=0 fat_layers=12926 fat_expert_slots=324600 max_rows=2048 fused_temps_allocs=1 fused_temps_bytes=14155776 fat_scratch_allocs=0 fat_scratch_bytes=0 fat_scratch_peak_bytes=0
(Worker_TP1 pid=1239) INFO 09-03 11:08:33 [exl3.py:451] exl3 fat-expert P0: layers=13230 fat_layers=12968 (98.0%) fat_expert_slots=325684 max_rows=2048 avg_max_rows=1407.2 hist_le128=262 hist_gt128=12968 hist=[0, 17, 44, 201, 97, 1082, 1553, 10236, 0]
(Worker_TP1 pid=1239) INFO 09-03 11:08:33 [exl3.py:464] exl3 e2 diag schema=1 configured_tier=legacy effective_tier=legacy tier_reason=none_requested shared_suh=1 shared_suh_layers=42/42 sym_exl3_moe=1 sym_fat_gemm=1 sym_fat_gemm_scatter=1 cap=12.1 cap_ok=1 tp_rank=1 tp_size=4 prefill_layer_calls=13230 thin_calls=262 row_tile_calls=0 fallback_calls=kernel=0,batched=0,sorted=0,legacy=12967 fallback_reasons=legacy_default=12967,thin_only=262 fat_expert_runs=325673 direct_calls=0 scatter_calls=0 fat_layers=12968 fat_expert_slots=325684 max_rows=2048 fused_temps_allocs=1 fused_temps_bytes=14155776 fat_scratch_allocs=0 fat_scratch_bytes=0 fat_scratch_peak_bytes=0
(Worker_TP1 pid=1239) INFO 09-03 11:08:35 [exl3.py:451] exl3 fat-expert P0: layers=13272 fat_layers=13010 (98.0%) fat_expert_slots=326781 max_rows=2048 avg_max_rows=1407.4 hist_le128=262 hist_gt128=13010 hist=[0, 17, 44, 201, 97, 1085, 1560, 10268, 0]
(Worker_TP1 pid=1239) INFO 09-03 11:08:35 [exl3.py:464] exl3 e2 diag schema=1 configured_tier=legacy effective_tier=legacy tier_reason=none_requested shared_suh=1 shared_suh_layers=42/42 sym_exl3_moe=1 sym_fat_gemm=1 sym_fat_gemm_scatter=1 cap=12.1 cap_ok=1 tp_rank=1 tp_size=4 prefill_layer_calls=13272 thin_calls=262 row_tile_calls=0 fallback_calls=kernel=0,batched=0,sorted=0,legacy=13009 fallback_reasons=legacy_default=13009,thin_only=262 fat_expert_runs=326770 direct_calls=0 scatter_calls=0 fat_layers=13010 fat_expert_slots=326781 max_rows=2048 fused_temps_allocs=1 fused_temps_bytes=14155776 fat_scratch_allocs=0 fat_scratch_bytes=0 fat_scratch_peak_bytes=0
(Worker_TP1 pid=1239) INFO 09-03 11:08:36 [exl3.py:451] exl3 fat-expert P0: layers=13314 fat_layers=13052 (98.0%) fat_expert_slots=327869 max_rows=2048 avg_max_rows=1407.4 hist_le128=262 hist_gt128=13052 hist=[0, 17, 44, 201, 97, 1089, 1565, 10301, 0]
(Worker_TP1 pid=1239) INFO 09-03 11:08:36 [exl3.py:464] exl3 e2 diag schema=1 configured_tier=legacy effective_tier=legacy tier_reason=none_requested shared_suh=1 shared_suh_layers=42/42 sym_exl3_moe=1 sym_fat_gemm=1 sym_fat_gemm_scatter=1 cap=12.1 cap_ok=1 tp_rank=1 tp_size=4 prefill_layer_calls=13314 thin_calls=262 row_tile_calls=0 fallback_calls=kernel=0,batched=0,sorted=0,legacy=13051 fallback_reasons=legacy_default=13051,thin_only=262 fat_expert_runs=327858 direct_calls=0 scatter_calls=0 fat_layers=13052 fat_expert_slots=327869 max_rows=2048 fused_temps_allocs=1 fused_temps_bytes=14155776 fat_scratch_allocs=0 fat_scratch_bytes=0 fat_scratch_peak_bytes=0
(Worker_TP1 pid=1239) INFO 09-03 11:08:38 [exl3.py:451] exl3 fat-expert P0: layers=13356 fat_layers=13094 (98.0%) fat_expert_slots=328921 max_rows=2048 avg_max_rows=1407.5 hist_le128=262 hist_gt128=13094 hist=[0, 17, 44, 201, 97, 1093, 1569, 10335, 0]
(Worker_TP1 pid=1239) INFO 09-03 11:08:38 [exl3.py:464] exl3 e2 diag schema=1 configured_tier=legacy effective_tier=legacy tier_reason=none_requested shared_suh=1 shared_suh_layers=42/42 sym_exl3_moe=1 sym_fat_gemm=1 sym_fat_gemm_scatter=1 cap=12.1 cap_ok=1 tp_rank=1 tp_size=4 prefill_layer_calls=13356 thin_calls=262 row_tile_calls=0 fallback_calls=kernel=0,batched=0,sorted=0,legacy=13093 fallback_reasons=legacy_default=13093,thin_only=262 fat_expert_runs=328910 direct_calls=0 scatter_calls=0 fat_layers=13094 fat_expert_slots=328921 max_rows=2048 fused_temps_allocs=1 fused_temps_bytes=14155776 fat_scratch_allocs=0 fat_scratch_bytes=0 fat_scratch_peak_bytes=0
(Worker_TP1 pid=1239) INFO 09-03 11:08:40 [exl3.py:451] exl3 fat-expert P0: layers=13398 fat_layers=13136 (98.0%) fat_expert_slots=330012 max_rows=2048 avg_max_rows=1407.6 hist_le128=262 hist_gt128=13136 hist=[0, 17, 44, 201, 97, 1097, 1574, 10368, 0]
(Worker_TP1 pid=1239) INFO 09-03 11:08:40 [exl3.py:464] exl3 e2 diag schema=1 configured_tier=legacy effective_tier=legacy tier_reason=none_requested shared_suh=1 shared_suh_layers=42/42 sym_exl3_moe=1 sym_fat_gemm=1 sym_fat_gemm_scatter=1 cap=12.1 cap_ok=1 tp_rank=1 tp_size=4 prefill_layer_calls=13398 thin_calls=262 row_tile_calls=0 fallback_calls=kernel=0,batched=0,sorted=0,legacy=13135 fallback_reasons=legacy_default=13135,thin_only=262 fat_expert_runs=330001 direct_calls=0 scatter_calls=0 fat_layers=13136 fat_expert_slots=330012 max_rows=2048 fused_temps_allocs=1 fused_temps_bytes=14155776 fat_scratch_allocs=0 fat_scratch_bytes=0 fat_scratch_peak_bytes=0
(Worker_TP1 pid=1239) INFO 09-03 11:08:42 [exl3.py:451] exl3 fat-expert P0: layers=13440 fat_layers=13178 (98.1%) fat_expert_slots=331106 max_rows=2048 avg_max_rows=1407.6 hist_le128=262 hist_gt128=13178 hist=[0, 17, 44, 201, 97, 1100, 1579, 10402, 0]
(Worker_TP1 pid=1239) INFO 09-03 11:08:42 [exl3.py:464] exl3 e2 diag schema=1 configured_tier=legacy effective_tier=legacy tier_reason=none_requested shared_suh=1 shared_suh_layers=42/42 sym_exl3_moe=1 sym_fat_gemm=1 sym_fat_gemm_scatter=1 cap=12.1 cap_ok=1 tp_rank=1 tp_size=4 prefill_layer_calls=13440 thin_calls=262 row_tile_calls=0 fallback_calls=kernel=0,batched=0,sorted=0,legacy=13177 fallback_reasons=legacy_default=13177,thin_only=262 fat_expert_runs=331095 direct_calls=0 scatter_calls=0 fat_layers=13178 fat_expert_slots=331106 max_rows=2048 fused_temps_allocs=1 fused_temps_bytes=14155776 fat_scratch_allocs=0 fat_scratch_bytes=0 fat_scratch_peak_bytes=0
(Worker_TP1 pid=1239) INFO 09-03 11:08:43 [exl3.py:451] exl3 fat-expert P0: layers=13482 fat_layers=13220 (98.1%) fat_expert_slots=332215 max_rows=2048 avg_max_rows=1407.7 hist_le128=262 hist_gt128=13220 hist=[0, 17, 44, 201, 97, 1104, 1584, 10435, 0]
(Worker_TP1 pid=1239) INFO 09-03 11:08:43 [exl3.py:464] exl3 e2 diag schema=1 configured_tier=legacy effective_tier=legacy tier_reason=none_requested shared_suh=1 shared_suh_layers=42/42 sym_exl3_moe=1 sym_fat_gemm=1 sym_fat_gemm_scatter=1 cap=12.1 cap_ok=1 tp_rank=1 tp_size=4 prefill_layer_calls=13482 thin_calls=262 row_tile_calls=0 fallback_calls=kernel=0,batched=0,sorted=0,legacy=13219 fallback_reasons=legacy_default=13219,thin_only=262 fat_expert_runs=332204 direct_calls=0 scatter_calls=0 fat_layers=13220 fat_expert_slots=332215 max_rows=2048 fused_temps_allocs=1 fused_temps_bytes=14155776 fat_scratch_allocs=0 fat_scratch_bytes=0 fat_scratch_peak_bytes=0
(Worker_TP1 pid=1239) INFO 09-03 11:08:45 [exl3.py:451] exl3 fat-expert P0: layers=13524 fat_layers=13262 (98.1%) fat_expert_slots=333327 max_rows=2048 avg_max_rows=1407.7 hist_le128=262 hist_gt128=13262 hist=[0, 17, 44, 201, 97, 1108, 1590, 10467, 0]
(Worker_TP1 pid=1239) INFO 09-03 11:08:45 [exl3.py:464] exl3 e2 diag schema=1 configured_tier=legacy effective_tier=legacy tier_reason=none_requested shared_suh=1 shared_suh_layers=42/42 sym_exl3_moe=1 sym_fat_gemm=1 sym_fat_gemm_scatter=1 cap=12.1 cap_ok=1 tp_rank=1 tp_size=4 prefill_layer_calls=13524 thin_calls=262 row_tile_calls=0 fallback_calls=kernel=0,batched=0,sorted=0,legacy=13261 fallback_reasons=legacy_default=13261,thin_only=262 fat_expert_runs=333316 direct_calls=0 scatter_calls=0 fat_layers=13262 fat_expert_slots=333327 max_rows=2048 fused_temps_allocs=1 fused_temps_bytes=14155776 fat_scratch_allocs=0 fat_scratch_bytes=0 fat_scratch_peak_bytes=0
(Worker_TP1 pid=1239) INFO 09-03 11:08:47 [exl3.py:451] exl3 fat-expert P0: layers=13566 fat_layers=13304 (98.1%) fat_expert_slots=334429 max_rows=2048 avg_max_rows=1407.7 hist_le128=262 hist_gt128=13304 hist=[0, 17, 44, 201, 97, 1111, 1597, 10499, 0]
(Worker_TP1 pid=1239) INFO 09-03 11:08:47 [exl3.py:464] exl3 e2 diag schema=1 configured_tier=legacy effective_tier=legacy tier_reason=none_requested shared_suh=1 shared_suh_layers=42/42 sym_exl3_moe=1 sym_fat_gemm=1 sym_fat_gemm_scatter=1 cap=12.1 cap_ok=1 tp_rank=1 tp_size=4 prefill_layer_calls=13566 thin_calls=262 row_tile_calls=0 fallback_calls=kernel=0,batched=0,sorted=0,legacy=13303 fallback_reasons=legacy_default=13303,thin_only=262 fat_expert_runs=334418 direct_calls=0 scatter_calls=0 fat_layers=13304 fat_expert_slots=334429 max_rows=2048 fused_temps_allocs=1 fused_temps_bytes=14155776 fat_scratch_allocs=0 fat_scratch_bytes=0 fat_scratch_peak_bytes=0
(Worker_TP1 pid=1239) INFO 09-03 11:08:48 [exl3.py:451] exl3 fat-expert P0: layers=13608 fat_layers=13346 (98.1%) fat_expert_slots=335534 max_rows=2048 avg_max_rows=1407.8 hist_le128=262 hist_gt128=13346 hist=[0, 17, 44, 201, 97, 1114, 1604, 10531, 0]
(Worker_TP1 pid=1239) INFO 09-03 11:08:48 [exl3.py:464] exl3 e2 diag schema=1 configured_tier=legacy effective_tier=legacy tier_reason=none_requested shared_suh=1 shared_suh_layers=42/42 sym_exl3_moe=1 sym_fat_gemm=1 sym_fat_gemm_scatter=1 cap=12.1 cap_ok=1 tp_rank=1 tp_size=4 prefill_layer_calls=13608 thin_calls=262 row_tile_calls=0 fallback_calls=kernel=0,batched=0,sorted=0,legacy=13345 fallback_reasons=legacy_default=13345,thin_only=262 fat_expert_runs=335523 direct_calls=0 scatter_calls=0 fat_layers=13346 fat_expert_slots=335534 max_rows=2048 fused_temps_allocs=1 fused_temps_bytes=14155776 fat_scratch_allocs=0 fat_scratch_bytes=0 fat_scratch_peak_bytes=0
(Worker_TP1 pid=1239) INFO 09-03 11:08:50 [exl3.py:451] exl3 fat-expert P0: layers=13650 fat_layers=13388 (98.1%) fat_expert_slots=336621 max_rows=2048 avg_max_rows=1407.9 hist_le128=262 hist_gt128=13388 hist=[0, 17, 44, 201, 97, 1118, 1610, 10563, 0]
(Worker_TP1 pid=1239) INFO 09-03 11:08:50 [exl3.py:464] exl3 e2 diag schema=1 configured_tier=legacy effective_tier=legacy tier_reason=none_requested shared_suh=1 shared_suh_layers=42/42 sym_exl3_moe=1 sym_fat_gemm=1 sym_fat_gemm_scatter=1 cap=12.1 cap_ok=1 tp_rank=1 tp_size=4 prefill_layer_calls=13650 thin_calls=262 row_tile_calls=0 fallback_calls=kernel=0,batched=0,sorted=0,legacy=13387 fallback_reasons=legacy_default=13387,thin_only=262 fat_expert_runs=336610 direct_calls=0 scatter_calls=0 fat_layers=13388 fat_expert_slots=336621 max_rows=2048 fused_temps_allocs=1 fused_temps_bytes=14155776 fat_scratch_allocs=0 fat_scratch_bytes=0 fat_scratch_peak_bytes=0
(Worker_TP1 pid=1239) INFO 09-03 11:08:52 [exl3.py:451] exl3 fat-expert P0: layers=13692 fat_layers=13430 (98.1%) fat_expert_slots=337728 max_rows=2048 avg_max_rows=1408.0 hist_le128=262 hist_gt128=13430 hist=[0, 17, 44, 201, 97, 1121, 1617, 10595, 0]
(Worker_TP1 pid=1239) INFO 09-03 11:08:52 [exl3.py:464] exl3 e2 diag schema=1 configured_tier=legacy effective_tier=legacy tier_reason=none_requested shared_suh=1 shared_suh_layers=42/42 sym_exl3_moe=1 sym_fat_gemm=1 sym_fat_gemm_scatter=1 cap=12.1 cap_ok=1 tp_rank=1 tp_size=4 prefill_layer_calls=13692 thin_calls=262 row_tile_calls=0 fallback_calls=kernel=0,batched=0,sorted=0,legacy=13429 fallback_reasons=legacy_default=13429,thin_only=262 fat_expert_runs=337718 direct_calls=0 scatter_calls=0 fat_layers=13430 fat_expert_slots=337728 max_rows=2048 fused_temps_allocs=1 fused_temps_bytes=14155776 fat_scratch_allocs=0 fat_scratch_bytes=0 fat_scratch_peak_bytes=0
(Worker_TP1 pid=1239) INFO 09-03 11:08:54 [exl3.py:451] exl3 fat-expert P0: layers=13734 fat_layers=13472 (98.1%) fat_expert_slots=338855 max_rows=2048 avg_max_rows=1408.0 hist_le128=262 hist_gt128=13472 hist=[0, 17, 44, 201, 97, 1124, 1623, 10628, 0]
(Worker_TP1 pid=1239) INFO 09-03 11:08:54 [exl3.py:464] exl3 e2 diag schema=1 configured_tier=legacy effective_tier=legacy tier_reason=none_requested shared_suh=1 shared_suh_layers=42/42 sym_exl3_moe=1 sym_fat_gemm=1 sym_fat_gemm_scatter=1 cap=12.1 cap_ok=1 tp_rank=1 tp_size=4 prefill_layer_calls=13734 thin_calls=262 row_tile_calls=0 fallback_calls=kernel=0,batched=0,sorted=0,legacy=13471 fallback_reasons=legacy_default=13471,thin_only=262 fat_expert_runs=338845 direct_calls=0 scatter_calls=0 fat_layers=13472 fat_expert_slots=338855 max_rows=2048 fused_temps_allocs=1 fused_temps_bytes=14155776 fat_scratch_allocs=0 fat_scratch_bytes=0 fat_scratch_peak_bytes=0
(Worker_TP1 pid=1239) INFO 09-03 11:08:55 [exl3.py:451] exl3 fat-expert P0: layers=13776 fat_layers=13514 (98.1%) fat_expert_slots=339980 max_rows=2048 avg_max_rows=1408.0 hist_le128=262 hist_gt128=13514 hist=[0, 17, 44, 201, 97, 1128, 1628, 10661, 0]
(Worker_TP1 pid=1239) INFO 09-03 11:08:55 [exl3.py:464] exl3 e2 diag schema=1 configured_tier=legacy effective_tier=legacy tier_reason=none_requested shared_suh=1 shared_suh_layers=42/42 sym_exl3_moe=1 sym_fat_gemm=1 sym_fat_gemm_scatter=1 cap=12.1 cap_ok=1 tp_rank=1 tp_size=4 prefill_layer_calls=13776 thin_calls=262 row_tile_calls=0 fallback_calls=kernel=0,batched=0,sorted=0,legacy=13513 fallback_reasons=legacy_default=13513,thin_only=262 fat_expert_runs=339970 direct_calls=0 scatter_calls=0 fat_layers=13514 fat_expert_slots=339980 max_rows=2048 fused_temps_allocs=1 fused_temps_bytes=14155776 fat_scratch_allocs=0 fat_scratch_bytes=0 fat_scratch_peak_bytes=0
(Worker_TP1 pid=1239) INFO 09-03 11:08:57 [exl3.py:451] exl3 fat-expert P0: layers=13818 fat_layers=13556 (98.1%) fat_expert_slots=341104 max_rows=2048 avg_max_rows=1408.1 hist_le128=262 hist_gt128=13556 hist=[0, 17, 44, 201, 97, 1132, 1633, 10694, 0]
(Worker_TP1 pid=1239) INFO 09-03 11:08:57 [exl3.py:464] exl3 e2 diag schema=1 configured_tier=legacy effective_tier=legacy tier_reason=none_requested shared_suh=1 shared_suh_layers=42/42 sym_exl3_moe=1 sym_fat_gemm=1 sym_fat_gemm_scatter=1 cap=12.1 cap_ok=1 tp_rank=1 tp_size=4 prefill_layer_calls=13818 thin_calls=262 row_tile_calls=0 fallback_calls=kernel=0,batched=0,sorted=0,legacy=13555 fallback_reasons=legacy_default=13555,thin_only=262 fat_expert_runs=341093 direct_calls=0 scatter_calls=0 fat_layers=13556 fat_expert_slots=341104 max_rows=2048 fused_temps_allocs=1 fused_temps_bytes=14155776 fat_scratch_allocs=0 fat_scratch_bytes=0 fat_scratch_peak_bytes=0
(Worker_TP1 pid=1239) INFO 09-03 11:08:59 [exl3.py:451] exl3 fat-expert P0: layers=13860 fat_layers=13598 (98.1%) fat_expert_slots=342219 max_rows=2048 avg_max_rows=1408.1 hist_le128=262 hist_gt128=13598 hist=[0, 17, 44, 201, 97, 1135, 1640, 10726, 0]
(Worker_TP1 pid=1239) INFO 09-03 11:08:59 [exl3.py:464] exl3 e2 diag schema=1 configured_tier=legacy effective_tier=legacy tier_reason=none_requested shared_suh=1 shared_suh_layers=42/42 sym_exl3_moe=1 sym_fat_gemm=1 sym_fat_gemm_scatter=1 cap=12.1 cap_ok=1 tp_rank=1 tp_size=4 prefill_layer_calls=13860 thin_calls=262 row_tile_calls=0 fallback_calls=kernel=0,batched=0,sorted=0,legacy=13597 fallback_reasons=legacy_default=13597,thin_only=262 fat_expert_runs=342208 direct_calls=0 scatter_calls=0 fat_layers=13598 fat_expert_slots=342219 max_rows=2048 fused_temps_allocs=1 fused_temps_bytes=14155776 fat_scratch_allocs=0 fat_scratch_bytes=0 fat_scratch_peak_bytes=0
(Worker_TP1 pid=1239) INFO 09-03 11:09:01 [exl3.py:451] exl3 fat-expert P0: layers=13902 fat_layers=13640 (98.1%) fat_expert_slots=343348 max_rows=2048 avg_max_rows=1408.1 hist_le128=262 hist_gt128=13640 hist=[0, 17, 44, 201, 97, 1139, 1646, 10758, 0]
(Worker_TP1 pid=1239) INFO 09-03 11:09:01 [exl3.py:464] exl3 e2 diag schema=1 configured_tier=legacy effective_tier=legacy tier_reason=none_requested shared_suh=1 shared_suh_layers=42/42 sym_exl3_moe=1 sym_fat_gemm=1 sym_fat_gemm_scatter=1 cap=12.1 cap_ok=1 tp_rank=1 tp_size=4 prefill_layer_calls=13902 thin_calls=262 row_tile_calls=0 fallback_calls=kernel=0,batched=0,sorted=0,legacy=13639 fallback_reasons=legacy_default=13639,thin_only=262 fat_expert_runs=343337 direct_calls=0 scatter_calls=0 fat_layers=13640 fat_expert_slots=343348 max_rows=2048 fused_temps_allocs=1 fused_temps_bytes=14155776 fat_scratch_allocs=0 fat_scratch_bytes=0 fat_scratch_peak_bytes=0
(Worker_TP1 pid=1239) INFO 09-03 11:09:02 [exl3.py:451] exl3 fat-expert P0: layers=13944 fat_layers=13682 (98.1%) fat_expert_slots=344467 max_rows=2048 avg_max_rows=1408.0 hist_le128=262 hist_gt128=13682 hist=[0, 17, 44, 201, 97, 1143, 1652, 10790, 0]
(Worker_TP1 pid=1239) INFO 09-03 11:09:02 [exl3.py:464] exl3 e2 diag schema=1 configured_tier=legacy effective_tier=legacy tier_reason=none_requested shared_suh=1 shared_suh_layers=42/42 sym_exl3_moe=1 sym_fat_gemm=1 sym_fat_gemm_scatter=1 cap=12.1 cap_ok=1 tp_rank=1 tp_size=4 prefill_layer_calls=13944 thin_calls=262 row_tile_calls=0 fallback_calls=kernel=0,batched=0,sorted=0,legacy=13681 fallback_reasons=legacy_default=13681,thin_only=262 fat_expert_runs=344455 direct_calls=0 scatter_calls=0 fat_layers=13682 fat_expert_slots=344467 max_rows=2048 fused_temps_allocs=1 fused_temps_bytes=14155776 fat_scratch_allocs=0 fat_scratch_bytes=0 fat_scratch_peak_bytes=0
(Worker_TP1 pid=1239) INFO 09-03 11:09:04 [exl3.py:451] exl3 fat-expert P0: layers=13986 fat_layers=13724 (98.1%) fat_expert_slots=345373 max_rows=2048 avg_max_rows=1407.2 hist_le128=262 hist_gt128=13724 hist=[0, 17, 44, 201, 97, 1147, 1660, 10820, 0]
(Worker_TP1 pid=1239) INFO 09-03 11:09:04 [exl3.py:464] exl3 e2 diag schema=1 configured_tier=legacy effective_tier=legacy tier_reason=none_requested shared_suh=1 shared_suh_layers=42/42 sym_exl3_moe=1 sym_fat_gemm=1 sym_fat_gemm_scatter=1 cap=12.1 cap_ok=1 tp_rank=1 tp_size=4 prefill_layer_calls=13986 thin_calls=262 row_tile_calls=0 fallback_calls=kernel=0,batched=0,sorted=0,legacy=13723 fallback_reasons=legacy_default=13723,thin_only=262 fat_expert_runs=345362 direct_calls=0 scatter_calls=0 fat_layers=13724 fat_expert_slots=345373 max_rows=2048 fused_temps_allocs=1 fused_temps_bytes=14155776 fat_scratch_allocs=0 fat_scratch_bytes=0 fat_scratch_peak_bytes=0
(Worker_TP1 pid=1239) INFO 09-03 11:09:04 [exl3.py:451] exl3 fat-expert P0: layers=14028 fat_layers=13724 (97.8%) fat_expert_slots=345373 max_rows=2048 avg_max_rows=1403.2 hist_le128=304 hist_gt128=13724 hist=[0, 21, 51, 232, 97, 1147, 1660, 10820, 0]
(Worker_TP1 pid=1239) INFO 09-03 11:09:04 [exl3.py:464] exl3 e2 diag schema=1 configured_tier=legacy effective_tier=legacy tier_reason=none_requested shared_suh=1 shared_suh_layers=42/42 sym_exl3_moe=1 sym_fat_gemm=1 sym_fat_gemm_scatter=1 cap=12.1 cap_ok=1 tp_rank=1 tp_size=4 prefill_layer_calls=14028 thin_calls=303 row_tile_calls=0 fallback_calls=kernel=0,batched=0,sorted=0,legacy=13724 fallback_reasons=legacy_default=13724,thin_only=303 fat_expert_runs=345373 direct_calls=0 scatter_calls=0 fat_layers=13724 fat_expert_slots=345373 max_rows=2048 fused_temps_allocs=1 fused_temps_bytes=14155776 fat_scratch_allocs=0 fat_scratch_bytes=0 fat_scratch_peak_bytes=0
(Worker_TP1 pid=1239) INFO 09-03 11:10:19 [exl3.py:451] exl3 fat-expert P0: layers=14070 fat_layers=13766 (97.8%) fat_expert_slots=346470 max_rows=2048 avg_max_rows=1403.2 hist_le128=304 hist_gt128=13766 hist=[0, 21, 51, 232, 97, 1150, 1664, 10855, 0]
(Worker_TP1 pid=1239) INFO 09-03 11:10:19 [exl3.py:464] exl3 e2 diag schema=1 configured_tier=legacy effective_tier=legacy tier_reason=none_requested shared_suh=1 shared_suh_layers=42/42 sym_exl3_moe=1 sym_fat_gemm=1 sym_fat_gemm_scatter=1 cap=12.1 cap_ok=1 tp_rank=1 tp_size=4 prefill_layer_calls=14070 thin_calls=304 row_tile_calls=0 fallback_calls=kernel=0,batched=0,sorted=0,legacy=13765 fallback_reasons=legacy_default=13765,thin_only=304 fat_expert_runs=346446 direct_calls=0 scatter_calls=0 fat_layers=13766 fat_expert_slots=346470 max_rows=2048 fused_temps_allocs=1 fused_temps_bytes=14155776 fat_scratch_allocs=0 fat_scratch_bytes=0 fat_scratch_peak_bytes=0
(Worker_TP1 pid=1239) INFO 09-03 11:10:21 [exl3.py:451] exl3 fat-expert P0: layers=14112 fat_layers=13808 (97.8%) fat_expert_slots=347526 max_rows=2048 avg_max_rows=1403.4 hist_le128=304 hist_gt128=13808 hist=[0, 21, 51, 232, 97, 1154, 1667, 10890, 0]
(Worker_TP1 pid=1239) INFO 09-03 11:10:21 [exl3.py:464] exl3 e2 diag schema=1 configured_tier=legacy effective_tier=legacy tier_reason=none_requested shared_suh=1 shared_suh_layers=42/42 sym_exl3_moe=1 sym_fat_gemm=1 sym_fat_gemm_scatter=1 cap=12.1 cap_ok=1 tp_rank=1 tp_size=4 prefill_layer_calls=14112 thin_calls=304 row_tile_calls=0 fallback_calls=kernel=0,batched=0,sorted=0,legacy=13807 fallback_reasons=legacy_default=13807,thin_only=304 fat_expert_runs=347505 direct_calls=0 scatter_calls=0 fat_layers=13808 fat_expert_slots=347526 max_rows=2048 fused_temps_allocs=1 fused_temps_bytes=14155776 fat_scratch_allocs=0 fat_scratch_bytes=0 fat_scratch_peak_bytes=0
(Worker_TP1 pid=1239) INFO 09-03 11:10:23 [exl3.py:451] exl3 fat-expert P0: layers=14154 fat_layers=13850 (97.9%) fat_expert_slots=348592 max_rows=2048 avg_max_rows=1403.6 hist_le128=304 hist_gt128=13850 hist=[0, 21, 51, 232, 97, 1158, 1670, 10925, 0]
(Worker_TP1 pid=1239) INFO 09-03 11:10:23 [exl3.py:464] exl3 e2 diag schema=1 configured_tier=legacy effective_tier=legacy tier_reason=none_requested shared_suh=1 shared_suh_layers=42/42 sym_exl3_moe=1 sym_fat_gemm=1 sym_fat_gemm_scatter=1 cap=12.1 cap_ok=1 tp_rank=1 tp_size=4 prefill_layer_calls=14154 thin_calls=304 row_tile_calls=0 fallback_calls=kernel=0,batched=0,sorted=0,legacy=13849 fallback_reasons=legacy_default=13849,thin_only=304 fat_expert_runs=348571 direct_calls=0 scatter_calls=0 fat_layers=13850 fat_expert_slots=348592 max_rows=2048 fused_temps_allocs=1 fused_temps_bytes=14155776 fat_scratch_allocs=0 fat_scratch_bytes=0 fat_scratch_peak_bytes=0
(Worker_TP1 pid=1239) INFO 09-03 11:10:24 [exl3.py:451] exl3 fat-expert P0: layers=14196 fat_layers=13892 (97.9%) fat_expert_slots=349667 max_rows=2048 avg_max_rows=1403.8 hist_le128=304 hist_gt128=13892 hist=[0, 21, 51, 232, 97, 1162, 1673, 10960, 0]
(Worker_TP1 pid=1239) INFO 09-03 11:10:24 [exl3.py:464] exl3 e2 diag schema=1 configured_tier=legacy effective_tier=legacy tier_reason=none_requested shared_suh=1 shared_suh_layers=42/42 sym_exl3_moe=1 sym_fat_gemm=1 sym_fat_gemm_scatter=1 cap=12.1 cap_ok=1 tp_rank=1 tp_size=4 prefill_layer_calls=14196 thin_calls=304 row_tile_calls=0 fallback_calls=kernel=0,batched=0,sorted=0,legacy=13891 fallback_reasons=legacy_default=13891,thin_only=304 fat_expert_runs=349647 direct_calls=0 scatter_calls=0 fat_layers=13892 fat_expert_slots=349667 max_rows=2048 fused_temps_allocs=1 fused_temps_bytes=14155776 fat_scratch_allocs=0 fat_scratch_bytes=0 fat_scratch_peak_bytes=0
(Worker_TP1 pid=1239) INFO 09-03 11:10:26 [exl3.py:451] exl3 fat-expert P0: layers=14238 fat_layers=13934 (97.9%) fat_expert_slots=350720 max_rows=2048 avg_max_rows=1404.0 hist_le128=304 hist_gt128=13934 hist=[0, 21, 51, 232, 97, 1166, 1677, 10994, 0]
(Worker_TP1 pid=1239) INFO 09-03 11:10:26 [exl3.py:464] exl3 e2 diag schema=1 configured_tier=legacy effective_tier=legacy tier_reason=none_requested shared_suh=1 shared_suh_layers=42/42 sym_exl3_moe=1 sym_fat_gemm=1 sym_fat_gemm_scatter=1 cap=12.1 cap_ok=1 tp_rank=1 tp_size=4 prefill_layer_calls=14238 thin_calls=304 row_tile_calls=0 fallback_calls=kernel=0,batched=0,sorted=0,legacy=13933 fallback_reasons=legacy_default=13933,thin_only=304 fat_expert_runs=350699 direct_calls=0 scatter_calls=0 fat_layers=13934 fat_expert_slots=350720 max_rows=2048 fused_temps_allocs=1 fused_temps_bytes=14155776 fat_scratch_allocs=0 fat_scratch_bytes=0 fat_scratch_peak_bytes=0
(Worker_TP1 pid=1239) INFO 09-03 11:10:28 [exl3.py:451] exl3 fat-expert P0: layers=14280 fat_layers=13976 (97.9%) fat_expert_slots=351767 max_rows=2048 avg_max_rows=1404.2 hist_le128=304 hist_gt128=13976 hist=[0, 21, 51, 232, 97, 1169, 1682, 11028, 0]
(Worker_TP1 pid=1239) INFO 09-03 11:10:28 [exl3.py:464] exl3 e2 diag schema=1 configured_tier=legacy effective_tier=legacy tier_reason=none_requested shared_suh=1 shared_suh_layers=42/42 sym_exl3_moe=1 sym_fat_gemm=1 sym_fat_gemm_scatter=1 cap=12.1 cap_ok=1 tp_rank=1 tp_size=4 prefill_layer_calls=14280 thin_calls=304 row_tile_calls=0 fallback_calls=kernel=0,batched=0,sorted=0,legacy=13975 fallback_reasons=legacy_default=13975,thin_only=304 fat_expert_runs=351748 direct_calls=0 scatter_calls=0 fat_layers=13976 fat_expert_slots=351767 max_rows=2048 fused_temps_allocs=1 fused_temps_bytes=14155776 fat_scratch_allocs=0 fat_scratch_bytes=0 fat_scratch_peak_bytes=0
(Worker_TP1 pid=1239) INFO 09-03 11:10:30 [exl3.py:451] exl3 fat-expert P0: layers=14322 fat_layers=14018 (97.9%) fat_expert_slots=352817 max_rows=2048 avg_max_rows=1404.3 hist_le128=304 hist_gt128=14018 hist=[0, 21, 51, 232, 97, 1172, 1687, 11062, 0]
(Worker_TP1 pid=1239) INFO 09-03 11:10:30 [exl3.py:464] exl3 e2 diag schema=1 configured_tier=legacy effective_tier=legacy tier_reason=none_requested shared_suh=1 shared_suh_layers=42/42 sym_exl3_moe=1 sym_fat_gemm=1 sym_fat_gemm_scatter=1 cap=12.1 cap_ok=1 tp_rank=1 tp_size=4 prefill_layer_calls=14322 thin_calls=304 row_tile_calls=0 fallback_calls=kernel=0,batched=0,sorted=0,legacy=14017 fallback_reasons=legacy_default=14017,thin_only=304 fat_expert_runs=352796 direct_calls=0 scatter_calls=0 fat_layers=14018 fat_expert_slots=352817 max_rows=2048 fused_temps_allocs=1 fused_temps_bytes=14155776 fat_scratch_allocs=0 fat_scratch_bytes=0 fat_scratch_peak_bytes=0
(Worker_TP1 pid=1239) INFO 09-03 11:10:31 [exl3.py:451] exl3 fat-expert P0: layers=14364 fat_layers=14060 (97.9%) fat_expert_slots=353878 max_rows=2048 avg_max_rows=1404.5 hist_le128=304 hist_gt128=14060 hist=[0, 21, 51, 232, 97, 1175, 1691, 11097, 0]
(Worker_TP1 pid=1239) INFO 09-03 11:10:31 [exl3.py:464] exl3 e2 diag schema=1 configured_tier=legacy effective_tier=legacy tier_reason=none_requested shared_suh=1 shared_suh_layers=42/42 sym_exl3_moe=1 sym_fat_gemm=1 sym_fat_gemm_scatter=1 cap=12.1 cap_ok=1 tp_rank=1 tp_size=4 prefill_layer_calls=14364 thin_calls=304 row_tile_calls=0 fallback_calls=kernel=0,batched=0,sorted=0,legacy=14059 fallback_reasons=legacy_default=14059,thin_only=304 fat_expert_runs=353858 direct_calls=0 scatter_calls=0 fat_layers=14060 fat_expert_slots=353878 max_rows=2048 fused_temps_allocs=1 fused_temps_bytes=14155776 fat_scratch_allocs=0 fat_scratch_bytes=0 fat_scratch_peak_bytes=0
(Worker_TP1 pid=1239) INFO 09-03 11:10:33 [exl3.py:451] exl3 fat-expert P0: layers=14406 fat_layers=14102 (97.9%) fat_expert_slots=354936 max_rows=2048 avg_max_rows=1404.7 hist_le128=304 hist_gt128=14102 hist=[0, 21, 51, 232, 97, 1178, 1695, 11132, 0]
(Worker_TP1 pid=1239) INFO 09-03 11:10:33 [exl3.py:464] exl3 e2 diag schema=1 configured_tier=legacy effective_tier=legacy tier_reason=none_requested shared_suh=1 shared_suh_layers=42/42 sym_exl3_moe=1 sym_fat_gemm=1 sym_fat_gemm_scatter=1 cap=12.1 cap_ok=1 tp_rank=1 tp_size=4 prefill_layer_calls=14406 thin_calls=304 row_tile_calls=0 fallback_calls=kernel=0,batched=0,sorted=0,legacy=14101 fallback_reasons=legacy_default=14101,thin_only=304 fat_expert_runs=354919 direct_calls=0 scatter_calls=0 fat_layers=14102 fat_expert_slots=354936 max_rows=2048 fused_temps_allocs=1 fused_temps_bytes=14155776 fat_scratch_allocs=0 fat_scratch_bytes=0 fat_scratch_peak_bytes=0
(Worker_TP1 pid=1239) INFO 09-03 11:10:35 [exl3.py:451] exl3 fat-expert P0: layers=14448 fat_layers=14144 (97.9%) fat_expert_slots=355997 max_rows=2048 avg_max_rows=1404.9 hist_le128=304 hist_gt128=14144 hist=[0, 21, 51, 232, 97, 1181, 1699, 11167, 0]
(Worker_TP1 pid=1239) INFO 09-03 11:10:35 [exl3.py:464] exl3 e2 diag schema=1 configured_tier=legacy effective_tier=legacy tier_reason=none_requested shared_suh=1 shared_suh_layers=42/42 sym_exl3_moe=1 sym_fat_gemm=1 sym_fat_gemm_scatter=1 cap=12.1 cap_ok=1 tp_rank=1 tp_size=4 prefill_layer_calls=14448 thin_calls=304 row_tile_calls=0 fallback_calls=kernel=0,batched=0,sorted=0,legacy=14143 fallback_reasons=legacy_default=14143,thin_only=304 fat_expert_runs=355979 direct_calls=0 scatter_calls=0 fat_layers=14144 fat_expert_slots=355997 max_rows=2048 fused_temps_allocs=1 fused_temps_bytes=14155776 fat_scratch_allocs=0 fat_scratch_bytes=0 fat_scratch_peak_bytes=0
(Worker_TP1 pid=1239) INFO 09-03 11:10:37 [exl3.py:451] exl3 fat-expert P0: layers=14490 fat_layers=14186 (97.9%) fat_expert_slots=357058 max_rows=2048 avg_max_rows=1405.1 hist_le128=304 hist_gt128=14186 hist=[0, 21, 51, 232, 97, 1184, 1703, 11202, 0]
(Worker_TP1 pid=1239) INFO 09-03 11:10:37 [exl3.py:464] exl3 e2 diag schema=1 configured_tier=legacy effective_tier=legacy tier_reason=none_requested shared_suh=1 shared_suh_layers=42/42 sym_exl3_moe=1 sym_fat_gemm=1 sym_fat_gemm_scatter=1 cap=12.1 cap_ok=1 tp_rank=1 tp_size=4 prefill_layer_calls=14490 thin_calls=304 row_tile_calls=0 fallback_calls=kernel=0,batched=0,sorted=0,legacy=14185 fallback_reasons=legacy_default=14185,thin_only=304 fat_expert_runs=357042 direct_calls=0 scatter_calls=0 fat_layers=14186 fat_expert_slots=357058 max_rows=2048 fused_temps_allocs=1 fused_temps_bytes=14155776 fat_scratch_allocs=0 fat_scratch_bytes=0 fat_scratch_peak_bytes=0
(Worker_TP1 pid=1239) INFO 09-03 11:10:38 [exl3.py:451] exl3 fat-expert P0: layers=14532 fat_layers=14228 (97.9%) fat_expert_slots=358121 max_rows=2048 avg_max_rows=1405.2 hist_le128=304 hist_gt128=14228 hist=[0, 21, 51, 232, 97, 1187, 1709, 11235, 0]
(Worker_TP1 pid=1239) INFO 09-03 11:10:38 [exl3.py:464] exl3 e2 diag schema=1 configured_tier=legacy effective_tier=legacy tier_reason=none_requested shared_suh=1 shared_suh_layers=42/42 sym_exl3_moe=1 sym_fat_gemm=1 sym_fat_gemm_scatter=1 cap=12.1 cap_ok=1 tp_rank=1 tp_size=4 prefill_layer_calls=14532 thin_calls=304 row_tile_calls=0 fallback_calls=kernel=0,batched=0,sorted=0,legacy=14227 fallback_reasons=legacy_default=14227,thin_only=304 fat_expert_runs=358104 direct_calls=0 scatter_calls=0 fat_layers=14228 fat_expert_slots=358121 max_rows=2048 fused_temps_allocs=1 fused_temps_bytes=14155776 fat_scratch_allocs=0 fat_scratch_bytes=0 fat_scratch_peak_bytes=0
(Worker_TP1 pid=1239) INFO 09-03 11:10:40 [exl3.py:451] exl3 fat-expert P0: layers=14574 fat_layers=14270 (97.9%) fat_expert_slots=359173 max_rows=2048 avg_max_rows=1405.3 hist_le128=304 hist_gt128=14270 hist=[0, 21, 51, 232, 97, 1190, 1713, 11270, 0]
(Worker_TP1 pid=1239) INFO 09-03 11:10:40 [exl3.py:464] exl3 e2 diag schema=1 configured_tier=legacy effective_tier=legacy tier_reason=none_requested shared_suh=1 shared_suh_layers=42/42 sym_exl3_moe=1 sym_fat_gemm=1 sym_fat_gemm_scatter=1 cap=12.1 cap_ok=1 tp_rank=1 tp_size=4 prefill_layer_calls=14574 thin_calls=304 row_tile_calls=0 fallback_calls=kernel=0,batched=0,sorted=0,legacy=14269 fallback_reasons=legacy_default=14269,thin_only=304 fat_expert_runs=359159 direct_calls=0 scatter_calls=0 fat_layers=14270 fat_expert_slots=359173 max_rows=2048 fused_temps_allocs=1 fused_temps_bytes=14155776 fat_scratch_allocs=0 fat_scratch_bytes=0 fat_scratch_peak_bytes=0
(Worker_TP1 pid=1239) INFO 09-03 11:10:42 [exl3.py:451] exl3 fat-expert P0: layers=14616 fat_layers=14312 (97.9%) fat_expert_slots=360234 max_rows=2048 avg_max_rows=1405.4 hist_le128=304 hist_gt128=14312 hist=[0, 21, 51, 232, 97, 1194, 1718, 11303, 0]
(Worker_TP1 pid=1239) INFO 09-03 11:10:42 [exl3.py:464] exl3 e2 diag schema=1 configured_tier=legacy effective_tier=legacy tier_reason=none_requested shared_suh=1 shared_suh_layers=42/42 sym_exl3_moe=1 sym_fat_gemm=1 sym_fat_gemm_scatter=1 cap=12.1 cap_ok=1 tp_rank=1 tp_size=4 prefill_layer_calls=14616 thin_calls=304 row_tile_calls=0 fallback_calls=kernel=0,batched=0,sorted=0,legacy=14311 fallback_reasons=legacy_default=14311,thin_only=304 fat_expert_runs=360219 direct_calls=0 scatter_calls=0 fat_layers=14312 fat_expert_slots=360234 max_rows=2048 fused_temps_allocs=1 fused_temps_bytes=14155776 fat_scratch_allocs=0 fat_scratch_bytes=0 fat_scratch_peak_bytes=0
(Worker_TP1 pid=1239) INFO 09-03 11:10:43 [exl3.py:451] exl3 fat-expert P0: layers=14658 fat_layers=14354 (97.9%) fat_expert_slots=361303 max_rows=2048 avg_max_rows=1405.6 hist_le128=304 hist_gt128=14354 hist=[0, 21, 51, 232, 97, 1197, 1724, 11336, 0]
(Worker_TP1 pid=1239) INFO 09-03 11:10:43 [exl3.py:464] exl3 e2 diag schema=1 configured_tier=legacy effective_tier=legacy tier_reason=none_requested shared_suh=1 shared_suh_layers=42/42 sym_exl3_moe=1 sym_fat_gemm=1 sym_fat_gemm_scatter=1 cap=12.1 cap_ok=1 tp_rank=1 tp_size=4 prefill_layer_calls=14658 thin_calls=304 row_tile_calls=0 fallback_calls=kernel=0,batched=0,sorted=0,legacy=14353 fallback_reasons=legacy_default=14353,thin_only=304 fat_expert_runs=361289 direct_calls=0 scatter_calls=0 fat_layers=14354 fat_expert_slots=361303 max_rows=2048 fused_temps_allocs=1 fused_temps_bytes=14155776 fat_scratch_allocs=0 fat_scratch_bytes=0 fat_scratch_peak_bytes=0
(Worker_TP1 pid=1239) INFO 09-03 11:10:45 [exl3.py:451] exl3 fat-expert P0: layers=14700 fat_layers=14396 (97.9%) fat_expert_slots=362358 max_rows=2048 avg_max_rows=1405.7 hist_le128=304 hist_gt128=14396 hist=[0, 21, 51, 232, 97, 1200, 1728, 11371, 0]
(Worker_TP1 pid=1239) INFO 09-03 11:10:45 [exl3.py:464] exl3 e2 diag schema=1 configured_tier=legacy effective_tier=legacy tier_reason=none_requested shared_suh=1 shared_suh_layers=42/42 sym_exl3_moe=1 sym_fat_gemm=1 sym_fat_gemm_scatter=1 cap=12.1 cap_ok=1 tp_rank=1 tp_size=4 prefill_layer_calls=14700 thin_calls=304 row_tile_calls=0 fallback_calls=kernel=0,batched=0,sorted=0,legacy=14395 fallback_reasons=legacy_default=14395,thin_only=304 fat_expert_runs=362344 direct_calls=0 scatter_calls=0 fat_layers=14396 fat_expert_slots=362358 max_rows=2048 fused_temps_allocs=1 fused_temps_bytes=14155776 fat_scratch_allocs=0 fat_scratch_bytes=0 fat_scratch_peak_bytes=0
(Worker_TP1 pid=1239) INFO 09-03 11:10:47 [exl3.py:451] exl3 fat-expert P0: layers=14742 fat_layers=14438 (97.9%) fat_expert_slots=363399 max_rows=2048 avg_max_rows=1405.8 hist_le128=304 hist_gt128=14438 hist=[0, 21, 51, 232, 97, 1203, 1733, 11405, 0]
(Worker_TP1 pid=1239) INFO 09-03 11:10:47 [exl3.py:464] exl3 e2 diag schema=1 configured_tier=legacy effective_tier=legacy tier_reason=none_requested shared_suh=1 shared_suh_layers=42/42 sym_exl3_moe=1 sym_fat_gemm=1 sym_fat_gemm_scatter=1 cap=12.1 cap_ok=1 tp_rank=1 tp_size=4 prefill_layer_calls=14742 thin_calls=304 row_tile_calls=0 fallback_calls=kernel=0,batched=0,sorted=0,legacy=14437 fallback_reasons=legacy_default=14437,thin_only=304 fat_expert_runs=363385 direct_calls=0 scatter_calls=0 fat_layers=14438 fat_expert_slots=363399 max_rows=2048 fused_temps_allocs=1 fused_temps_bytes=14155776 fat_scratch_allocs=0 fat_scratch_bytes=0 fat_scratch_peak_bytes=0
(Worker_TP1 pid=1239) INFO 09-03 11:10:49 [exl3.py:451] exl3 fat-expert P0: layers=14784 fat_layers=14480 (97.9%) fat_expert_slots=364451 max_rows=2048 avg_max_rows=1405.9 hist_le128=304 hist_gt128=14480 hist=[0, 21, 51, 232, 97, 1207, 1739, 11437, 0]
(Worker_TP1 pid=1239) INFO 09-03 11:10:49 [exl3.py:464] exl3 e2 diag schema=1 configured_tier=legacy effective_tier=legacy tier_reason=none_requested shared_suh=1 shared_suh_layers=42/42 sym_exl3_moe=1 sym_fat_gemm=1 sym_fat_gemm_scatter=1 cap=12.1 cap_ok=1 tp_rank=1 tp_size=4 prefill_layer_calls=14784 thin_calls=304 row_tile_calls=0 fallback_calls=kernel=0,batched=0,sorted=0,legacy=14479 fallback_reasons=legacy_default=14479,thin_only=304 fat_expert_runs=364437 direct_calls=0 scatter_calls=0 fat_layers=14480 fat_expert_slots=364451 max_rows=2048 fused_temps_allocs=1 fused_temps_bytes=14155776 fat_scratch_allocs=0 fat_scratch_bytes=0 fat_scratch_peak_bytes=0
(Worker_TP1 pid=1239) INFO 09-03 11:10:50 [exl3.py:451] exl3 fat-expert P0: layers=14826 fat_layers=14522 (97.9%) fat_expert_slots=365515 max_rows=2048 avg_max_rows=1406.0 hist_le128=304 hist_gt128=14522 hist=[0, 21, 51, 232, 97, 1210, 1745, 11470, 0]
(Worker_TP1 pid=1239) INFO 09-03 11:10:50 [exl3.py:464] exl3 e2 diag schema=1 configured_tier=legacy effective_tier=legacy tier_reason=none_requested shared_suh=1 shared_suh_layers=42/42 sym_exl3_moe=1 sym_fat_gemm=1 sym_fat_gemm_scatter=1 cap=12.1 cap_ok=1 tp_rank=1 tp_size=4 prefill_layer_calls=14826 thin_calls=304 row_tile_calls=0 fallback_calls=kernel=0,batched=0,sorted=0,legacy=14521 fallback_reasons=legacy_default=14521,thin_only=304 fat_expert_runs=365501 direct_calls=0 scatter_calls=0 fat_layers=14522 fat_expert_slots=365515 max_rows=2048 fused_temps_allocs=1 fused_temps_bytes=14155776 fat_scratch_allocs=0 fat_scratch_bytes=0 fat_scratch_peak_bytes=0
(Worker_TP1 pid=1239) INFO 09-03 11:10:52 [exl3.py:451] exl3 fat-expert P0: layers=14868 fat_layers=14564 (98.0%) fat_expert_slots=366603 max_rows=2048 avg_max_rows=1406.0 hist_le128=304 hist_gt128=14564 hist=[0, 21, 51, 232, 97, 1214, 1749, 11504, 0]
(Worker_TP1 pid=1239) INFO 09-03 11:10:52 [exl3.py:464] exl3 e2 diag schema=1 configured_tier=legacy effective_tier=legacy tier_reason=none_requested shared_suh=1 shared_suh_layers=42/42 sym_exl3_moe=1 sym_fat_gemm=1 sym_fat_gemm_scatter=1 cap=12.1 cap_ok=1 tp_rank=1 tp_size=4 prefill_layer_calls=14868 thin_calls=304 row_tile_calls=0 fallback_calls=kernel=0,batched=0,sorted=0,legacy=14563 fallback_reasons=legacy_default=14563,thin_only=304 fat_expert_runs=366589 direct_calls=0 scatter_calls=0 fat_layers=14564 fat_expert_slots=366603 max_rows=2048 fused_temps_allocs=1 fused_temps_bytes=14155776 fat_scratch_allocs=0 fat_scratch_bytes=0 fat_scratch_peak_bytes=0
(Worker_TP1 pid=1239) INFO 09-03 11:10:54 [exl3.py:451] exl3 fat-expert P0: layers=14910 fat_layers=14606 (98.0%) fat_expert_slots=367683 max_rows=2048 avg_max_rows=1406.1 hist_le128=304 hist_gt128=14606 hist=[0, 21, 51, 232, 97, 1218, 1753, 11538, 0]
(Worker_TP1 pid=1239) INFO 09-03 11:10:54 [exl3.py:464] exl3 e2 diag schema=1 configured_tier=legacy effective_tier=legacy tier_reason=none_requested shared_suh=1 shared_suh_layers=42/42 sym_exl3_moe=1 sym_fat_gemm=1 sym_fat_gemm_scatter=1 cap=12.1 cap_ok=1 tp_rank=1 tp_size=4 prefill_layer_calls=14910 thin_calls=304 row_tile_calls=0 fallback_calls=kernel=0,batched=0,sorted=0,legacy=14605 fallback_reasons=legacy_default=14605,thin_only=304 fat_expert_runs=367669 direct_calls=0 scatter_calls=0 fat_layers=14606 fat_expert_slots=367683 max_rows=2048 fused_temps_allocs=1 fused_temps_bytes=14155776 fat_scratch_allocs=0 fat_scratch_bytes=0 fat_scratch_peak_bytes=0
(Worker_TP1 pid=1239) INFO 09-03 11:10:55 [exl3.py:451] exl3 fat-expert P0: layers=14952 fat_layers=14648 (98.0%) fat_expert_slots=368772 max_rows=2048 avg_max_rows=1406.2 hist_le128=304 hist_gt128=14648 hist=[0, 21, 51, 232, 97, 1222, 1757, 11572, 0]
(Worker_TP1 pid=1239) INFO 09-03 11:10:55 [exl3.py:464] exl3 e2 diag schema=1 configured_tier=legacy effective_tier=legacy tier_reason=none_requested shared_suh=1 shared_suh_layers=42/42 sym_exl3_moe=1 sym_fat_gemm=1 sym_fat_gemm_scatter=1 cap=12.1 cap_ok=1 tp_rank=1 tp_size=4 prefill_layer_calls=14952 thin_calls=304 row_tile_calls=0 fallback_calls=kernel=0,batched=0,sorted=0,legacy=14647 fallback_reasons=legacy_default=14647,thin_only=304 fat_expert_runs=368759 direct_calls=0 scatter_calls=0 fat_layers=14648 fat_expert_slots=368772 max_rows=2048 fused_temps_allocs=1 fused_temps_bytes=14155776 fat_scratch_allocs=0 fat_scratch_bytes=0 fat_scratch_peak_bytes=0
(Worker_TP1 pid=1239) INFO 09-03 11:10:57 [exl3.py:451] exl3 fat-expert P0: layers=14994 fat_layers=14690 (98.0%) fat_expert_slots=369850 max_rows=2048 avg_max_rows=1406.4 hist_le128=304 hist_gt128=14690 hist=[0, 21, 51, 232, 97, 1225, 1763, 11605, 0]
(Worker_TP1 pid=1239) INFO 09-03 11:10:57 [exl3.py:464] exl3 e2 diag schema=1 configured_tier=legacy effective_tier=legacy tier_reason=none_requested shared_suh=1 shared_suh_layers=42/42 sym_exl3_moe=1 sym_fat_gemm=1 sym_fat_gemm_scatter=1 cap=12.1 cap_ok=1 tp_rank=1 tp_size=4 prefill_layer_calls=14994 thin_calls=304 row_tile_calls=0 fallback_calls=kernel=0,batched=0,sorted=0,legacy=14689 fallback_reasons=legacy_default=14689,thin_only=304 fat_expert_runs=369837 direct_calls=0 scatter_calls=0 fat_layers=14690 fat_expert_slots=369850 max_rows=2048 fused_temps_allocs=1 fused_temps_bytes=14155776 fat_scratch_allocs=0 fat_scratch_bytes=0 fat_scratch_peak_bytes=0
(Worker_TP1 pid=1239) INFO 09-03 11:10:59 [exl3.py:451] exl3 fat-expert P0: layers=15036 fat_layers=14732 (98.0%) fat_expert_slots=370928 max_rows=2048 avg_max_rows=1406.5 hist_le128=304 hist_gt128=14732 hist=[0, 21, 51, 232, 97, 1229, 1767, 11639, 0]
(Worker_TP1 pid=1239) INFO 09-03 11:10:59 [exl3.py:464] exl3 e2 diag schema=1 configured_tier=legacy effective_tier=legacy tier_reason=none_requested shared_suh=1 shared_suh_layers=42/42 sym_exl3_moe=1 sym_fat_gemm=1 sym_fat_gemm_scatter=1 cap=12.1 cap_ok=1 tp_rank=1 tp_size=4 prefill_layer_calls=15036 thin_calls=304 row_tile_calls=0 fallback_calls=kernel=0,batched=0,sorted=0,legacy=14731 fallback_reasons=legacy_default=14731,thin_only=304 fat_expert_runs=370917 direct_calls=0 scatter_calls=0 fat_layers=14732 fat_expert_slots=370928 max_rows=2048 fused_temps_allocs=1 fused_temps_bytes=14155776 fat_scratch_allocs=0 fat_scratch_bytes=0 fat_scratch_peak_bytes=0
(Worker_TP1 pid=1239) INFO 09-03 11:11:01 [exl3.py:451] exl3 fat-expert P0: layers=15078 fat_layers=14774 (98.0%) fat_expert_slots=371998 max_rows=2048 avg_max_rows=1406.6 hist_le128=304 hist_gt128=14774 hist=[0, 21, 51, 232, 97, 1233, 1772, 11672, 0]
(Worker_TP1 pid=1239) INFO 09-03 11:11:01 [exl3.py:464] exl3 e2 diag schema=1 configured_tier=legacy effective_tier=legacy tier_reason=none_requested shared_suh=1 shared_suh_layers=42/42 sym_exl3_moe=1 sym_fat_gemm=1 sym_fat_gemm_scatter=1 cap=12.1 cap_ok=1 tp_rank=1 tp_size=4 prefill_layer_calls=15078 thin_calls=304 row_tile_calls=0 fallback_calls=kernel=0,batched=0,sorted=0,legacy=14773 fallback_reasons=legacy_default=14773,thin_only=304 fat_expert_runs=371987 direct_calls=0 scatter_calls=0 fat_layers=14774 fat_expert_slots=371998 max_rows=2048 fused_temps_allocs=1 fused_temps_bytes=14155776 fat_scratch_allocs=0 fat_scratch_bytes=0 fat_scratch_peak_bytes=0
(Worker_TP1 pid=1239) INFO 09-03 11:11:02 [exl3.py:451] exl3 fat-expert P0: layers=15120 fat_layers=14816 (98.0%) fat_expert_slots=373091 max_rows=2048 avg_max_rows=1406.7 hist_le128=304 hist_gt128=14816 hist=[0, 21, 51, 232, 97, 1237, 1776, 11706, 0]
(Worker_TP1 pid=1239) INFO 09-03 11:11:02 [exl3.py:464] exl3 e2 diag schema=1 configured_tier=legacy effective_tier=legacy tier_reason=none_requested shared_suh=1 shared_suh_layers=42/42 sym_exl3_moe=1 sym_fat_gemm=1 sym_fat_gemm_scatter=1 cap=12.1 cap_ok=1 tp_rank=1 tp_size=4 prefill_layer_calls=15120 thin_calls=304 row_tile_calls=0 fallback_calls=kernel=0,batched=0,sorted=0,legacy=14815 fallback_reasons=legacy_default=14815,thin_only=304 fat_expert_runs=373080 direct_calls=0 scatter_calls=0 fat_layers=14816 fat_expert_slots=373091 max_rows=2048 fused_temps_allocs=1 fused_temps_bytes=14155776 fat_scratch_allocs=0 fat_scratch_bytes=0 fat_scratch_peak_bytes=0
(Worker_TP1 pid=1239) INFO 09-03 11:11:04 [exl3.py:451] exl3 fat-expert P0: layers=15162 fat_layers=14858 (98.0%) fat_expert_slots=374154 max_rows=2048 avg_max_rows=1406.8 hist_le128=304 hist_gt128=14858 hist=[0, 21, 51, 232, 97, 1241, 1779, 11741, 0]
(Worker_TP1 pid=1239) INFO 09-03 11:11:04 [exl3.py:464] exl3 e2 diag schema=1 configured_tier=legacy effective_tier=legacy tier_reason=none_requested shared_suh=1 shared_suh_layers=42/42 sym_exl3_moe=1 sym_fat_gemm=1 sym_fat_gemm_scatter=1 cap=12.1 cap_ok=1 tp_rank=1 tp_size=4 prefill_layer_calls=15162 thin_calls=304 row_tile_calls=0 fallback_calls=kernel=0,batched=0,sorted=0,legacy=14857 fallback_reasons=legacy_default=14857,thin_only=304 fat_expert_runs=374143 direct_calls=0 scatter_calls=0 fat_layers=14858 fat_expert_slots=374154 max_rows=2048 fused_temps_allocs=1 fused_temps_bytes=14155776 fat_scratch_allocs=0 fat_scratch_bytes=0 fat_scratch_peak_bytes=0
(Worker_TP1 pid=1239) INFO 09-03 11:11:06 [exl3.py:451] exl3 fat-expert P0: layers=15204 fat_layers=14900 (98.0%) fat_expert_slots=375234 max_rows=2048 avg_max_rows=1406.9 hist_le128=304 hist_gt128=14900 hist=[0, 21, 51, 232, 97, 1245, 1785, 11773, 0]
(Worker_TP1 pid=1239) INFO 09-03 11:11:06 [exl3.py:464] exl3 e2 diag schema=1 configured_tier=legacy effective_tier=legacy tier_reason=none_requested shared_suh=1 shared_suh_layers=42/42 sym_exl3_moe=1 sym_fat_gemm=1 sym_fat_gemm_scatter=1 cap=12.1 cap_ok=1 tp_rank=1 tp_size=4 prefill_layer_calls=15204 thin_calls=304 row_tile_calls=0 fallback_calls=kernel=0,batched=0,sorted=0,legacy=14899 fallback_reasons=legacy_default=14899,thin_only=304 fat_expert_runs=375223 direct_calls=0 scatter_calls=0 fat_layers=14900 fat_expert_slots=375234 max_rows=2048 fused_temps_allocs=1 fused_temps_bytes=14155776 fat_scratch_allocs=0 fat_scratch_bytes=0 fat_scratch_peak_bytes=0
(Worker_TP1 pid=1239) INFO 09-03 11:11:07 [exl3.py:451] exl3 fat-expert P0: layers=15246 fat_layers=14942 (98.0%) fat_expert_slots=376340 max_rows=2048 avg_max_rows=1407.0 hist_le128=304 hist_gt128=14942 hist=[0, 21, 51, 232, 97, 1249, 1789, 11807, 0]
(Worker_TP1 pid=1239) INFO 09-03 11:11:07 [exl3.py:464] exl3 e2 diag schema=1 configured_tier=legacy effective_tier=legacy tier_reason=none_requested shared_suh=1 shared_suh_layers=42/42 sym_exl3_moe=1 sym_fat_gemm=1 sym_fat_gemm_scatter=1 cap=12.1 cap_ok=1 tp_rank=1 tp_size=4 prefill_layer_calls=15246 thin_calls=304 row_tile_calls=0 fallback_calls=kernel=0,batched=0,sorted=0,legacy=14941 fallback_reasons=legacy_default=14941,thin_only=304 fat_expert_runs=376329 direct_calls=0 scatter_calls=0 fat_layers=14942 fat_expert_slots=376340 max_rows=2048 fused_temps_allocs=1 fused_temps_bytes=14155776 fat_scratch_allocs=0 fat_scratch_bytes=0 fat_scratch_peak_bytes=0
(Worker_TP1 pid=1239) INFO 09-03 11:11:09 [exl3.py:451] exl3 fat-expert P0: layers=15288 fat_layers=14984 (98.0%) fat_expert_slots=377455 max_rows=2048 avg_max_rows=1407.1 hist_le128=304 hist_gt128=14984 hist=[0, 21, 51, 232, 97, 1252, 1794, 11841, 0]
(Worker_TP1 pid=1239) INFO 09-03 11:11:09 [exl3.py:464] exl3 e2 diag schema=1 configured_tier=legacy effective_tier=legacy tier_reason=none_requested shared_suh=1 shared_suh_layers=42/42 sym_exl3_moe=1 sym_fat_gemm=1 sym_fat_gemm_scatter=1 cap=12.1 cap_ok=1 tp_rank=1 tp_size=4 prefill_layer_calls=15288 thin_calls=304 row_tile_calls=0 fallback_calls=kernel=0,batched=0,sorted=0,legacy=14983 fallback_reasons=legacy_default=14983,thin_only=304 fat_expert_runs=377443 direct_calls=0 scatter_calls=0 fat_layers=14984 fat_expert_slots=377455 max_rows=2048 fused_temps_allocs=1 fused_temps_bytes=14155776 fat_scratch_allocs=0 fat_scratch_bytes=0 fat_scratch_peak_bytes=0
(Worker_TP1 pid=1239) INFO 09-03 11:11:11 [exl3.py:451] exl3 fat-expert P0: layers=15330 fat_layers=15026 (98.0%) fat_expert_slots=378560 max_rows=2048 avg_max_rows=1407.2 hist_le128=304 hist_gt128=15026 hist=[0, 21, 51, 232, 97, 1256, 1799, 11874, 0]
(Worker_TP1 pid=1239) INFO 09-03 11:11:11 [exl3.py:464] exl3 e2 diag schema=1 configured_tier=legacy effective_tier=legacy tier_reason=none_requested shared_suh=1 shared_suh_layers=42/42 sym_exl3_moe=1 sym_fat_gemm=1 sym_fat_gemm_scatter=1 cap=12.1 cap_ok=1 tp_rank=1 tp_size=4 prefill_layer_calls=15330 thin_calls=304 row_tile_calls=0 fallback_calls=kernel=0,batched=0,sorted=0,legacy=15025 fallback_reasons=legacy_default=15025,thin_only=304 fat_expert_runs=378549 direct_calls=0 scatter_calls=0 fat_layers=15026 fat_expert_slots=378560 max_rows=2048 fused_temps_allocs=1 fused_temps_bytes=14155776 fat_scratch_allocs=0 fat_scratch_bytes=0 fat_scratch_peak_bytes=0
(Worker_TP1 pid=1239) INFO 09-03 11:11:13 [exl3.py:451] exl3 fat-expert P0: layers=15372 fat_layers=15068 (98.0%) fat_expert_slots=379644 max_rows=2048 avg_max_rows=1407.3 hist_le128=304 hist_gt128=15068 hist=[0, 21, 51, 232, 97, 1260, 1804, 11907, 0]
(Worker_TP1 pid=1239) INFO 09-03 11:11:13 [exl3.py:464] exl3 e2 diag schema=1 configured_tier=legacy effective_tier=legacy tier_reason=none_requested shared_suh=1 shared_suh_layers=42/42 sym_exl3_moe=1 sym_fat_gemm=1 sym_fat_gemm_scatter=1 cap=12.1 cap_ok=1 tp_rank=1 tp_size=4 prefill_layer_calls=15372 thin_calls=304 row_tile_calls=0 fallback_calls=kernel=0,batched=0,sorted=0,legacy=15067 fallback_reasons=legacy_default=15067,thin_only=304 fat_expert_runs=379633 direct_calls=0 scatter_calls=0 fat_layers=15068 fat_expert_slots=379644 max_rows=2048 fused_temps_allocs=1 fused_temps_bytes=14155776 fat_scratch_allocs=0 fat_scratch_bytes=0 fat_scratch_peak_bytes=0
(Worker_TP1 pid=1239) INFO 09-03 11:11:15 [exl3.py:451] exl3 fat-expert P0: layers=15414 fat_layers=15110 (98.0%) fat_expert_slots=380729 max_rows=2048 avg_max_rows=1407.3 hist_le128=304 hist_gt128=15110 hist=[0, 21, 51, 232, 97, 1264, 1809, 11940, 0]
(Worker_TP1 pid=1239) INFO 09-03 11:11:15 [exl3.py:464] exl3 e2 diag schema=1 configured_tier=legacy effective_tier=legacy tier_reason=none_requested shared_suh=1 shared_suh_layers=42/42 sym_exl3_moe=1 sym_fat_gemm=1 sym_fat_gemm_scatter=1 cap=12.1 cap_ok=1 tp_rank=1 tp_size=4 prefill_layer_calls=15414 thin_calls=304 row_tile_calls=0 fallback_calls=kernel=0,batched=0,sorted=0,legacy=15109 fallback_reasons=legacy_default=15109,thin_only=304 fat_expert_runs=380718 direct_calls=0 scatter_calls=0 fat_layers=15110 fat_expert_slots=380729 max_rows=2048 fused_temps_allocs=1 fused_temps_bytes=14155776 fat_scratch_allocs=0 fat_scratch_bytes=0 fat_scratch_peak_bytes=0
(Worker_TP1 pid=1239) INFO 09-03 11:11:16 [exl3.py:451] exl3 fat-expert P0: layers=15456 fat_layers=15152 (98.0%) fat_expert_slots=381794 max_rows=2048 avg_max_rows=1407.4 hist_le128=304 hist_gt128=15152 hist=[0, 21, 51, 232, 97, 1268, 1814, 11973, 0]
(Worker_TP1 pid=1239) INFO 09-03 11:11:16 [exl3.py:464] exl3 e2 diag schema=1 configured_tier=legacy effective_tier=legacy tier_reason=none_requested shared_suh=1 shared_suh_layers=42/42 sym_exl3_moe=1 sym_fat_gemm=1 sym_fat_gemm_scatter=1 cap=12.1 cap_ok=1 tp_rank=1 tp_size=4 prefill_layer_calls=15456 thin_calls=304 row_tile_calls=0 fallback_calls=kernel=0,batched=0,sorted=0,legacy=15151 fallback_reasons=legacy_default=15151,thin_only=304 fat_expert_runs=381783 direct_calls=0 scatter_calls=0 fat_layers=15152 fat_expert_slots=381794 max_rows=2048 fused_temps_allocs=1 fused_temps_bytes=14155776 fat_scratch_allocs=0 fat_scratch_bytes=0 fat_scratch_peak_bytes=0
(Worker_TP1 pid=1239) INFO 09-03 11:11:18 [exl3.py:451] exl3 fat-expert P0: layers=15498 fat_layers=15194 (98.0%) fat_expert_slots=382894 max_rows=2048 avg_max_rows=1407.5 hist_le128=304 hist_gt128=15194 hist=[0, 21, 51, 232, 97, 1271, 1820, 12006, 0]
(Worker_TP1 pid=1239) INFO 09-03 11:11:18 [exl3.py:464] exl3 e2 diag schema=1 configured_tier=legacy effective_tier=legacy tier_reason=none_requested shared_suh=1 shared_suh_layers=42/42 sym_exl3_moe=1 sym_fat_gemm=1 sym_fat_gemm_scatter=1 cap=12.1 cap_ok=1 tp_rank=1 tp_size=4 prefill_layer_calls=15498 thin_calls=304 row_tile_calls=0 fallback_calls=kernel=0,batched=0,sorted=0,legacy=15193 fallback_reasons=legacy_default=15193,thin_only=304 fat_expert_runs=382883 direct_calls=0 scatter_calls=0 fat_layers=15194 fat_expert_slots=382894 max_rows=2048 fused_temps_allocs=1 fused_temps_bytes=14155776 fat_scratch_allocs=0 fat_scratch_bytes=0 fat_scratch_peak_bytes=0
(Worker_TP1 pid=1239) INFO 09-03 11:11:20 [exl3.py:451] exl3 fat-expert P0: layers=15540 fat_layers=15236 (98.0%) fat_expert_slots=384008 max_rows=2048 avg_max_rows=1407.5 hist_le128=304 hist_gt128=15236 hist=[0, 21, 51, 232, 97, 1275, 1824, 12040, 0]
(Worker_TP1 pid=1239) INFO 09-03 11:11:20 [exl3.py:464] exl3 e2 diag schema=1 configured_tier=legacy effective_tier=legacy tier_reason=none_requested shared_suh=1 shared_suh_layers=42/42 sym_exl3_moe=1 sym_fat_gemm=1 sym_fat_gemm_scatter=1 cap=12.1 cap_ok=1 tp_rank=1 tp_size=4 prefill_layer_calls=15540 thin_calls=304 row_tile_calls=0 fallback_calls=kernel=0,batched=0,sorted=0,legacy=15235 fallback_reasons=legacy_default=15235,thin_only=304 fat_expert_runs=383997 direct_calls=0 scatter_calls=0 fat_layers=15236 fat_expert_slots=384008 max_rows=2048 fused_temps_allocs=1 fused_temps_bytes=14155776 fat_scratch_allocs=0 fat_scratch_bytes=0 fat_scratch_peak_bytes=0
(Worker_TP1 pid=1239) INFO 09-03 11:11:21 [exl3.py:451] exl3 fat-expert P0: layers=15582 fat_layers=15278 (98.0%) fat_expert_slots=385121 max_rows=2048 avg_max_rows=1407.6 hist_le128=304 hist_gt128=15278 hist=[0, 21, 51, 232, 97, 1278, 1830, 12073, 0]
(Worker_TP1 pid=1239) INFO 09-03 11:11:21 [exl3.py:464] exl3 e2 diag schema=1 configured_tier=legacy effective_tier=legacy tier_reason=none_requested shared_suh=1 shared_suh_layers=42/42 sym_exl3_moe=1 sym_fat_gemm=1 sym_fat_gemm_scatter=1 cap=12.1 cap_ok=1 tp_rank=1 tp_size=4 prefill_layer_calls=15582 thin_calls=304 row_tile_calls=0 fallback_calls=kernel=0,batched=0,sorted=0,legacy=15277 fallback_reasons=legacy_default=15277,thin_only=304 fat_expert_runs=385110 direct_calls=0 scatter_calls=0 fat_layers=15278 fat_expert_slots=385121 max_rows=2048 fused_temps_allocs=1 fused_temps_bytes=14155776 fat_scratch_allocs=0 fat_scratch_bytes=0 fat_scratch_peak_bytes=0
(Worker_TP1 pid=1239) INFO 09-03 11:11:23 [exl3.py:451] exl3 fat-expert P0: layers=15624 fat_layers=15320 (98.1%) fat_expert_slots=386228 max_rows=2048 avg_max_rows=1407.6 hist_le128=304 hist_gt128=15320 hist=[0, 21, 51, 232, 97, 1281, 1837, 12105, 0]
(Worker_TP1 pid=1239) INFO 09-03 11:11:23 [exl3.py:464] exl3 e2 diag schema=1 configured_tier=legacy effective_tier=legacy tier_reason=none_requested shared_suh=1 shared_suh_layers=42/42 sym_exl3_moe=1 sym_fat_gemm=1 sym_fat_gemm_scatter=1 cap=12.1 cap_ok=1 tp_rank=1 tp_size=4 prefill_layer_calls=15624 thin_calls=304 row_tile_calls=0 fallback_calls=kernel=0,batched=0,sorted=0,legacy=15319 fallback_reasons=legacy_default=15319,thin_only=304 fat_expert_runs=386217 direct_calls=0 scatter_calls=0 fat_layers=15320 fat_expert_slots=386228 max_rows=2048 fused_temps_allocs=1 fused_temps_bytes=14155776 fat_scratch_allocs=0 fat_scratch_bytes=0 fat_scratch_peak_bytes=0
(Worker_TP1 pid=1239) INFO 09-03 11:11:25 [exl3.py:451] exl3 fat-expert P0: layers=15666 fat_layers=15362 (98.1%) fat_expert_slots=387308 max_rows=2048 avg_max_rows=1407.6 hist_le128=304 hist_gt128=15362 hist=[0, 21, 51, 232, 97, 1284, 1843, 12138, 0]
(Worker_TP1 pid=1239) INFO 09-03 11:11:25 [exl3.py:464] exl3 e2 diag schema=1 configured_tier=legacy effective_tier=legacy tier_reason=none_requested shared_suh=1 shared_suh_layers=42/42 sym_exl3_moe=1 sym_fat_gemm=1 sym_fat_gemm_scatter=1 cap=12.1 cap_ok=1 tp_rank=1 tp_size=4 prefill_layer_calls=15666 thin_calls=304 row_tile_calls=0 fallback_calls=kernel=0,batched=0,sorted=0,legacy=15361 fallback_reasons=legacy_default=15361,thin_only=304 fat_expert_runs=387297 direct_calls=0 scatter_calls=0 fat_layers=15362 fat_expert_slots=387308 max_rows=2048 fused_temps_allocs=1 fused_temps_bytes=14155776 fat_scratch_allocs=0 fat_scratch_bytes=0 fat_scratch_peak_bytes=0
(Worker_TP1 pid=1239) INFO 09-03 11:11:27 [exl3.py:451] exl3 fat-expert P0: layers=15708 fat_layers=15404 (98.1%) fat_expert_slots=388403 max_rows=2048 avg_max_rows=1407.7 hist_le128=304 hist_gt128=15404 hist=[0, 21, 51, 232, 97, 1287, 1849, 12171, 0]
(Worker_TP1 pid=1239) INFO 09-03 11:11:27 [exl3.py:464] exl3 e2 diag schema=1 configured_tier=legacy effective_tier=legacy tier_reason=none_requested shared_suh=1 shared_suh_layers=42/42 sym_exl3_moe=1 sym_fat_gemm=1 sym_fat_gemm_scatter=1 cap=12.1 cap_ok=1 tp_rank=1 tp_size=4 prefill_layer_calls=15708 thin_calls=304 row_tile_calls=0 fallback_calls=kernel=0,batched=0,sorted=0,legacy=15403 fallback_reasons=legacy_default=15403,thin_only=304 fat_expert_runs=388392 direct_calls=0 scatter_calls=0 fat_layers=15404 fat_expert_slots=388403 max_rows=2048 fused_temps_allocs=1 fused_temps_bytes=14155776 fat_scratch_allocs=0 fat_scratch_bytes=0 fat_scratch_peak_bytes=0
(Worker_TP1 pid=1239) INFO 09-03 11:11:28 [exl3.py:451] exl3 fat-expert P0: layers=15750 fat_layers=15446 (98.1%) fat_expert_slots=389490 max_rows=2048 avg_max_rows=1407.7 hist_le128=304 hist_gt128=15446 hist=[0, 21, 51, 232, 97, 1290, 1856, 12203, 0]
(Worker_TP1 pid=1239) INFO 09-03 11:11:28 [exl3.py:464] exl3 e2 diag schema=1 configured_tier=legacy effective_tier=legacy tier_reason=none_requested shared_suh=1 shared_suh_layers=42/42 sym_exl3_moe=1 sym_fat_gemm=1 sym_fat_gemm_scatter=1 cap=12.1 cap_ok=1 tp_rank=1 tp_size=4 prefill_layer_calls=15750 thin_calls=304 row_tile_calls=0 fallback_calls=kernel=0,batched=0,sorted=0,legacy=15445 fallback_reasons=legacy_default=15445,thin_only=304 fat_expert_runs=389479 direct_calls=0 scatter_calls=0 fat_layers=15446 fat_expert_slots=389490 max_rows=2048 fused_temps_allocs=1 fused_temps_bytes=14155776 fat_scratch_allocs=0 fat_scratch_bytes=0 fat_scratch_peak_bytes=0
(Worker_TP1 pid=1239) INFO 09-03 11:11:30 [exl3.py:451] exl3 fat-expert P0: layers=15792 fat_layers=15488 (98.1%) fat_expert_slots=390577 max_rows=2048 avg_max_rows=1407.8 hist_le128=304 hist_gt128=15488 hist=[0, 21, 51, 232, 97, 1294, 1860, 12237, 0]
(Worker_TP1 pid=1239) INFO 09-03 11:11:30 [exl3.py:464] exl3 e2 diag schema=1 configured_tier=legacy effective_tier=legacy tier_reason=none_requested shared_suh=1 shared_suh_layers=42/42 sym_exl3_moe=1 sym_fat_gemm=1 sym_fat_gemm_scatter=1 cap=12.1 cap_ok=1 tp_rank=1 tp_size=4 prefill_layer_calls=15792 thin_calls=304 row_tile_calls=0 fallback_calls=kernel=0,batched=0,sorted=0,legacy=15487 fallback_reasons=legacy_default=15487,thin_only=304 fat_expert_runs=390566 direct_calls=0 scatter_calls=0 fat_layers=15488 fat_expert_slots=390577 max_rows=2048 fused_temps_allocs=1 fused_temps_bytes=14155776 fat_scratch_allocs=0 fat_scratch_bytes=0 fat_scratch_peak_bytes=0
(Worker_TP1 pid=1239) INFO 09-03 11:11:32 [exl3.py:451] exl3 fat-expert P0: layers=15834 fat_layers=15530 (98.1%) fat_expert_slots=391681 max_rows=2048 avg_max_rows=1407.8 hist_le128=304 hist_gt128=15530 hist=[0, 21, 51, 232, 97, 1298, 1865, 12270, 0]
(Worker_TP1 pid=1239) INFO 09-03 11:11:32 [exl3.py:464] exl3 e2 diag schema=1 configured_tier=legacy effective_tier=legacy tier_reason=none_requested shared_suh=1 shared_suh_layers=42/42 sym_exl3_moe=1 sym_fat_gemm=1 sym_fat_gemm_scatter=1 cap=12.1 cap_ok=1 tp_rank=1 tp_size=4 prefill_layer_calls=15834 thin_calls=304 row_tile_calls=0 fallback_calls=kernel=0,batched=0,sorted=0,legacy=15529 fallback_reasons=legacy_default=15529,thin_only=304 fat_expert_runs=391670 direct_calls=0 scatter_calls=0 fat_layers=15530 fat_expert_slots=391681 max_rows=2048 fused_temps_allocs=1 fused_temps_bytes=14155776 fat_scratch_allocs=0 fat_scratch_bytes=0 fat_scratch_peak_bytes=0
(Worker_TP1 pid=1239) INFO 09-03 11:11:34 [exl3.py:451] exl3 fat-expert P0: layers=15876 fat_layers=15572 (98.1%) fat_expert_slots=392789 max_rows=2048 avg_max_rows=1407.8 hist_le128=304 hist_gt128=15572 hist=[0, 21, 51, 232, 97, 1302, 1870, 12303, 0]
(Worker_TP1 pid=1239) INFO 09-03 11:11:34 [exl3.py:464] exl3 e2 diag schema=1 configured_tier=legacy effective_tier=legacy tier_reason=none_requested shared_suh=1 shared_suh_layers=42/42 sym_exl3_moe=1 sym_fat_gemm=1 sym_fat_gemm_scatter=1 cap=12.1 cap_ok=1 tp_rank=1 tp_size=4 prefill_layer_calls=15876 thin_calls=304 row_tile_calls=0 fallback_calls=kernel=0,batched=0,sorted=0,legacy=15571 fallback_reasons=legacy_default=15571,thin_only=304 fat_expert_runs=392778 direct_calls=0 scatter_calls=0 fat_layers=15572 fat_expert_slots=392789 max_rows=2048 fused_temps_allocs=1 fused_temps_bytes=14155776 fat_scratch_allocs=0 fat_scratch_bytes=0 fat_scratch_peak_bytes=0
(Worker_TP1 pid=1239) INFO 09-03 11:11:35 [exl3.py:451] exl3 fat-expert P0: layers=15918 fat_layers=15614 (98.1%) fat_expert_slots=393886 max_rows=2048 avg_max_rows=1407.8 hist_le128=304 hist_gt128=15614 hist=[0, 21, 51, 232, 97, 1305, 1876, 12336, 0]
(Worker_TP1 pid=1239) INFO 09-03 11:11:35 [exl3.py:464] exl3 e2 diag schema=1 configured_tier=legacy effective_tier=legacy tier_reason=none_requested shared_suh=1 shared_suh_layers=42/42 sym_exl3_moe=1 sym_fat_gemm=1 sym_fat_gemm_scatter=1 cap=12.1 cap_ok=1 tp_rank=1 tp_size=4 prefill_layer_calls=15918 thin_calls=304 row_tile_calls=0 fallback_calls=kernel=0,batched=0,sorted=0,legacy=15613 fallback_reasons=legacy_default=15613,thin_only=304 fat_expert_runs=393875 direct_calls=0 scatter_calls=0 fat_layers=15614 fat_expert_slots=393886 max_rows=2048 fused_temps_allocs=1 fused_temps_bytes=14155776 fat_scratch_allocs=0 fat_scratch_bytes=0 fat_scratch_peak_bytes=0
(Worker_TP1 pid=1239) INFO 09-03 11:11:37 [exl3.py:451] exl3 fat-expert P0: layers=15960 fat_layers=15656 (98.1%) fat_expert_slots=394999 max_rows=2048 avg_max_rows=1407.8 hist_le128=304 hist_gt128=15656 hist=[0, 21, 51, 232, 97, 1309, 1882, 12368, 0]
(Worker_TP1 pid=1239) INFO 09-03 11:11:37 [exl3.py:464] exl3 e2 diag schema=1 configured_tier=legacy effective_tier=legacy tier_reason=none_requested shared_suh=1 shared_suh_layers=42/42 sym_exl3_moe=1 sym_fat_gemm=1 sym_fat_gemm_scatter=1 cap=12.1 cap_ok=1 tp_rank=1 tp_size=4 prefill_layer_calls=15960 thin_calls=304 row_tile_calls=0 fallback_calls=kernel=0,batched=0,sorted=0,legacy=15655 fallback_reasons=legacy_default=15655,thin_only=304 fat_expert_runs=394988 direct_calls=0 scatter_calls=0 fat_layers=15656 fat_expert_slots=394999 max_rows=2048 fused_temps_allocs=1 fused_temps_bytes=14155776 fat_scratch_allocs=0 fat_scratch_bytes=0 fat_scratch_peak_bytes=0
(Worker_TP1 pid=1239) INFO 09-03 11:11:39 [exl3.py:451] exl3 fat-expert P0: layers=16002 fat_layers=15698 (98.1%) fat_expert_slots=396100 max_rows=2048 avg_max_rows=1407.8 hist_le128=304 hist_gt128=15698 hist=[0, 21, 51, 232, 97, 1312, 1889, 12400, 0]
(Worker_TP1 pid=1239) INFO 09-03 11:11:39 [exl3.py:464] exl3 e2 diag schema=1 configured_tier=legacy effective_tier=legacy tier_reason=none_requested shared_suh=1 shared_suh_layers=42/42 sym_exl3_moe=1 sym_fat_gemm=1 sym_fat_gemm_scatter=1 cap=12.1 cap_ok=1 tp_rank=1 tp_size=4 prefill_layer_calls=16002 thin_calls=304 row_tile_calls=0 fallback_calls=kernel=0,batched=0,sorted=0,legacy=15697 fallback_reasons=legacy_default=15697,thin_only=304 fat_expert_runs=396089 direct_calls=0 scatter_calls=0 fat_layers=15698 fat_expert_slots=396100 max_rows=2048 fused_temps_allocs=1 fused_temps_bytes=14155776 fat_scratch_allocs=0 fat_scratch_bytes=0 fat_scratch_peak_bytes=0
(Worker_TP1 pid=1239) INFO 09-03 11:11:41 [exl3.py:451] exl3 fat-expert P0: layers=16044 fat_layers=15740 (98.1%) fat_expert_slots=397193 max_rows=2048 avg_max_rows=1407.8 hist_le128=304 hist_gt128=15740 hist=[0, 21, 51, 232, 97, 1316, 1895, 12432, 0]
(Worker_TP1 pid=1239) INFO 09-03 11:11:41 [exl3.py:464] exl3 e2 diag schema=1 configured_tier=legacy effective_tier=legacy tier_reason=none_requested shared_suh=1 shared_suh_layers=42/42 sym_exl3_moe=1 sym_fat_gemm=1 sym_fat_gemm_scatter=1 cap=12.1 cap_ok=1 tp_rank=1 tp_size=4 prefill_layer_calls=16044 thin_calls=304 row_tile_calls=0 fallback_calls=kernel=0,batched=0,sorted=0,legacy=15739 fallback_reasons=legacy_default=15739,thin_only=304 fat_expert_runs=397182 direct_calls=0 scatter_calls=0 fat_layers=15740 fat_expert_slots=397193 max_rows=2048 fused_temps_allocs=1 fused_temps_bytes=14155776 fat_scratch_allocs=0 fat_scratch_bytes=0 fat_scratch_peak_bytes=0
(Worker_TP1 pid=1239) INFO 09-03 11:11:42 [exl3.py:451] exl3 fat-expert P0: layers=16086 fat_layers=15782 (98.1%) fat_expert_slots=397987 max_rows=2048 avg_max_rows=1406.7 hist_le128=304 hist_gt128=15782 hist=[0, 21, 51, 232, 98, 1321, 1908, 12455, 0]
(Worker_TP1 pid=1239) INFO 09-03 11:11:42 [exl3.py:464] exl3 e2 diag schema=1 configured_tier=legacy effective_tier=legacy tier_reason=none_requested shared_suh=1 shared_suh_layers=42/42 sym_exl3_moe=1 sym_fat_gemm=1 sym_fat_gemm_scatter=1 cap=12.1 cap_ok=1 tp_rank=1 tp_size=4 prefill_layer_calls=16086 thin_calls=304 row_tile_calls=0 fallback_calls=kernel=0,batched=0,sorted=0,legacy=15781 fallback_reasons=legacy_default=15781,thin_only=304 fat_expert_runs=397976 direct_calls=0 scatter_calls=0 fat_layers=15782 fat_expert_slots=397987 max_rows=2048 fused_temps_allocs=1 fused_temps_bytes=14155776 fat_scratch_allocs=0 fat_scratch_bytes=0 fat_scratch_peak_bytes=0
(Worker_TP1 pid=1239) INFO 09-03 11:11:48 [exl3.py:451] exl3 fat-expert P0: layers=16128 fat_layers=15824 (98.1%) fat_expert_slots=399083 max_rows=2048 avg_max_rows=1406.7 hist_le128=304 hist_gt128=15824 hist=[0, 21, 51, 232, 98, 1324, 1912, 12490, 0]
(Worker_TP1 pid=1239) INFO 09-03 11:11:48 [exl3.py:464] exl3 e2 diag schema=1 configured_tier=legacy effective_tier=legacy tier_reason=none_requested shared_suh=1 shared_suh_layers=42/42 sym_exl3_moe=1 sym_fat_gemm=1 sym_fat_gemm_scatter=1 cap=12.1 cap_ok=1 tp_rank=1 tp_size=4 prefill_layer_calls=16128 thin_calls=304 row_tile_calls=0 fallback_calls=kernel=0,batched=0,sorted=0,legacy=15823 fallback_reasons=legacy_default=15823,thin_only=304 fat_expert_runs=399060 direct_calls=0 scatter_calls=0 fat_layers=15824 fat_expert_slots=399083 max_rows=2048 fused_temps_allocs=1 fused_temps_bytes=14155776 fat_scratch_allocs=0 fat_scratch_bytes=0 fat_scratch_peak_bytes=0
(Worker_TP1 pid=1239) INFO 09-03 11:11:49 [exl3.py:451] exl3 fat-expert P0: layers=16170 fat_layers=15866 (98.1%) fat_expert_slots=400167 max_rows=2048 avg_max_rows=1406.8 hist_le128=304 hist_gt128=15866 hist=[0, 21, 51, 232, 98, 1328, 1916, 12524, 0]
(Worker_TP1 pid=1239) INFO 09-03 11:11:49 [exl3.py:464] exl3 e2 diag schema=1 configured_tier=legacy effective_tier=legacy tier_reason=none_requested shared_suh=1 shared_suh_layers=42/42 sym_exl3_moe=1 sym_fat_gemm=1 sym_fat_gemm_scatter=1 cap=12.1 cap_ok=1 tp_rank=1 tp_size=4 prefill_layer_calls=16170 thin_calls=304 row_tile_calls=0 fallback_calls=kernel=0,batched=0,sorted=0,legacy=15865 fallback_reasons=legacy_default=15865,thin_only=304 fat_expert_runs=400145 direct_calls=0 scatter_calls=0 fat_layers=15866 fat_expert_slots=400167 max_rows=2048 fused_temps_allocs=1 fused_temps_bytes=14155776 fat_scratch_allocs=0 fat_scratch_bytes=0 fat_scratch_peak_bytes=0
(Worker_TP1 pid=1239) INFO 09-03 11:11:51 [exl3.py:451] exl3 fat-expert P0: layers=16212 fat_layers=15908 (98.1%) fat_expert_slots=401223 max_rows=2048 avg_max_rows=1406.9 hist_le128=304 hist_gt128=15908 hist=[0, 21, 51, 232, 98, 1332, 1920, 12558, 0]
(Worker_TP1 pid=1239) INFO 09-03 11:11:51 [exl3.py:464] exl3 e2 diag schema=1 configured_tier=legacy effective_tier=legacy tier_reason=none_requested shared_suh=1 shared_suh_layers=42/42 sym_exl3_moe=1 sym_fat_gemm=1 sym_fat_gemm_scatter=1 cap=12.1 cap_ok=1 tp_rank=1 tp_size=4 prefill_layer_calls=16212 thin_calls=304 row_tile_calls=0 fallback_calls=kernel=0,batched=0,sorted=0,legacy=15907 fallback_reasons=legacy_default=15907,thin_only=304 fat_expert_runs=401204 direct_calls=0 scatter_calls=0 fat_layers=15908 fat_expert_slots=401223 max_rows=2048 fused_temps_allocs=1 fused_temps_bytes=14155776 fat_scratch_allocs=0 fat_scratch_bytes=0 fat_scratch_peak_bytes=0
(Worker_TP1 pid=1239) INFO 09-03 11:11:53 [exl3.py:451] exl3 fat-expert P0: layers=16254 fat_layers=15950 (98.1%) fat_expert_slots=402284 max_rows=2048 avg_max_rows=1407.1 hist_le128=304 hist_gt128=15950 hist=[0, 21, 51, 232, 98, 1336, 1923, 12593, 0]
(Worker_TP1 pid=1239) INFO 09-03 11:11:53 [exl3.py:464] exl3 e2 diag schema=1 configured_tier=legacy effective_tier=legacy tier_reason=none_requested shared_suh=1 shared_suh_layers=42/42 sym_exl3_moe=1 sym_fat_gemm=1 sym_fat_gemm_scatter=1 cap=12.1 cap_ok=1 tp_rank=1 tp_size=4 prefill_layer_calls=16254 thin_calls=304 row_tile_calls=0 fallback_calls=kernel=0,batched=0,sorted=0,legacy=15949 fallback_reasons=legacy_default=15949,thin_only=304 fat_expert_runs=402263 direct_calls=0 scatter_calls=0 fat_layers=15950 fat_expert_slots=402284 max_rows=2048 fused_temps_allocs=1 fused_temps_bytes=14155776 fat_scratch_allocs=0 fat_scratch_bytes=0 fat_scratch_peak_bytes=0
(Worker_TP1 pid=1239) INFO 09-03 11:11:54 [exl3.py:451] exl3 fat-expert P0: layers=16296 fat_layers=15992 (98.1%) fat_expert_slots=403345 max_rows=2048 avg_max_rows=1407.2 hist_le128=304 hist_gt128=15992 hist=[0, 21, 51, 232, 98, 1340, 1926, 12628, 0]
(Worker_TP1 pid=1239) INFO 09-03 11:11:54 [exl3.py:464] exl3 e2 diag schema=1 configured_tier=legacy effective_tier=legacy tier_reason=none_requested shared_suh=1 shared_suh_layers=42/42 sym_exl3_moe=1 sym_fat_gemm=1 sym_fat_gemm_scatter=1 cap=12.1 cap_ok=1 tp_rank=1 tp_size=4 prefill_layer_calls=16296 thin_calls=304 row_tile_calls=0 fallback_calls=kernel=0,batched=0,sorted=0,legacy=15991 fallback_reasons=legacy_default=15991,thin_only=304 fat_expert_runs=403324 direct_calls=0 scatter_calls=0 fat_layers=15992 fat_expert_slots=403345 max_rows=2048 fused_temps_allocs=1 fused_temps_bytes=14155776 fat_scratch_allocs=0 fat_scratch_bytes=0 fat_scratch_peak_bytes=0
(Worker_TP1 pid=1239) INFO 09-03 11:11:56 [exl3.py:451] exl3 fat-expert P0: layers=16338 fat_layers=16034 (98.1%) fat_expert_slots=404393 max_rows=2048 avg_max_rows=1407.4 hist_le128=304 hist_gt128=16034 hist=[0, 21, 51, 232, 98, 1344, 1929, 12663, 0]
(Worker_TP1 pid=1239) INFO 09-03 11:11:56 [exl3.py:464] exl3 e2 diag schema=1 configured_tier=legacy effective_tier=legacy tier_reason=none_requested shared_suh=1 shared_suh_layers=42/42 sym_exl3_moe=1 sym_fat_gemm=1 sym_fat_gemm_scatter=1 cap=12.1 cap_ok=1 tp_rank=1 tp_size=4 prefill_layer_calls=16338 thin_calls=304 row_tile_calls=0 fallback_calls=kernel=0,batched=0,sorted=0,legacy=16033 fallback_reasons=legacy_default=16033,thin_only=304 fat_expert_runs=404370 direct_calls=0 scatter_calls=0 fat_layers=16034 fat_expert_slots=404393 max_rows=2048 fused_temps_allocs=1 fused_temps_bytes=14155776 fat_scratch_allocs=0 fat_scratch_bytes=0 fat_scratch_peak_bytes=0
(Worker_TP1 pid=1239) INFO 09-03 11:11:58 [exl3.py:451] exl3 fat-expert P0: layers=16380 fat_layers=16076 (98.1%) fat_expert_slots=405448 max_rows=2048 avg_max_rows=1407.6 hist_le128=304 hist_gt128=16076 hist=[0, 21, 51, 232, 98, 1347, 1934, 12697, 0]
(Worker_TP1 pid=1239) INFO 09-03 11:11:58 [exl3.py:464] exl3 e2 diag schema=1 configured_tier=legacy effective_tier=legacy tier_reason=none_requested shared_suh=1 shared_suh_layers=42/42 sym_exl3_moe=1 sym_fat_gemm=1 sym_fat_gemm_scatter=1 cap=12.1 cap_ok=1 tp_rank=1 tp_size=4 prefill_layer_calls=16380 thin_calls=304 row_tile_calls=0 fallback_calls=kernel=0,batched=0,sorted=0,legacy=16075 fallback_reasons=legacy_default=16075,thin_only=304 fat_expert_runs=405425 direct_calls=0 scatter_calls=0 fat_layers=16076 fat_expert_slots=405448 max_rows=2048 fused_temps_allocs=1 fused_temps_bytes=14155776 fat_scratch_allocs=0 fat_scratch_bytes=0 fat_scratch_peak_bytes=0
(Worker_TP1 pid=1239) INFO 09-03 11:12:00 [exl3.py:451] exl3 fat-expert P0: layers=16422 fat_layers=16118 (98.1%) fat_expert_slots=406513 max_rows=2048 avg_max_rows=1407.7 hist_le128=304 hist_gt128=16118 hist=[0, 21, 51, 232, 98, 1351, 1937, 12732, 0]
(Worker_TP1 pid=1239) INFO 09-03 11:12:00 [exl3.py:464] exl3 e2 diag schema=1 configured_tier=legacy effective_tier=legacy tier_reason=none_requested shared_suh=1 shared_suh_layers=42/42 sym_exl3_moe=1 sym_fat_gemm=1 sym_fat_gemm_scatter=1 cap=12.1 cap_ok=1 tp_rank=1 tp_size=4 prefill_layer_calls=16422 thin_calls=304 row_tile_calls=0 fallback_calls=kernel=0,batched=0,sorted=0,legacy=16117 fallback_reasons=legacy_default=16117,thin_only=304 fat_expert_runs=406492 direct_calls=0 scatter_calls=0 fat_layers=16118 fat_expert_slots=406513 max_rows=2048 fused_temps_allocs=1 fused_temps_bytes=14155776 fat_scratch_allocs=0 fat_scratch_bytes=0 fat_scratch_peak_bytes=0
(Worker_TP1 pid=1239) INFO 09-03 11:12:01 [exl3.py:451] exl3 fat-expert P0: layers=16464 fat_layers=16160 (98.2%) fat_expert_slots=407556 max_rows=2048 avg_max_rows=1407.9 hist_le128=304 hist_gt128=16160 hist=[0, 21, 51, 232, 98, 1354, 1942, 12766, 0]
(Worker_TP1 pid=1239) INFO 09-03 11:12:01 [exl3.py:464] exl3 e2 diag schema=1 configured_tier=legacy effective_tier=legacy tier_reason=none_requested shared_suh=1 shared_suh_layers=42/42 sym_exl3_moe=1 sym_fat_gemm=1 sym_fat_gemm_scatter=1 cap=12.1 cap_ok=1 tp_rank=1 tp_size=4 prefill_layer_calls=16464 thin_calls=304 row_tile_calls=0 fallback_calls=kernel=0,batched=0,sorted=0,legacy=16159 fallback_reasons=legacy_default=16159,thin_only=304 fat_expert_runs=407537 direct_calls=0 scatter_calls=0 fat_layers=16160 fat_expert_slots=407556 max_rows=2048 fused_temps_allocs=1 fused_temps_bytes=14155776 fat_scratch_allocs=0 fat_scratch_bytes=0 fat_scratch_peak_bytes=0
(Worker_TP1 pid=1239) INFO 09-03 11:12:03 [exl3.py:451] exl3 fat-expert P0: layers=16506 fat_layers=16202 (98.2%) fat_expert_slots=408604 max_rows=2048 avg_max_rows=1408.1 hist_le128=304 hist_gt128=16202 hist=[0, 21, 51, 232, 98, 1358, 1947, 12799, 0]
(Worker_TP1 pid=1239) INFO 09-03 11:12:03 [exl3.py:464] exl3 e2 diag schema=1 configured_tier=legacy effective_tier=legacy tier_reason=none_requested shared_suh=1 shared_suh_layers=42/42 sym_exl3_moe=1 sym_fat_gemm=1 sym_fat_gemm_scatter=1 cap=12.1 cap_ok=1 tp_rank=1 tp_size=4 prefill_layer_calls=16506 thin_calls=304 row_tile_calls=0 fallback_calls=kernel=0,batched=0,sorted=0,legacy=16201 fallback_reasons=legacy_default=16201,thin_only=304 fat_expert_runs=408587 direct_calls=0 scatter_calls=0 fat_layers=16202 fat_expert_slots=408604 max_rows=2048 fused_temps_allocs=1 fused_temps_bytes=14155776 fat_scratch_allocs=0 fat_scratch_bytes=0 fat_scratch_peak_bytes=0
(Worker_TP1 pid=1239) INFO 09-03 11:12:05 [exl3.py:451] exl3 fat-expert P0: layers=16548 fat_layers=16244 (98.2%) fat_expert_slots=409659 max_rows=2048 avg_max_rows=1408.2 hist_le128=304 hist_gt128=16244 hist=[0, 21, 51, 232, 98, 1361, 1953, 12832, 0]
(Worker_TP1 pid=1239) INFO 09-03 11:12:05 [exl3.py:464] exl3 e2 diag schema=1 configured_tier=legacy effective_tier=legacy tier_reason=none_requested shared_suh=1 shared_suh_layers=42/42 sym_exl3_moe=1 sym_fat_gemm=1 sym_fat_gemm_scatter=1 cap=12.1 cap_ok=1 tp_rank=1 tp_size=4 prefill_layer_calls=16548 thin_calls=304 row_tile_calls=0 fallback_calls=kernel=0,batched=0,sorted=0,legacy=16243 fallback_reasons=legacy_default=16243,thin_only=304 fat_expert_runs=409637 direct_calls=0 scatter_calls=0 fat_layers=16244 fat_expert_slots=409659 max_rows=2048 fused_temps_allocs=1 fused_temps_bytes=14155776 fat_scratch_allocs=0 fat_scratch_bytes=0 fat_scratch_peak_bytes=0
(Worker_TP1 pid=1239) INFO 09-03 11:12:06 [exl3.py:451] exl3 fat-expert P0: layers=16590 fat_layers=16286 (98.2%) fat_expert_slots=410706 max_rows=2048 avg_max_rows=1408.4 hist_le128=304 hist_gt128=16286 hist=[0, 21, 51, 232, 98, 1364, 1960, 12864, 0]
(Worker_TP1 pid=1239) INFO 09-03 11:12:06 [exl3.py:464] exl3 e2 diag schema=1 configured_tier=legacy effective_tier=legacy tier_reason=none_requested shared_suh=1 shared_suh_layers=42/42 sym_exl3_moe=1 sym_fat_gemm=1 sym_fat_gemm_scatter=1 cap=12.1 cap_ok=1 tp_rank=1 tp_size=4 prefill_layer_calls=16590 thin_calls=304 row_tile_calls=0 fallback_calls=kernel=0,batched=0,sorted=0,legacy=16285 fallback_reasons=legacy_default=16285,thin_only=304 fat_expert_runs=410684 direct_calls=0 scatter_calls=0 fat_layers=16286 fat_expert_slots=410706 max_rows=2048 fused_temps_allocs=1 fused_temps_bytes=14155776 fat_scratch_allocs=0 fat_scratch_bytes=0 fat_scratch_peak_bytes=0
(Worker_TP1 pid=1239) INFO 09-03 11:12:07 [exl3.py:451] exl3 fat-expert P0: layers=16632 fat_layers=16317 (98.1%) fat_expert_slots=410791 max_rows=2048 avg_max_rows=1405.2 hist_le128=315 hist_gt128=16317 hist=[0, 21, 56, 238, 129, 1364, 1960, 12864, 0]
(Worker_TP1 pid=1239) INFO 09-03 11:12:07 [exl3.py:464] exl3 e2 diag schema=1 configured_tier=legacy effective_tier=legacy tier_reason=none_requested shared_suh=1 shared_suh_layers=42/42 sym_exl3_moe=1 sym_fat_gemm=1 sym_fat_gemm_scatter=1 cap=12.1 cap_ok=1 tp_rank=1 tp_size=4 prefill_layer_calls=16632 thin_calls=315 row_tile_calls=0 fallback_calls=kernel=0,batched=0,sorted=0,legacy=16316 fallback_reasons=legacy_default=16316,thin_only=315 fat_expert_runs=410789 direct_calls=0 scatter_calls=0 fat_layers=16317 fat_expert_slots=410791 max_rows=2048 fused_temps_allocs=1 fused_temps_bytes=14155776 fat_scratch_allocs=0 fat_scratch_bytes=0 fat_scratch_peak_bytes=0
(Worker_TP1 pid=1239) INFO 09-03 11:12:23 [exl3.py:451] exl3 fat-expert P0: layers=16674 fat_layers=16359 (98.1%) fat_expert_slots=411868 max_rows=2048 avg_max_rows=1405.1 hist_le128=315 hist_gt128=16359 hist=[0, 21, 56, 238, 129, 1368, 1964, 12898, 0]
(Worker_TP1 pid=1239) INFO 09-03 11:12:23 [exl3.py:464] exl3 e2 diag schema=1 configured_tier=legacy effective_tier=legacy tier_reason=none_requested shared_suh=1 shared_suh_layers=42/42 sym_exl3_moe=1 sym_fat_gemm=1 sym_fat_gemm_scatter=1 cap=12.1 cap_ok=1 tp_rank=1 tp_size=4 prefill_layer_calls=16674 thin_calls=315 row_tile_calls=0 fallback_calls=kernel=0,batched=0,sorted=0,legacy=16358 fallback_reasons=legacy_default=16358,thin_only=315 fat_expert_runs=411845 direct_calls=0 scatter_calls=0 fat_layers=16359 fat_expert_slots=411868 max_rows=2048 fused_temps_allocs=1 fused_temps_bytes=14155776 fat_scratch_allocs=0 fat_scratch_bytes=0 fat_scratch_peak_bytes=0
(Worker_TP1 pid=1239) INFO 09-03 11:12:25 [exl3.py:451] exl3 fat-expert P0: layers=16716 fat_layers=16401 (98.1%) fat_expert_slots=412938 max_rows=2048 avg_max_rows=1405.2 hist_le128=315 hist_gt128=16401 hist=[0, 21, 56, 238, 129, 1372, 1968, 12932, 0]
(Worker_TP1 pid=1239) INFO 09-03 11:12:25 [exl3.py:464] exl3 e2 diag schema=1 configured_tier=legacy effective_tier=legacy tier_reason=none_requested shared_suh=1 shared_suh_layers=42/42 sym_exl3_moe=1 sym_fat_gemm=1 sym_fat_gemm_scatter=1 cap=12.1 cap_ok=1 tp_rank=1 tp_size=4 prefill_layer_calls=16716 thin_calls=315 row_tile_calls=0 fallback_calls=kernel=0,batched=0,sorted=0,legacy=16400 fallback_reasons=legacy_default=16400,thin_only=315 fat_expert_runs=412915 direct_calls=0 scatter_calls=0 fat_layers=16401 fat_expert_slots=412938 max_rows=2048 fused_temps_allocs=1 fused_temps_bytes=14155776 fat_scratch_allocs=0 fat_scratch_bytes=0 fat_scratch_peak_bytes=0
(Worker_TP1 pid=1239) INFO 09-03 11:12:26 [exl3.py:451] exl3 fat-expert P0: layers=16758 fat_layers=16443 (98.1%) fat_expert_slots=413995 max_rows=2048 avg_max_rows=1405.4 hist_le128=315 hist_gt128=16443 hist=[0, 21, 56, 238, 129, 1376, 1972, 12966, 0]
(Worker_TP1 pid=1239) INFO 09-03 11:12:26 [exl3.py:464] exl3 e2 diag schema=1 configured_tier=legacy effective_tier=legacy tier_reason=none_requested shared_suh=1 shared_suh_layers=42/42 sym_exl3_moe=1 sym_fat_gemm=1 sym_fat_gemm_scatter=1 cap=12.1 cap_ok=1 tp_rank=1 tp_size=4 prefill_layer_calls=16758 thin_calls=315 row_tile_calls=0 fallback_calls=kernel=0,batched=0,sorted=0,legacy=16442 fallback_reasons=legacy_default=16442,thin_only=315 fat_expert_runs=413970 direct_calls=0 scatter_calls=0 fat_layers=16443 fat_expert_slots=413995 max_rows=2048 fused_temps_allocs=1 fused_temps_bytes=14155776 fat_scratch_allocs=0 fat_scratch_bytes=0 fat_scratch_peak_bytes=0
(Worker_TP1 pid=1239) INFO 09-03 11:12:28 [exl3.py:451] exl3 fat-expert P0: layers=16800 fat_layers=16485 (98.1%) fat_expert_slots=415038 max_rows=2048 avg_max_rows=1405.5 hist_le128=315 hist_gt128=16485 hist=[0, 21, 56, 238, 129, 1380, 1975, 13001, 0]
(Worker_TP1 pid=1239) INFO 09-03 11:12:28 [exl3.py:464] exl3 e2 diag schema=1 configured_tier=legacy effective_tier=legacy tier_reason=none_requested shared_suh=1 shared_suh_layers=42/42 sym_exl3_moe=1 sym_fat_gemm=1 sym_fat_gemm_scatter=1 cap=12.1 cap_ok=1 tp_rank=1 tp_size=4 prefill_layer_calls=16800 thin_calls=315 row_tile_calls=0 fallback_calls=kernel=0,batched=0,sorted=0,legacy=16484 fallback_reasons=legacy_default=16484,thin_only=315 fat_expert_runs=415017 direct_calls=0 scatter_calls=0 fat_layers=16485 fat_expert_slots=415038 max_rows=2048 fused_temps_allocs=1 fused_temps_bytes=14155776 fat_scratch_allocs=0 fat_scratch_bytes=0 fat_scratch_peak_bytes=0
(Worker_TP1 pid=1239) INFO 09-03 11:12:30 [exl3.py:451] exl3 fat-expert P0: layers=16842 fat_layers=16527 (98.1%) fat_expert_slots=416109 max_rows=2048 avg_max_rows=1405.7 hist_le128=315 hist_gt128=16527 hist=[0, 21, 56, 238, 129, 1384, 1978, 13036, 0]
(Worker_TP1 pid=1239) INFO 09-03 11:12:30 [exl3.py:464] exl3 e2 diag schema=1 configured_tier=legacy effective_tier=legacy tier_reason=none_requested shared_suh=1 shared_suh_layers=42/42 sym_exl3_moe=1 sym_fat_gemm=1 sym_fat_gemm_scatter=1 cap=12.1 cap_ok=1 tp_rank=1 tp_size=4 prefill_layer_calls=16842 thin_calls=315 row_tile_calls=0 fallback_calls=kernel=0,batched=0,sorted=0,legacy=16526 fallback_reasons=legacy_default=16526,thin_only=315 fat_expert_runs=416087 direct_calls=0 scatter_calls=0 fat_layers=16527 fat_expert_slots=416109 max_rows=2048 fused_temps_allocs=1 fused_temps_bytes=14155776 fat_scratch_allocs=0 fat_scratch_bytes=0 fat_scratch_peak_bytes=0
(Worker_TP1 pid=1239) INFO 09-03 11:12:31 [exl3.py:451] exl3 fat-expert P0: layers=16884 fat_layers=16569 (98.1%) fat_expert_slots=417142 max_rows=2048 avg_max_rows=1405.9 hist_le128=315 hist_gt128=16569 hist=[0, 21, 56, 238, 129, 1387, 1982, 13071, 0]
(Worker_TP1 pid=1239) INFO 09-03 11:12:31 [exl3.py:464] exl3 e2 diag schema=1 configured_tier=legacy effective_tier=legacy tier_reason=none_requested shared_suh=1 shared_suh_layers=42/42 sym_exl3_moe=1 sym_fat_gemm=1 sym_fat_gemm_scatter=1 cap=12.1 cap_ok=1 tp_rank=1 tp_size=4 prefill_layer_calls=16884 thin_calls=315 row_tile_calls=0 fallback_calls=kernel=0,batched=0,sorted=0,legacy=16568 fallback_reasons=legacy_default=16568,thin_only=315 fat_expert_runs=417125 direct_calls=0 scatter_calls=0 fat_layers=16569 fat_expert_slots=417142 max_rows=2048 fused_temps_allocs=1 fused_temps_bytes=14155776 fat_scratch_allocs=0 fat_scratch_bytes=0 fat_scratch_peak_bytes=0
(Worker_TP1 pid=1239) INFO 09-03 11:12:33 [exl3.py:451] exl3 fat-expert P0: layers=16926 fat_layers=16611 (98.1%) fat_expert_slots=418185 max_rows=2048 avg_max_rows=1406.0 hist_le128=315 hist_gt128=16611 hist=[0, 21, 56, 238, 129, 1390, 1987, 13105, 0]
(Worker_TP1 pid=1239) INFO 09-03 11:12:33 [exl3.py:464] exl3 e2 diag schema=1 configured_tier=legacy effective_tier=legacy tier_reason=none_requested shared_suh=1 shared_suh_layers=42/42 sym_exl3_moe=1 sym_fat_gemm=1 sym_fat_gemm_scatter=1 cap=12.1 cap_ok=1 tp_rank=1 tp_size=4 prefill_layer_calls=16926 thin_calls=315 row_tile_calls=0 fallback_calls=kernel=0,batched=0,sorted=0,legacy=16610 fallback_reasons=legacy_default=16610,thin_only=315 fat_expert_runs=418164 direct_calls=0 scatter_calls=0 fat_layers=16611 fat_expert_slots=418185 max_rows=2048 fused_temps_allocs=1 fused_temps_bytes=14155776 fat_scratch_allocs=0 fat_scratch_bytes=0 fat_scratch_peak_bytes=0
(Worker_TP1 pid=1239) INFO 09-03 11:12:35 [exl3.py:451] exl3 fat-expert P0: layers=16968 fat_layers=16653 (98.1%) fat_expert_slots=419216 max_rows=2048 avg_max_rows=1406.2 hist_le128=315 hist_gt128=16653 hist=[0, 21, 56, 238, 129, 1393, 1991, 13140, 0]
(Worker_TP1 pid=1239) INFO 09-03 11:12:35 [exl3.py:464] exl3 e2 diag schema=1 configured_tier=legacy effective_tier=legacy tier_reason=none_requested shared_suh=1 shared_suh_layers=42/42 sym_exl3_moe=1 sym_fat_gemm=1 sym_fat_gemm_scatter=1 cap=12.1 cap_ok=1 tp_rank=1 tp_size=4 prefill_layer_calls=16968 thin_calls=315 row_tile_calls=0 fallback_calls=kernel=0,batched=0,sorted=0,legacy=16652 fallback_reasons=legacy_default=16652,thin_only=315 fat_expert_runs=419196 direct_calls=0 scatter_calls=0 fat_layers=16653 fat_expert_slots=419216 max_rows=2048 fused_temps_allocs=1 fused_temps_bytes=14155776 fat_scratch_allocs=0 fat_scratch_bytes=0 fat_scratch_peak_bytes=0
(Worker_TP1 pid=1239) INFO 09-03 11:12:37 [exl3.py:451] exl3 fat-expert P0: layers=17010 fat_layers=16695 (98.1%) fat_expert_slots=420265 max_rows=2048 avg_max_rows=1406.3 hist_le128=315 hist_gt128=16695 hist=[0, 21, 56, 238, 129, 1396, 1995, 13175, 0]
(Worker_TP1 pid=1239) INFO 09-03 11:12:37 [exl3.py:464] exl3 e2 diag schema=1 configured_tier=legacy effective_tier=legacy tier_reason=none_requested shared_suh=1 shared_suh_layers=42/42 sym_exl3_moe=1 sym_fat_gemm=1 sym_fat_gemm_scatter=1 cap=12.1 cap_ok=1 tp_rank=1 tp_size=4 prefill_layer_calls=17010 thin_calls=315 row_tile_calls=0 fallback_calls=kernel=0,batched=0,sorted=0,legacy=16694 fallback_reasons=legacy_default=16694,thin_only=315 fat_expert_runs=420248 direct_calls=0 scatter_calls=0 fat_layers=16695 fat_expert_slots=420265 max_rows=2048 fused_temps_allocs=1 fused_temps_bytes=14155776 fat_scratch_allocs=0 fat_scratch_bytes=0 fat_scratch_peak_bytes=0
(Worker_TP1 pid=1239) INFO 09-03 11:12:38 [exl3.py:451] exl3 fat-expert P0: layers=17052 fat_layers=16737 (98.2%) fat_expert_slots=421309 max_rows=2048 avg_max_rows=1406.5 hist_le128=315 hist_gt128=16737 hist=[0, 21, 56, 238, 129, 1399, 1999, 13210, 0]
(Worker_TP1 pid=1239) INFO 09-03 11:12:38 [exl3.py:464] exl3 e2 diag schema=1 configured_tier=legacy effective_tier=legacy tier_reason=none_requested shared_suh=1 shared_suh_layers=42/42 sym_exl3_moe=1 sym_fat_gemm=1 sym_fat_gemm_scatter=1 cap=12.1 cap_ok=1 tp_rank=1 tp_size=4 prefill_layer_calls=17052 thin_calls=315 row_tile_calls=0 fallback_calls=kernel=0,batched=0,sorted=0,legacy=16736 fallback_reasons=legacy_default=16736,thin_only=315 fat_expert_runs=421294 direct_calls=0 scatter_calls=0 fat_layers=16737 fat_expert_slots=421309 max_rows=2048 fused_temps_allocs=1 fused_temps_bytes=14155776 fat_scratch_allocs=0 fat_scratch_bytes=0 fat_scratch_peak_bytes=0
(Worker_TP1 pid=1239) INFO 09-03 11:12:40 [exl3.py:451] exl3 fat-expert P0: layers=17094 fat_layers=16779 (98.2%) fat_expert_slots=422353 max_rows=2048 avg_max_rows=1406.6 hist_le128=315 hist_gt128=16779 hist=[0, 21, 56, 238, 129, 1402, 2003, 13245, 0]
(Worker_TP1 pid=1239) INFO 09-03 11:12:40 [exl3.py:464] exl3 e2 diag schema=1 configured_tier=legacy effective_tier=legacy tier_reason=none_requested shared_suh=1 shared_suh_layers=42/42 sym_exl3_moe=1 sym_fat_gemm=1 sym_fat_gemm_scatter=1 cap=12.1 cap_ok=1 tp_rank=1 tp_size=4 prefill_layer_calls=17094 thin_calls=315 row_tile_calls=0 fallback_calls=kernel=0,batched=0,sorted=0,legacy=16778 fallback_reasons=legacy_default=16778,thin_only=315 fat_expert_runs=422336 direct_calls=0 scatter_calls=0 fat_layers=16779 fat_expert_slots=422353 max_rows=2048 fused_temps_allocs=1 fused_temps_bytes=14155776 fat_scratch_allocs=0 fat_scratch_bytes=0 fat_scratch_peak_bytes=0
(Worker_TP1 pid=1239) INFO 09-03 11:12:42 [exl3.py:451] exl3 fat-expert P0: layers=17136 fat_layers=16821 (98.2%) fat_expert_slots=423399 max_rows=2048 avg_max_rows=1406.7 hist_le128=315 hist_gt128=16821 hist=[0, 21, 56, 238, 129, 1405, 2008, 13279, 0]
(Worker_TP1 pid=1239) INFO 09-03 11:12:42 [exl3.py:464] exl3 e2 diag schema=1 configured_tier=legacy effective_tier=legacy tier_reason=none_requested shared_suh=1 shared_suh_layers=42/42 sym_exl3_moe=1 sym_fat_gemm=1 sym_fat_gemm_scatter=1 cap=12.1 cap_ok=1 tp_rank=1 tp_size=4 prefill_layer_calls=17136 thin_calls=315 row_tile_calls=0 fallback_calls=kernel=0,batched=0,sorted=0,legacy=16820 fallback_reasons=legacy_default=16820,thin_only=315 fat_expert_runs=423381 direct_calls=0 scatter_calls=0 fat_layers=16821 fat_expert_slots=423399 max_rows=2048 fused_temps_allocs=1 fused_temps_bytes=14155776 fat_scratch_allocs=0 fat_scratch_bytes=0 fat_scratch_peak_bytes=0
(Worker_TP1 pid=1239) INFO 09-03 11:12:43 [exl3.py:451] exl3 fat-expert P0: layers=17178 fat_layers=16863 (98.2%) fat_expert_slots=424438 max_rows=2048 avg_max_rows=1406.9 hist_le128=315 hist_gt128=16863 hist=[0, 21, 56, 238, 129, 1408, 2012, 13314, 0]
(Worker_TP1 pid=1239) INFO 09-03 11:12:43 [exl3.py:464] exl3 e2 diag schema=1 configured_tier=legacy effective_tier=legacy tier_reason=none_requested shared_suh=1 shared_suh_layers=42/42 sym_exl3_moe=1 sym_fat_gemm=1 sym_fat_gemm_scatter=1 cap=12.1 cap_ok=1 tp_rank=1 tp_size=4 prefill_layer_calls=17178 thin_calls=315 row_tile_calls=0 fallback_calls=kernel=0,batched=0,sorted=0,legacy=16862 fallback_reasons=legacy_default=16862,thin_only=315 fat_expert_runs=424421 direct_calls=0 scatter_calls=0 fat_layers=16863 fat_expert_slots=424438 max_rows=2048 fused_temps_allocs=1 fused_temps_bytes=14155776 fat_scratch_allocs=0 fat_scratch_bytes=0 fat_scratch_peak_bytes=0
(Worker_TP1 pid=1239) INFO 09-03 11:12:45 [exl3.py:451] exl3 fat-expert P0: layers=17220 fat_layers=16905 (98.2%) fat_expert_slots=425468 max_rows=2048 avg_max_rows=1407.0 hist_le128=315 hist_gt128=16905 hist=[0, 21, 56, 238, 129, 1411, 2019, 13346, 0]
(Worker_TP1 pid=1239) INFO 09-03 11:12:45 [exl3.py:464] exl3 e2 diag schema=1 configured_tier=legacy effective_tier=legacy tier_reason=none_requested shared_suh=1 shared_suh_layers=42/42 sym_exl3_moe=1 sym_fat_gemm=1 sym_fat_gemm_scatter=1 cap=12.1 cap_ok=1 tp_rank=1 tp_size=4 prefill_layer_calls=17220 thin_calls=315 row_tile_calls=0 fallback_calls=kernel=0,batched=0,sorted=0,legacy=16904 fallback_reasons=legacy_default=16904,thin_only=315 fat_expert_runs=425453 direct_calls=0 scatter_calls=0 fat_layers=16905 fat_expert_slots=425468 max_rows=2048 fused_temps_allocs=1 fused_temps_bytes=14155776 fat_scratch_allocs=0 fat_scratch_bytes=0 fat_scratch_peak_bytes=0
(Worker_TP1 pid=1239) INFO 09-03 11:12:47 [exl3.py:451] exl3 fat-expert P0: layers=17262 fat_layers=16947 (98.2%) fat_expert_slots=426498 max_rows=2048 avg_max_rows=1407.2 hist_le128=315 hist_gt128=16947 hist=[0, 21, 56, 238, 129, 1414, 2025, 13379, 0]
(Worker_TP1 pid=1239) INFO 09-03 11:12:47 [exl3.py:464] exl3 e2 diag schema=1 configured_tier=legacy effective_tier=legacy tier_reason=none_requested shared_suh=1 shared_suh_layers=42/42 sym_exl3_moe=1 sym_fat_gemm=1 sym_fat_gemm_scatter=1 cap=12.1 cap_ok=1 tp_rank=1 tp_size=4 prefill_layer_calls=17262 thin_calls=315 row_tile_calls=0 fallback_calls=kernel=0,batched=0,sorted=0,legacy=16946 fallback_reasons=legacy_default=16946,thin_only=315 fat_expert_runs=426481 direct_calls=0 scatter_calls=0 fat_layers=16947 fat_expert_slots=426498 max_rows=2048 fused_temps_allocs=1 fused_temps_bytes=14155776 fat_scratch_allocs=0 fat_scratch_bytes=0 fat_scratch_peak_bytes=0
(Worker_TP1 pid=1239) INFO 09-03 11:12:49 [exl3.py:451] exl3 fat-expert P0: layers=17304 fat_layers=16989 (98.2%) fat_expert_slots=427543 max_rows=2048 avg_max_rows=1407.3 hist_le128=315 hist_gt128=16989 hist=[0, 21, 56, 238, 129, 1418, 2028, 13414, 0]
(Worker_TP1 pid=1239) INFO 09-03 11:12:49 [exl3.py:464] exl3 e2 diag schema=1 configured_tier=legacy effective_tier=legacy tier_reason=none_requested shared_suh=1 shared_suh_layers=42/42 sym_exl3_moe=1 sym_fat_gemm=1 sym_fat_gemm_scatter=1 cap=12.1 cap_ok=1 tp_rank=1 tp_size=4 prefill_layer_calls=17304 thin_calls=315 row_tile_calls=0 fallback_calls=kernel=0,batched=0,sorted=0,legacy=16988 fallback_reasons=legacy_default=16988,thin_only=315 fat_expert_runs=427528 direct_calls=0 scatter_calls=0 fat_layers=16989 fat_expert_slots=427543 max_rows=2048 fused_temps_allocs=1 fused_temps_bytes=14155776 fat_scratch_allocs=0 fat_scratch_bytes=0 fat_scratch_peak_bytes=0
(Worker_TP1 pid=1239) INFO 09-03 11:12:50 [exl3.py:451] exl3 fat-expert P0: layers=17346 fat_layers=17031 (98.2%) fat_expert_slots=428581 max_rows=2048 avg_max_rows=1407.4 hist_le128=315 hist_gt128=17031 hist=[0, 21, 56, 238, 129, 1421, 2035, 13446, 0]
(Worker_TP1 pid=1239) INFO 09-03 11:12:50 [exl3.py:464] exl3 e2 diag schema=1 configured_tier=legacy effective_tier=legacy tier_reason=none_requested shared_suh=1 shared_suh_layers=42/42 sym_exl3_moe=1 sym_fat_gemm=1 sym_fat_gemm_scatter=1 cap=12.1 cap_ok=1 tp_rank=1 tp_size=4 prefill_layer_calls=17346 thin_calls=315 row_tile_calls=0 fallback_calls=kernel=0,batched=0,sorted=0,legacy=17030 fallback_reasons=legacy_default=17030,thin_only=315 fat_expert_runs=428567 direct_calls=0 scatter_calls=0 fat_layers=17031 fat_expert_slots=428581 max_rows=2048 fused_temps_allocs=1 fused_temps_bytes=14155776 fat_scratch_allocs=0 fat_scratch_bytes=0 fat_scratch_peak_bytes=0
(Worker_TP1 pid=1239) INFO 09-03 11:12:52 [exl3.py:451] exl3 fat-expert P0: layers=17388 fat_layers=17073 (98.2%) fat_expert_slots=429624 max_rows=2048 avg_max_rows=1407.5 hist_le128=315 hist_gt128=17073 hist=[0, 21, 56, 238, 129, 1424, 2042, 13478, 0]
(Worker_TP1 pid=1239) INFO 09-03 11:12:52 [exl3.py:464] exl3 e2 diag schema=1 configured_tier=legacy effective_tier=legacy tier_reason=none_requested shared_suh=1 shared_suh_layers=42/42 sym_exl3_moe=1 sym_fat_gemm=1 sym_fat_gemm_scatter=1 cap=12.1 cap_ok=1 tp_rank=1 tp_size=4 prefill_layer_calls=17388 thin_calls=315 row_tile_calls=0 fallback_calls=kernel=0,batched=0,sorted=0,legacy=17072 fallback_reasons=legacy_default=17072,thin_only=315 fat_expert_runs=429612 direct_calls=0 scatter_calls=0 fat_layers=17073 fat_expert_slots=429624 max_rows=2048 fused_temps_allocs=1 fused_temps_bytes=14155776 fat_scratch_allocs=0 fat_scratch_bytes=0 fat_scratch_peak_bytes=0
(Worker_TP1 pid=1239) INFO 09-03 11:12:54 [exl3.py:451] exl3 fat-expert P0: layers=17430 fat_layers=17115 (98.2%) fat_expert_slots=430691 max_rows=2048 avg_max_rows=1407.6 hist_le128=315 hist_gt128=17115 hist=[0, 21, 56, 238, 129, 1427, 2047, 13512, 0]
(Worker_TP1 pid=1239) INFO 09-03 11:12:54 [exl3.py:464] exl3 e2 diag schema=1 configured_tier=legacy effective_tier=legacy tier_reason=none_requested shared_suh=1 shared_suh_layers=42/42 sym_exl3_moe=1 sym_fat_gemm=1 sym_fat_gemm_scatter=1 cap=12.1 cap_ok=1 tp_rank=1 tp_size=4 prefill_layer_calls=17430 thin_calls=315 row_tile_calls=0 fallback_calls=kernel=0,batched=0,sorted=0,legacy=17114 fallback_reasons=legacy_default=17114,thin_only=315 fat_expert_runs=430677 direct_calls=0 scatter_calls=0 fat_layers=17115 fat_expert_slots=430691 max_rows=2048 fused_temps_allocs=1 fused_temps_bytes=14155776 fat_scratch_allocs=0 fat_scratch_bytes=0 fat_scratch_peak_bytes=0
(Worker_TP1 pid=1239) INFO 09-03 11:12:56 [exl3.py:451] exl3 fat-expert P0: layers=17472 fat_layers=17157 (98.2%) fat_expert_slots=431774 max_rows=2048 avg_max_rows=1407.6 hist_le128=315 hist_gt128=17157 hist=[0, 21, 56, 238, 129, 1431, 2051, 13546, 0]
(Worker_TP1 pid=1239) INFO 09-03 11:12:56 [exl3.py:464] exl3 e2 diag schema=1 configured_tier=legacy effective_tier=legacy tier_reason=none_requested shared_suh=1 shared_suh_layers=42/42 sym_exl3_moe=1 sym_fat_gemm=1 sym_fat_gemm_scatter=1 cap=12.1 cap_ok=1 tp_rank=1 tp_size=4 prefill_layer_calls=17472 thin_calls=315 row_tile_calls=0 fallback_calls=kernel=0,batched=0,sorted=0,legacy=17156 fallback_reasons=legacy_default=17156,thin_only=315 fat_expert_runs=431759 direct_calls=0 scatter_calls=0 fat_layers=17157 fat_expert_slots=431774 max_rows=2048 fused_temps_allocs=1 fused_temps_bytes=14155776 fat_scratch_allocs=0 fat_scratch_bytes=0 fat_scratch_peak_bytes=0
(Worker_TP1 pid=1239) INFO 09-03 11:12:57 [exl3.py:451] exl3 fat-expert P0: layers=17514 fat_layers=17199 (98.2%) fat_expert_slots=432845 max_rows=2048 avg_max_rows=1407.7 hist_le128=315 hist_gt128=17199 hist=[0, 21, 56, 238, 129, 1435, 2055, 13580, 0]
(Worker_TP1 pid=1239) INFO 09-03 11:12:57 [exl3.py:464] exl3 e2 diag schema=1 configured_tier=legacy effective_tier=legacy tier_reason=none_requested shared_suh=1 shared_suh_layers=42/42 sym_exl3_moe=1 sym_fat_gemm=1 sym_fat_gemm_scatter=1 cap=12.1 cap_ok=1 tp_rank=1 tp_size=4 prefill_layer_calls=17514 thin_calls=315 row_tile_calls=0 fallback_calls=kernel=0,batched=0,sorted=0,legacy=17198 fallback_reasons=legacy_default=17198,thin_only=315 fat_expert_runs=432828 direct_calls=0 scatter_calls=0 fat_layers=17199 fat_expert_slots=432845 max_rows=2048 fused_temps_allocs=1 fused_temps_bytes=14155776 fat_scratch_allocs=0 fat_scratch_bytes=0 fat_scratch_peak_bytes=0
(Worker_TP1 pid=1239) INFO 09-03 11:12:59 [exl3.py:451] exl3 fat-expert P0: layers=17556 fat_layers=17241 (98.2%) fat_expert_slots=433939 max_rows=2048 avg_max_rows=1407.8 hist_le128=315 hist_gt128=17241 hist=[0, 21, 56, 238, 129, 1439, 2059, 13614, 0]
(Worker_TP1 pid=1239) INFO 09-03 11:12:59 [exl3.py:464] exl3 e2 diag schema=1 configured_tier=legacy effective_tier=legacy tier_reason=none_requested shared_suh=1 shared_suh_layers=42/42 sym_exl3_moe=1 sym_fat_gemm=1 sym_fat_gemm_scatter=1 cap=12.1 cap_ok=1 tp_rank=1 tp_size=4 prefill_layer_calls=17556 thin_calls=315 row_tile_calls=0 fallback_calls=kernel=0,batched=0,sorted=0,legacy=17240 fallback_reasons=legacy_default=17240,thin_only=315 fat_expert_runs=433925 direct_calls=0 scatter_calls=0 fat_layers=17241 fat_expert_slots=433939 max_rows=2048 fused_temps_allocs=1 fused_temps_bytes=14155776 fat_scratch_allocs=0 fat_scratch_bytes=0 fat_scratch_peak_bytes=0
(Worker_TP1 pid=1239) INFO 09-03 11:13:01 [exl3.py:451] exl3 fat-expert P0: layers=17598 fat_layers=17283 (98.2%) fat_expert_slots=435026 max_rows=2048 avg_max_rows=1408.0 hist_le128=315 hist_gt128=17283 hist=[0, 21, 56, 238, 129, 1442, 2064, 13648, 0]
(Worker_TP1 pid=1239) INFO 09-03 11:13:01 [exl3.py:464] exl3 e2 diag schema=1 configured_tier=legacy effective_tier=legacy tier_reason=none_requested shared_suh=1 shared_suh_layers=42/42 sym_exl3_moe=1 sym_fat_gemm=1 sym_fat_gemm_scatter=1 cap=12.1 cap_ok=1 tp_rank=1 tp_size=4 prefill_layer_calls=17598 thin_calls=315 row_tile_calls=0 fallback_calls=kernel=0,batched=0,sorted=0,legacy=17282 fallback_reasons=legacy_default=17282,thin_only=315 fat_expert_runs=435013 direct_calls=0 scatter_calls=0 fat_layers=17283 fat_expert_slots=435026 max_rows=2048 fused_temps_allocs=1 fused_temps_bytes=14155776 fat_scratch_allocs=0 fat_scratch_bytes=0 fat_scratch_peak_bytes=0
(Worker_TP1 pid=1239) INFO 09-03 11:13:02 [exl3.py:451] exl3 fat-expert P0: layers=17640 fat_layers=17325 (98.2%) fat_expert_slots=436114 max_rows=2048 avg_max_rows=1408.1 hist_le128=315 hist_gt128=17325 hist=[0, 21, 56, 238, 129, 1445, 2069, 13682, 0]
(Worker_TP1 pid=1239) INFO 09-03 11:13:02 [exl3.py:464] exl3 e2 diag schema=1 configured_tier=legacy effective_tier=legacy tier_reason=none_requested shared_suh=1 shared_suh_layers=42/42 sym_exl3_moe=1 sym_fat_gemm=1 sym_fat_gemm_scatter=1 cap=12.1 cap_ok=1 tp_rank=1 tp_size=4 prefill_layer_calls=17640 thin_calls=315 row_tile_calls=0 fallback_calls=kernel=0,batched=0,sorted=0,legacy=17324 fallback_reasons=legacy_default=17324,thin_only=315 fat_expert_runs=436101 direct_calls=0 scatter_calls=0 fat_layers=17325 fat_expert_slots=436114 max_rows=2048 fused_temps_allocs=1 fused_temps_bytes=14155776 fat_scratch_allocs=0 fat_scratch_bytes=0 fat_scratch_peak_bytes=0
(Worker_TP1 pid=1239) INFO 09-03 11:13:04 [exl3.py:451] exl3 fat-expert P0: layers=17682 fat_layers=17367 (98.2%) fat_expert_slots=437176 max_rows=2048 avg_max_rows=1408.2 hist_le128=315 hist_gt128=17367 hist=[0, 21, 56, 238, 129, 1450, 2073, 13715, 0]
(Worker_TP1 pid=1239) INFO 09-03 11:13:04 [exl3.py:464] exl3 e2 diag schema=1 configured_tier=legacy effective_tier=legacy tier_reason=none_requested shared_suh=1 shared_suh_layers=42/42 sym_exl3_moe=1 sym_fat_gemm=1 sym_fat_gemm_scatter=1 cap=12.1 cap_ok=1 tp_rank=1 tp_size=4 prefill_layer_calls=17682 thin_calls=315 row_tile_calls=0 fallback_calls=kernel=0,batched=0,sorted=0,legacy=17366 fallback_reasons=legacy_default=17366,thin_only=315 fat_expert_runs=437165 direct_calls=0 scatter_calls=0 fat_layers=17367 fat_expert_slots=437176 max_rows=2048 fused_temps_allocs=1 fused_temps_bytes=14155776 fat_scratch_allocs=0 fat_scratch_bytes=0 fat_scratch_peak_bytes=0
(Worker_TP1 pid=1239) INFO 09-03 11:13:06 [exl3.py:451] exl3 fat-expert P0: layers=17724 fat_layers=17409 (98.2%) fat_expert_slots=438274 max_rows=2048 avg_max_rows=1408.3 hist_le128=315 hist_gt128=17409 hist=[0, 21, 56, 238, 129, 1454, 2077, 13749, 0]
(Worker_TP1 pid=1239) INFO 09-03 11:13:06 [exl3.py:464] exl3 e2 diag schema=1 configured_tier=legacy effective_tier=legacy tier_reason=none_requested shared_suh=1 shared_suh_layers=42/42 sym_exl3_moe=1 sym_fat_gemm=1 sym_fat_gemm_scatter=1 cap=12.1 cap_ok=1 tp_rank=1 tp_size=4 prefill_layer_calls=17724 thin_calls=315 row_tile_calls=0 fallback_calls=kernel=0,batched=0,sorted=0,legacy=17408 fallback_reasons=legacy_default=17408,thin_only=315 fat_expert_runs=438263 direct_calls=0 scatter_calls=0 fat_layers=17409 fat_expert_slots=438274 max_rows=2048 fused_temps_allocs=1 fused_temps_bytes=14155776 fat_scratch_allocs=0 fat_scratch_bytes=0 fat_scratch_peak_bytes=0
(Worker_TP1 pid=1239) INFO 09-03 11:13:08 [exl3.py:451] exl3 fat-expert P0: layers=17766 fat_layers=17451 (98.2%) fat_expert_slots=439341 max_rows=2048 avg_max_rows=1408.3 hist_le128=315 hist_gt128=17451 hist=[0, 21, 56, 238, 129, 1458, 2081, 13783, 0]
(Worker_TP1 pid=1239) INFO 09-03 11:13:08 [exl3.py:464] exl3 e2 diag schema=1 configured_tier=legacy effective_tier=legacy tier_reason=none_requested shared_suh=1 shared_suh_layers=42/42 sym_exl3_moe=1 sym_fat_gemm=1 sym_fat_gemm_scatter=1 cap=12.1 cap_ok=1 tp_rank=1 tp_size=4 prefill_layer_calls=17766 thin_calls=315 row_tile_calls=0 fallback_calls=kernel=0,batched=0,sorted=0,legacy=17450 fallback_reasons=legacy_default=17450,thin_only=315 fat_expert_runs=439330 direct_calls=0 scatter_calls=0 fat_layers=17451 fat_expert_slots=439341 max_rows=2048 fused_temps_allocs=1 fused_temps_bytes=14155776 fat_scratch_allocs=0 fat_scratch_bytes=0 fat_scratch_peak_bytes=0
(Worker_TP1 pid=1239) INFO 09-03 11:13:09 [exl3.py:451] exl3 fat-expert P0: layers=17808 fat_layers=17493 (98.2%) fat_expert_slots=440454 max_rows=2048 avg_max_rows=1408.4 hist_le128=315 hist_gt128=17493 hist=[0, 21, 56, 238, 129, 1462, 2085, 13817, 0]
(Worker_TP1 pid=1239) INFO 09-03 11:13:09 [exl3.py:464] exl3 e2 diag schema=1 configured_tier=legacy effective_tier=legacy tier_reason=none_requested shared_suh=1 shared_suh_layers=42/42 sym_exl3_moe=1 sym_fat_gemm=1 sym_fat_gemm_scatter=1 cap=12.1 cap_ok=1 tp_rank=1 tp_size=4 prefill_layer_calls=17808 thin_calls=315 row_tile_calls=0 fallback_calls=kernel=0,batched=0,sorted=0,legacy=17492 fallback_reasons=legacy_default=17492,thin_only=315 fat_expert_runs=440442 direct_calls=0 scatter_calls=0 fat_layers=17493 fat_expert_slots=440454 max_rows=2048 fused_temps_allocs=1 fused_temps_bytes=14155776 fat_scratch_allocs=0 fat_scratch_bytes=0 fat_scratch_peak_bytes=0
(Worker_TP1 pid=1239) INFO 09-03 11:13:11 [exl3.py:451] exl3 fat-expert P0: layers=17850 fat_layers=17535 (98.2%) fat_expert_slots=441543 max_rows=2048 avg_max_rows=1408.5 hist_le128=315 hist_gt128=17535 hist=[0, 21, 56, 238, 129, 1466, 2089, 13851, 0]
(Worker_TP1 pid=1239) INFO 09-03 11:13:11 [exl3.py:464] exl3 e2 diag schema=1 configured_tier=legacy effective_tier=legacy tier_reason=none_requested shared_suh=1 shared_suh_layers=42/42 sym_exl3_moe=1 sym_fat_gemm=1 sym_fat_gemm_scatter=1 cap=12.1 cap_ok=1 tp_rank=1 tp_size=4 prefill_layer_calls=17850 thin_calls=315 row_tile_calls=0 fallback_calls=kernel=0,batched=0,sorted=0,legacy=17534 fallback_reasons=legacy_default=17534,thin_only=315 fat_expert_runs=441532 direct_calls=0 scatter_calls=0 fat_layers=17535 fat_expert_slots=441543 max_rows=2048 fused_temps_allocs=1 fused_temps_bytes=14155776 fat_scratch_allocs=0 fat_scratch_bytes=0 fat_scratch_peak_bytes=0
(Worker_TP1 pid=1239) INFO 09-03 11:13:13 [exl3.py:451] exl3 fat-expert P0: layers=17892 fat_layers=17577 (98.2%) fat_expert_slots=442638 max_rows=2048 avg_max_rows=1408.6 hist_le128=315 hist_gt128=17577 hist=[0, 21, 56, 238, 129, 1469, 2094, 13885, 0]
(Worker_TP1 pid=1239) INFO 09-03 11:13:13 [exl3.py:464] exl3 e2 diag schema=1 configured_tier=legacy effective_tier=legacy tier_reason=none_requested shared_suh=1 shared_suh_layers=42/42 sym_exl3_moe=1 sym_fat_gemm=1 sym_fat_gemm_scatter=1 cap=12.1 cap_ok=1 tp_rank=1 tp_size=4 prefill_layer_calls=17892 thin_calls=315 row_tile_calls=0 fallback_calls=kernel=0,batched=0,sorted=0,legacy=17576 fallback_reasons=legacy_default=17576,thin_only=315 fat_expert_runs=442626 direct_calls=0 scatter_calls=0 fat_layers=17577 fat_expert_slots=442638 max_rows=2048 fused_temps_allocs=1 fused_temps_bytes=14155776 fat_scratch_allocs=0 fat_scratch_bytes=0 fat_scratch_peak_bytes=0
(Worker_TP1 pid=1239) INFO 09-03 11:13:15 [exl3.py:451] exl3 fat-expert P0: layers=17934 fat_layers=17619 (98.2%) fat_expert_slots=443744 max_rows=2048 avg_max_rows=1408.7 hist_le128=315 hist_gt128=17619 hist=[0, 21, 56, 238, 129, 1472, 2100, 13918, 0]
(Worker_TP1 pid=1239) INFO 09-03 11:13:15 [exl3.py:464] exl3 e2 diag schema=1 configured_tier=legacy effective_tier=legacy tier_reason=none_requested shared_suh=1 shared_suh_layers=42/42 sym_exl3_moe=1 sym_fat_gemm=1 sym_fat_gemm_scatter=1 cap=12.1 cap_ok=1 tp_rank=1 tp_size=4 prefill_layer_calls=17934 thin_calls=315 row_tile_calls=0 fallback_calls=kernel=0,batched=0,sorted=0,legacy=17618 fallback_reasons=legacy_default=17618,thin_only=315 fat_expert_runs=443732 direct_calls=0 scatter_calls=0 fat_layers=17619 fat_expert_slots=443744 max_rows=2048 fused_temps_allocs=1 fused_temps_bytes=14155776 fat_scratch_allocs=0 fat_scratch_bytes=0 fat_scratch_peak_bytes=0
(Worker_TP1 pid=1239) INFO 09-03 11:13:16 [exl3.py:451] exl3 fat-expert P0: layers=17976 fat_layers=17661 (98.2%) fat_expert_slots=444833 max_rows=2048 avg_max_rows=1408.8 hist_le128=315 hist_gt128=17661 hist=[0, 21, 56, 238, 129, 1476, 2105, 13951, 0]
(Worker_TP1 pid=1239) INFO 09-03 11:13:16 [exl3.py:464] exl3 e2 diag schema=1 configured_tier=legacy effective_tier=legacy tier_reason=none_requested shared_suh=1 shared_suh_layers=42/42 sym_exl3_moe=1 sym_fat_gemm=1 sym_fat_gemm_scatter=1 cap=12.1 cap_ok=1 tp_rank=1 tp_size=4 prefill_layer_calls=17976 thin_calls=315 row_tile_calls=0 fallback_calls=kernel=0,batched=0,sorted=0,legacy=17660 fallback_reasons=legacy_default=17660,thin_only=315 fat_expert_runs=444823 direct_calls=0 scatter_calls=0 fat_layers=17661 fat_expert_slots=444833 max_rows=2048 fused_temps_allocs=1 fused_temps_bytes=14155776 fat_scratch_allocs=0 fat_scratch_bytes=0 fat_scratch_peak_bytes=0
(Worker_TP1 pid=1239) INFO 09-03 11:13:18 [exl3.py:451] exl3 fat-expert P0: layers=18018 fat_layers=17703 (98.3%) fat_expert_slots=445925 max_rows=2048 avg_max_rows=1408.8 hist_le128=315 hist_gt128=17703 hist=[0, 21, 56, 238, 129, 1479, 2111, 13984, 0]
(Worker_TP1 pid=1239) INFO 09-03 11:13:18 [exl3.py:464] exl3 e2 diag schema=1 configured_tier=legacy effective_tier=legacy tier_reason=none_requested shared_suh=1 shared_suh_layers=42/42 sym_exl3_moe=1 sym_fat_gemm=1 sym_fat_gemm_scatter=1 cap=12.1 cap_ok=1 tp_rank=1 tp_size=4 prefill_layer_calls=18018 thin_calls=315 row_tile_calls=0 fallback_calls=kernel=0,batched=0,sorted=0,legacy=17702 fallback_reasons=legacy_default=17702,thin_only=315 fat_expert_runs=445914 direct_calls=0 scatter_calls=0 fat_layers=17703 fat_expert_slots=445925 max_rows=2048 fused_temps_allocs=1 fused_temps_bytes=14155776 fat_scratch_allocs=0 fat_scratch_bytes=0 fat_scratch_peak_bytes=0
(Worker_TP1 pid=1239) INFO 09-03 11:13:20 [exl3.py:451] exl3 fat-expert P0: layers=18060 fat_layers=17745 (98.3%) fat_expert_slots=447009 max_rows=2048 avg_max_rows=1408.8 hist_le128=315 hist_gt128=17745 hist=[0, 21, 56, 238, 129, 1483, 2117, 14016, 0]
(Worker_TP1 pid=1239) INFO 09-03 11:13:20 [exl3.py:464] exl3 e2 diag schema=1 configured_tier=legacy effective_tier=legacy tier_reason=none_requested shared_suh=1 shared_suh_layers=42/42 sym_exl3_moe=1 sym_fat_gemm=1 sym_fat_gemm_scatter=1 cap=12.1 cap_ok=1 tp_rank=1 tp_size=4 prefill_layer_calls=18060 thin_calls=315 row_tile_calls=0 fallback_calls=kernel=0,batched=0,sorted=0,legacy=17744 fallback_reasons=legacy_default=17744,thin_only=315 fat_expert_runs=446998 direct_calls=0 scatter_calls=0 fat_layers=17745 fat_expert_slots=447009 max_rows=2048 fused_temps_allocs=1 fused_temps_bytes=14155776 fat_scratch_allocs=0 fat_scratch_bytes=0 fat_scratch_peak_bytes=0
(Worker_TP1 pid=1239) INFO 09-03 11:13:22 [exl3.py:451] exl3 fat-expert P0: layers=18102 fat_layers=17787 (98.3%) fat_expert_slots=448115 max_rows=2048 avg_max_rows=1408.9 hist_le128=315 hist_gt128=17787 hist=[0, 21, 56, 238, 129, 1486, 2122, 14050, 0]
(Worker_TP1 pid=1239) INFO 09-03 11:13:22 [exl3.py:464] exl3 e2 diag schema=1 configured_tier=legacy effective_tier=legacy tier_reason=none_requested shared_suh=1 shared_suh_layers=42/42 sym_exl3_moe=1 sym_fat_gemm=1 sym_fat_gemm_scatter=1 cap=12.1 cap_ok=1 tp_rank=1 tp_size=4 prefill_layer_calls=18102 thin_calls=315 row_tile_calls=0 fallback_calls=kernel=0,batched=0,sorted=0,legacy=17786 fallback_reasons=legacy_default=17786,thin_only=315 fat_expert_runs=448104 direct_calls=0 scatter_calls=0 fat_layers=17787 fat_expert_slots=448115 max_rows=2048 fused_temps_allocs=1 fused_temps_bytes=14155776 fat_scratch_allocs=0 fat_scratch_bytes=0 fat_scratch_peak_bytes=0
(Worker_TP1 pid=1239) INFO 09-03 11:13:23 [exl3.py:451] exl3 fat-expert P0: layers=18144 fat_layers=17829 (98.3%) fat_expert_slots=449219 max_rows=2048 avg_max_rows=1408.9 hist_le128=315 hist_gt128=17829 hist=[0, 21, 56, 238, 129, 1489, 2127, 14084, 0]
(Worker_TP1 pid=1239) INFO 09-03 11:13:23 [exl3.py:464] exl3 e2 diag schema=1 configured_tier=legacy effective_tier=legacy tier_reason=none_requested shared_suh=1 shared_suh_layers=42/42 sym_exl3_moe=1 sym_fat_gemm=1 sym_fat_gemm_scatter=1 cap=12.1 cap_ok=1 tp_rank=1 tp_size=4 prefill_layer_calls=18144 thin_calls=315 row_tile_calls=0 fallback_calls=kernel=0,batched=0,sorted=0,legacy=17828 fallback_reasons=legacy_default=17828,thin_only=315 fat_expert_runs=449208 direct_calls=0 scatter_calls=0 fat_layers=17829 fat_expert_slots=449219 max_rows=2048 fused_temps_allocs=1 fused_temps_bytes=14155776 fat_scratch_allocs=0 fat_scratch_bytes=0 fat_scratch_peak_bytes=0
(Worker_TP1 pid=1239) INFO 09-03 11:13:25 [exl3.py:451] exl3 fat-expert P0: layers=18186 fat_layers=17871 (98.3%) fat_expert_slots=450309 max_rows=2048 avg_max_rows=1409.0 hist_le128=315 hist_gt128=17871 hist=[0, 21, 56, 238, 129, 1493, 2132, 14117, 0]
(Worker_TP1 pid=1239) INFO 09-03 11:13:25 [exl3.py:464] exl3 e2 diag schema=1 configured_tier=legacy effective_tier=legacy tier_reason=none_requested shared_suh=1 shared_suh_layers=42/42 sym_exl3_moe=1 sym_fat_gemm=1 sym_fat_gemm_scatter=1 cap=12.1 cap_ok=1 tp_rank=1 tp_size=4 prefill_layer_calls=18186 thin_calls=315 row_tile_calls=0 fallback_calls=kernel=0,batched=0,sorted=0,legacy=17870 fallback_reasons=legacy_default=17870,thin_only=315 fat_expert_runs=450298 direct_calls=0 scatter_calls=0 fat_layers=17871 fat_expert_slots=450309 max_rows=2048 fused_temps_allocs=1 fused_temps_bytes=14155776 fat_scratch_allocs=0 fat_scratch_bytes=0 fat_scratch_peak_bytes=0
(Worker_TP1 pid=1239) INFO 09-03 11:13:27 [exl3.py:451] exl3 fat-expert P0: layers=18228 fat_layers=17913 (98.3%) fat_expert_slots=451391 max_rows=2048 avg_max_rows=1409.1 hist_le128=315 hist_gt128=17913 hist=[0, 21, 56, 238, 129, 1496, 2138, 14150, 0]
(Worker_TP1 pid=1239) INFO 09-03 11:13:27 [exl3.py:464] exl3 e2 diag schema=1 configured_tier=legacy effective_tier=legacy tier_reason=none_requested shared_suh=1 shared_suh_layers=42/42 sym_exl3_moe=1 sym_fat_gemm=1 sym_fat_gemm_scatter=1 cap=12.1 cap_ok=1 tp_rank=1 tp_size=4 prefill_layer_calls=18228 thin_calls=315 row_tile_calls=0 fallback_calls=kernel=0,batched=0,sorted=0,legacy=17912 fallback_reasons=legacy_default=17912,thin_only=315 fat_expert_runs=451380 direct_calls=0 scatter_calls=0 fat_layers=17913 fat_expert_slots=451391 max_rows=2048 fused_temps_allocs=1 fused_temps_bytes=14155776 fat_scratch_allocs=0 fat_scratch_bytes=0 fat_scratch_peak_bytes=0
(Worker_TP1 pid=1239) INFO 09-03 11:13:29 [exl3.py:451] exl3 fat-expert P0: layers=18270 fat_layers=17955 (98.3%) fat_expert_slots=452481 max_rows=2048 avg_max_rows=1409.1 hist_le128=315 hist_gt128=17955 hist=[0, 21, 56, 238, 129, 1499, 2145, 14182, 0]
(Worker_TP1 pid=1239) INFO 09-03 11:13:29 [exl3.py:464] exl3 e2 diag schema=1 configured_tier=legacy effective_tier=legacy tier_reason=none_requested shared_suh=1 shared_suh_layers=42/42 sym_exl3_moe=1 sym_fat_gemm=1 sym_fat_gemm_scatter=1 cap=12.1 cap_ok=1 tp_rank=1 tp_size=4 prefill_layer_calls=18270 thin_calls=315 row_tile_calls=0 fallback_calls=kernel=0,batched=0,sorted=0,legacy=17954 fallback_reasons=legacy_default=17954,thin_only=315 fat_expert_runs=452470 direct_calls=0 scatter_calls=0 fat_layers=17955 fat_expert_slots=452481 max_rows=2048 fused_temps_allocs=1 fused_temps_bytes=14155776 fat_scratch_allocs=0 fat_scratch_bytes=0 fat_scratch_peak_bytes=0
(Worker_TP1 pid=1239) INFO 09-03 11:13:30 [exl3.py:451] exl3 fat-expert P0: layers=18312 fat_layers=17997 (98.3%) fat_expert_slots=453562 max_rows=2048 avg_max_rows=1409.2 hist_le128=315 hist_gt128=17997 hist=[0, 21, 56, 238, 129, 1503, 2151, 14214, 0]
(Worker_TP1 pid=1239) INFO 09-03 11:13:30 [exl3.py:464] exl3 e2 diag schema=1 configured_tier=legacy effective_tier=legacy tier_reason=none_requested shared_suh=1 shared_suh_layers=42/42 sym_exl3_moe=1 sym_fat_gemm=1 sym_fat_gemm_scatter=1 cap=12.1 cap_ok=1 tp_rank=1 tp_size=4 prefill_layer_calls=18312 thin_calls=315 row_tile_calls=0 fallback_calls=kernel=0,batched=0,sorted=0,legacy=17996 fallback_reasons=legacy_default=17996,thin_only=315 fat_expert_runs=453550 direct_calls=0 scatter_calls=0 fat_layers=17997 fat_expert_slots=453562 max_rows=2048 fused_temps_allocs=1 fused_temps_bytes=14155776 fat_scratch_allocs=0 fat_scratch_bytes=0 fat_scratch_peak_bytes=0
(Worker_TP1 pid=1239) INFO 09-03 11:13:32 [exl3.py:451] exl3 fat-expert P0: layers=18354 fat_layers=18039 (98.3%) fat_expert_slots=454638 max_rows=2048 avg_max_rows=1409.2 hist_le128=315 hist_gt128=18039 hist=[0, 21, 56, 238, 129, 1507, 2156, 14247, 0]
(Worker_TP1 pid=1239) INFO 09-03 11:13:32 [exl3.py:464] exl3 e2 diag schema=1 configured_tier=legacy effective_tier=legacy tier_reason=none_requested shared_suh=1 shared_suh_layers=42/42 sym_exl3_moe=1 sym_fat_gemm=1 sym_fat_gemm_scatter=1 cap=12.1 cap_ok=1 tp_rank=1 tp_size=4 prefill_layer_calls=18354 thin_calls=315 row_tile_calls=0 fallback_calls=kernel=0,batched=0,sorted=0,legacy=18038 fallback_reasons=legacy_default=18038,thin_only=315 fat_expert_runs=454627 direct_calls=0 scatter_calls=0 fat_layers=18039 fat_expert_slots=454638 max_rows=2048 fused_temps_allocs=1 fused_temps_bytes=14155776 fat_scratch_allocs=0 fat_scratch_bytes=0 fat_scratch_peak_bytes=0
(Worker_TP1 pid=1239) INFO 09-03 11:13:34 [exl3.py:451] exl3 fat-expert P0: layers=18396 fat_layers=18081 (98.3%) fat_expert_slots=455747 max_rows=2048 avg_max_rows=1409.2 hist_le128=315 hist_gt128=18081 hist=[0, 21, 56, 238, 129, 1511, 2161, 14280, 0]
(Worker_TP1 pid=1239) INFO 09-03 11:13:34 [exl3.py:464] exl3 e2 diag schema=1 configured_tier=legacy effective_tier=legacy tier_reason=none_requested shared_suh=1 shared_suh_layers=42/42 sym_exl3_moe=1 sym_fat_gemm=1 sym_fat_gemm_scatter=1 cap=12.1 cap_ok=1 tp_rank=1 tp_size=4 prefill_layer_calls=18396 thin_calls=315 row_tile_calls=0 fallback_calls=kernel=0,batched=0,sorted=0,legacy=18080 fallback_reasons=legacy_default=18080,thin_only=315 fat_expert_runs=455735 direct_calls=0 scatter_calls=0 fat_layers=18081 fat_expert_slots=455747 max_rows=2048 fused_temps_allocs=1 fused_temps_bytes=14155776 fat_scratch_allocs=0 fat_scratch_bytes=0 fat_scratch_peak_bytes=0
(Worker_TP1 pid=1239) INFO 09-03 11:13:36 [exl3.py:451] exl3 fat-expert P0: layers=18438 fat_layers=18123 (98.3%) fat_expert_slots=456865 max_rows=2048 avg_max_rows=1409.3 hist_le128=315 hist_gt128=18123 hist=[0, 21, 56, 238, 129, 1514, 2167, 14313, 0]
(Worker_TP1 pid=1239) INFO 09-03 11:13:36 [exl3.py:464] exl3 e2 diag schema=1 configured_tier=legacy effective_tier=legacy tier_reason=none_requested shared_suh=1 shared_suh_layers=42/42 sym_exl3_moe=1 sym_fat_gemm=1 sym_fat_gemm_scatter=1 cap=12.1 cap_ok=1 tp_rank=1 tp_size=4 prefill_layer_calls=18438 thin_calls=315 row_tile_calls=0 fallback_calls=kernel=0,batched=0,sorted=0,legacy=18122 fallback_reasons=legacy_default=18122,thin_only=315 fat_expert_runs=456854 direct_calls=0 scatter_calls=0 fat_layers=18123 fat_expert_slots=456865 max_rows=2048 fused_temps_allocs=1 fused_temps_bytes=14155776 fat_scratch_allocs=0 fat_scratch_bytes=0 fat_scratch_peak_bytes=0
(Worker_TP1 pid=1239) INFO 09-03 11:13:37 [exl3.py:451] exl3 fat-expert P0: layers=18480 fat_layers=18165 (98.3%) fat_expert_slots=457955 max_rows=2048 avg_max_rows=1409.4 hist_le128=315 hist_gt128=18165 hist=[0, 21, 56, 238, 129, 1517, 2172, 14347, 0]
(Worker_TP1 pid=1239) INFO 09-03 11:13:37 [exl3.py:464] exl3 e2 diag schema=1 configured_tier=legacy effective_tier=legacy tier_reason=none_requested shared_suh=1 shared_suh_layers=42/42 sym_exl3_moe=1 sym_fat_gemm=1 sym_fat_gemm_scatter=1 cap=12.1 cap_ok=1 tp_rank=1 tp_size=4 prefill_layer_calls=18480 thin_calls=315 row_tile_calls=0 fallback_calls=kernel=0,batched=0,sorted=0,legacy=18164 fallback_reasons=legacy_default=18164,thin_only=315 fat_expert_runs=457944 direct_calls=0 scatter_calls=0 fat_layers=18165 fat_expert_slots=457955 max_rows=2048 fused_temps_allocs=1 fused_temps_bytes=14155776 fat_scratch_allocs=0 fat_scratch_bytes=0 fat_scratch_peak_bytes=0
(Worker_TP1 pid=1239) INFO 09-03 11:13:39 [exl3.py:451] exl3 fat-expert P0: layers=18522 fat_layers=18207 (98.3%) fat_expert_slots=459051 max_rows=2048 avg_max_rows=1409.4 hist_le128=315 hist_gt128=18207 hist=[0, 21, 56, 238, 129, 1520, 2179, 14379, 0]
(Worker_TP1 pid=1239) INFO 09-03 11:13:39 [exl3.py:464] exl3 e2 diag schema=1 configured_tier=legacy effective_tier=legacy tier_reason=none_requested shared_suh=1 shared_suh_layers=42/42 sym_exl3_moe=1 sym_fat_gemm=1 sym_fat_gemm_scatter=1 cap=12.1 cap_ok=1 tp_rank=1 tp_size=4 prefill_layer_calls=18522 thin_calls=315 row_tile_calls=0 fallback_calls=kernel=0,batched=0,sorted=0,legacy=18206 fallback_reasons=legacy_default=18206,thin_only=315 fat_expert_runs=459040 direct_calls=0 scatter_calls=0 fat_layers=18207 fat_expert_slots=459051 max_rows=2048 fused_temps_allocs=1 fused_temps_bytes=14155776 fat_scratch_allocs=0 fat_scratch_bytes=0 fat_scratch_peak_bytes=0
(Worker_TP1 pid=1239) INFO 09-03 11:13:41 [exl3.py:451] exl3 fat-expert P0: layers=18564 fat_layers=18249 (98.3%) fat_expert_slots=460151 max_rows=2048 avg_max_rows=1409.5 hist_le128=315 hist_gt128=18249 hist=[0, 21, 56, 238, 129, 1523, 2186, 14411, 0]
(Worker_TP1 pid=1239) INFO 09-03 11:13:41 [exl3.py:464] exl3 e2 diag schema=1 configured_tier=legacy effective_tier=legacy tier_reason=none_requested shared_suh=1 shared_suh_layers=42/42 sym_exl3_moe=1 sym_fat_gemm=1 sym_fat_gemm_scatter=1 cap=12.1 cap_ok=1 tp_rank=1 tp_size=4 prefill_layer_calls=18564 thin_calls=315 row_tile_calls=0 fallback_calls=kernel=0,batched=0,sorted=0,legacy=18248 fallback_reasons=legacy_default=18248,thin_only=315 fat_expert_runs=460140 direct_calls=0 scatter_calls=0 fat_layers=18249 fat_expert_slots=460151 max_rows=2048 fused_temps_allocs=1 fused_temps_bytes=14155776 fat_scratch_allocs=0 fat_scratch_bytes=0 fat_scratch_peak_bytes=0
(Worker_TP1 pid=1239) INFO 09-03 11:13:42 [exl3.py:451] exl3 fat-expert P0: layers=18606 fat_layers=18291 (98.3%) fat_expert_slots=461253 max_rows=2048 avg_max_rows=1409.5 hist_le128=315 hist_gt128=18291 hist=[0, 21, 56, 238, 129, 1527, 2191, 14444, 0]
(Worker_TP1 pid=1239) INFO 09-03 11:13:42 [exl3.py:464] exl3 e2 diag schema=1 configured_tier=legacy effective_tier=legacy tier_reason=none_requested shared_suh=1 shared_suh_layers=42/42 sym_exl3_moe=1 sym_fat_gemm=1 sym_fat_gemm_scatter=1 cap=12.1 cap_ok=1 tp_rank=1 tp_size=4 prefill_layer_calls=18606 thin_calls=315 row_tile_calls=0 fallback_calls=kernel=0,batched=0,sorted=0,legacy=18290 fallback_reasons=legacy_default=18290,thin_only=315 fat_expert_runs=461242 direct_calls=0 scatter_calls=0 fat_layers=18291 fat_expert_slots=461253 max_rows=2048 fused_temps_allocs=1 fused_temps_bytes=14155776 fat_scratch_allocs=0 fat_scratch_bytes=0 fat_scratch_peak_bytes=0
(Worker_TP1 pid=1239) INFO 09-03 11:13:44 [exl3.py:451] exl3 fat-expert P0: layers=18648 fat_layers=18333 (98.3%) fat_expert_slots=462365 max_rows=2048 avg_max_rows=1409.5 hist_le128=315 hist_gt128=18333 hist=[0, 21, 56, 238, 129, 1531, 2196, 14477, 0]
(Worker_TP1 pid=1239) INFO 09-03 11:13:44 [exl3.py:464] exl3 e2 diag schema=1 configured_tier=legacy effective_tier=legacy tier_reason=none_requested shared_suh=1 shared_suh_layers=42/42 sym_exl3_moe=1 sym_fat_gemm=1 sym_fat_gemm_scatter=1 cap=12.1 cap_ok=1 tp_rank=1 tp_size=4 prefill_layer_calls=18648 thin_calls=315 row_tile_calls=0 fallback_calls=kernel=0,batched=0,sorted=0,legacy=18332 fallback_reasons=legacy_default=18332,thin_only=315 fat_expert_runs=462354 direct_calls=0 scatter_calls=0 fat_layers=18333 fat_expert_slots=462365 max_rows=2048 fused_temps_allocs=1 fused_temps_bytes=14155776 fat_scratch_allocs=0 fat_scratch_bytes=0 fat_scratch_peak_bytes=0
(Worker_TP1 pid=1239) INFO 09-03 11:13:46 [exl3.py:451] exl3 fat-expert P0: layers=18690 fat_layers=18375 (98.3%) fat_expert_slots=463514 max_rows=2048 avg_max_rows=1409.2 hist_le128=315 hist_gt128=18375 hist=[0, 21, 56, 238, 129, 1535, 2203, 14508, 0]
(Worker_TP1 pid=1239) INFO 09-03 11:13:46 [exl3.py:464] exl3 e2 diag schema=1 configured_tier=legacy effective_tier=legacy tier_reason=none_requested shared_suh=1 shared_suh_layers=42/42 sym_exl3_moe=1 sym_fat_gemm=1 sym_fat_gemm_scatter=1 cap=12.1 cap_ok=1 tp_rank=1 tp_size=4 prefill_layer_calls=18690 thin_calls=315 row_tile_calls=0 fallback_calls=kernel=0,batched=0,sorted=0,legacy=18374 fallback_reasons=legacy_default=18374,thin_only=315 fat_expert_runs=463501 direct_calls=0 scatter_calls=0 fat_layers=18375 fat_expert_slots=463514 max_rows=2048 fused_temps_allocs=1 fused_temps_bytes=14155776 fat_scratch_allocs=0 fat_scratch_bytes=0 fat_scratch_peak_bytes=0
(Worker_TP1 pid=1239) INFO 09-03 11:13:48 [exl3.py:451] exl3 fat-expert P0: layers=18732 fat_layers=18417 (98.3%) fat_expert_slots=464562 max_rows=2048 avg_max_rows=1409.2 hist_le128=315 hist_gt128=18417 hist=[0, 21, 56, 238, 129, 1539, 2205, 14544, 0]
(Worker_TP1 pid=1239) INFO 09-03 11:13:48 [exl3.py:464] exl3 e2 diag schema=1 configured_tier=legacy effective_tier=legacy tier_reason=none_requested shared_suh=1 shared_suh_layers=42/42 sym_exl3_moe=1 sym_fat_gemm=1 sym_fat_gemm_scatter=1 cap=12.1 cap_ok=1 tp_rank=1 tp_size=4 prefill_layer_calls=18732 thin_calls=315 row_tile_calls=0 fallback_calls=kernel=0,batched=0,sorted=0,legacy=18416 fallback_reasons=legacy_default=18416,thin_only=315 fat_expert_runs=464541 direct_calls=0 scatter_calls=0 fat_layers=18417 fat_expert_slots=464562 max_rows=2048 fused_temps_allocs=1 fused_temps_bytes=14155776 fat_scratch_allocs=0 fat_scratch_bytes=0 fat_scratch_peak_bytes=0
(Worker_TP1 pid=1239) INFO 09-03 11:13:49 [exl3.py:451] exl3 fat-expert P0: layers=18774 fat_layers=18459 (98.3%) fat_expert_slots=465609 max_rows=2048 avg_max_rows=1409.4 hist_le128=315 hist_gt128=18459 hist=[0, 21, 56, 238, 129, 1543, 2207, 14580, 0]
(Worker_TP1 pid=1239) INFO 09-03 11:13:49 [exl3.py:464] exl3 e2 diag schema=1 configured_tier=legacy effective_tier=legacy tier_reason=none_requested shared_suh=1 shared_suh_layers=42/42 sym_exl3_moe=1 sym_fat_gemm=1 sym_fat_gemm_scatter=1 cap=12.1 cap_ok=1 tp_rank=1 tp_size=4 prefill_layer_calls=18774 thin_calls=315 row_tile_calls=0 fallback_calls=kernel=0,batched=0,sorted=0,legacy=18458 fallback_reasons=legacy_default=18458,thin_only=315 fat_expert_runs=465588 direct_calls=0 scatter_calls=0 fat_layers=18459 fat_expert_slots=465609 max_rows=2048 fused_temps_allocs=1 fused_temps_bytes=14155776 fat_scratch_allocs=0 fat_scratch_bytes=0 fat_scratch_peak_bytes=0
(Worker_TP1 pid=1239) INFO 09-03 11:13:51 [exl3.py:451] exl3 fat-expert P0: layers=18816 fat_layers=18501 (98.3%) fat_expert_slots=466667 max_rows=2048 avg_max_rows=1409.5 hist_le128=315 hist_gt128=18501 hist=[0, 21, 56, 238, 129, 1547, 2210, 14615, 0]
(Worker_TP1 pid=1239) INFO 09-03 11:13:51 [exl3.py:464] exl3 e2 diag schema=1 configured_tier=legacy effective_tier=legacy tier_reason=none_requested shared_suh=1 shared_suh_layers=42/42 sym_exl3_moe=1 sym_fat_gemm=1 sym_fat_gemm_scatter=1 cap=12.1 cap_ok=1 tp_rank=1 tp_size=4 prefill_layer_calls=18816 thin_calls=315 row_tile_calls=0 fallback_calls=kernel=0,batched=0,sorted=0,legacy=18500 fallback_reasons=legacy_default=18500,thin_only=315 fat_expert_runs=466645 direct_calls=0 scatter_calls=0 fat_layers=18501 fat_expert_slots=466667 max_rows=2048 fused_temps_allocs=1 fused_temps_bytes=14155776 fat_scratch_allocs=0 fat_scratch_bytes=0 fat_scratch_peak_bytes=0
(Worker_TP1 pid=1239) INFO 09-03 11:13:53 [exl3.py:451] exl3 fat-expert P0: layers=18858 fat_layers=18543 (98.3%) fat_expert_slots=467733 max_rows=2048 avg_max_rows=1409.7 hist_le128=315 hist_gt128=18543 hist=[0, 21, 56, 238, 129, 1550, 2214, 14650, 0]
(Worker_TP1 pid=1239) INFO 09-03 11:13:53 [exl3.py:464] exl3 e2 diag schema=1 configured_tier=legacy effective_tier=legacy tier_reason=none_requested shared_suh=1 shared_suh_layers=42/42 sym_exl3_moe=1 sym_fat_gemm=1 sym_fat_gemm_scatter=1 cap=12.1 cap_ok=1 tp_rank=1 tp_size=4 prefill_layer_calls=18858 thin_calls=315 row_tile_calls=0 fallback_calls=kernel=0,batched=0,sorted=0,legacy=18542 fallback_reasons=legacy_default=18542,thin_only=315 fat_expert_runs=467712 direct_calls=0 scatter_calls=0 fat_layers=18543 fat_expert_slots=467733 max_rows=2048 fused_temps_allocs=1 fused_temps_bytes=14155776 fat_scratch_allocs=0 fat_scratch_bytes=0 fat_scratch_peak_bytes=0
(Worker_TP1 pid=1239) INFO 09-03 11:13:55 [exl3.py:451] exl3 fat-expert P0: layers=18900 fat_layers=18585 (98.3%) fat_expert_slots=468795 max_rows=2048 avg_max_rows=1409.8 hist_le128=315 hist_gt128=18585 hist=[0, 21, 56, 238, 129, 1553, 2218, 14685, 0]
(Worker_TP1 pid=1239) INFO 09-03 11:13:55 [exl3.py:464] exl3 e2 diag schema=1 configured_tier=legacy effective_tier=legacy tier_reason=none_requested shared_suh=1 shared_suh_layers=42/42 sym_exl3_moe=1 sym_fat_gemm=1 sym_fat_gemm_scatter=1 cap=12.1 cap_ok=1 tp_rank=1 tp_size=4 prefill_layer_calls=18900 thin_calls=315 row_tile_calls=0 fallback_calls=kernel=0,batched=0,sorted=0,legacy=18584 fallback_reasons=legacy_default=18584,thin_only=315 fat_expert_runs=468773 direct_calls=0 scatter_calls=0 fat_layers=18585 fat_expert_slots=468795 max_rows=2048 fused_temps_allocs=1 fused_temps_bytes=14155776 fat_scratch_allocs=0 fat_scratch_bytes=0 fat_scratch_peak_bytes=0
(Worker_TP1 pid=1239) INFO 09-03 11:13:56 [exl3.py:451] exl3 fat-expert P0: layers=18942 fat_layers=18627 (98.3%) fat_expert_slots=469849 max_rows=2048 avg_max_rows=1410.0 hist_le128=315 hist_gt128=18627 hist=[0, 21, 56, 238, 129, 1557, 2221, 14720, 0]
(Worker_TP1 pid=1239) INFO 09-03 11:13:56 [exl3.py:464] exl3 e2 diag schema=1 configured_tier=legacy effective_tier=legacy tier_reason=none_requested shared_suh=1 shared_suh_layers=42/42 sym_exl3_moe=1 sym_fat_gemm=1 sym_fat_gemm_scatter=1 cap=12.1 cap_ok=1 tp_rank=1 tp_size=4 prefill_layer_calls=18942 thin_calls=315 row_tile_calls=0 fallback_calls=kernel=0,batched=0,sorted=0,legacy=18626 fallback_reasons=legacy_default=18626,thin_only=315 fat_expert_runs=469828 direct_calls=0 scatter_calls=0 fat_layers=18627 fat_expert_slots=469849 max_rows=2048 fused_temps_allocs=1 fused_temps_bytes=14155776 fat_scratch_allocs=0 fat_scratch_bytes=0 fat_scratch_peak_bytes=0
(Worker_TP1 pid=1239) INFO 09-03 11:13:58 [exl3.py:451] exl3 fat-expert P0: layers=18984 fat_layers=18669 (98.3%) fat_expert_slots=470899 max_rows=2048 avg_max_rows=1410.1 hist_le128=315 hist_gt128=18669 hist=[0, 21, 56, 238, 129, 1560, 2226, 14754, 0]
(Worker_TP1 pid=1239) INFO 09-03 11:13:58 [exl3.py:464] exl3 e2 diag schema=1 configured_tier=legacy effective_tier=legacy tier_reason=none_requested shared_suh=1 shared_suh_layers=42/42 sym_exl3_moe=1 sym_fat_gemm=1 sym_fat_gemm_scatter=1 cap=12.1 cap_ok=1 tp_rank=1 tp_size=4 prefill_layer_calls=18984 thin_calls=315 row_tile_calls=0 fallback_calls=kernel=0,batched=0,sorted=0,legacy=18668 fallback_reasons=legacy_default=18668,thin_only=315 fat_expert_runs=470881 direct_calls=0 scatter_calls=0 fat_layers=18669 fat_expert_slots=470899 max_rows=2048 fused_temps_allocs=1 fused_temps_bytes=14155776 fat_scratch_allocs=0 fat_scratch_bytes=0 fat_scratch_peak_bytes=0
(Worker_TP1 pid=1239) INFO 09-03 11:14:00 [exl3.py:451] exl3 fat-expert P0: layers=19026 fat_layers=18711 (98.3%) fat_expert_slots=471939 max_rows=2048 avg_max_rows=1410.3 hist_le128=315 hist_gt128=18711 hist=[0, 21, 56, 238, 129, 1563, 2231, 14788, 0]
(Worker_TP1 pid=1239) INFO 09-03 11:14:00 [exl3.py:464] exl3 e2 diag schema=1 configured_tier=legacy effective_tier=legacy tier_reason=none_requested shared_suh=1 shared_suh_layers=42/42 sym_exl3_moe=1 sym_fat_gemm=1 sym_fat_gemm_scatter=1 cap=12.1 cap_ok=1 tp_rank=1 tp_size=4 prefill_layer_calls=19026 thin_calls=315 row_tile_calls=0 fallback_calls=kernel=0,batched=0,sorted=0,legacy=18710 fallback_reasons=legacy_default=18710,thin_only=315 fat_expert_runs=471919 direct_calls=0 scatter_calls=0 fat_layers=18711 fat_expert_slots=471939 max_rows=2048 fused_temps_allocs=1 fused_temps_bytes=14155776 fat_scratch_allocs=0 fat_scratch_bytes=0 fat_scratch_peak_bytes=0
(Worker_TP1 pid=1239) INFO 09-03 11:14:01 [exl3.py:451] exl3 fat-expert P0: layers=19068 fat_layers=18753 (98.3%) fat_expert_slots=472984 max_rows=2048 avg_max_rows=1410.4 hist_le128=315 hist_gt128=18753 hist=[0, 21, 56, 238, 129, 1566, 2235, 14823, 0]
(Worker_TP1 pid=1239) INFO 09-03 11:14:01 [exl3.py:464] exl3 e2 diag schema=1 configured_tier=legacy effective_tier=legacy tier_reason=none_requested shared_suh=1 shared_suh_layers=42/42 sym_exl3_moe=1 sym_fat_gemm=1 sym_fat_gemm_scatter=1 cap=12.1 cap_ok=1 tp_rank=1 tp_size=4 prefill_layer_calls=19068 thin_calls=315 row_tile_calls=0 fallback_calls=kernel=0,batched=0,sorted=0,legacy=18752 fallback_reasons=legacy_default=18752,thin_only=315 fat_expert_runs=472967 direct_calls=0 scatter_calls=0 fat_layers=18753 fat_expert_slots=472984 max_rows=2048 fused_temps_allocs=1 fused_temps_bytes=14155776 fat_scratch_allocs=0 fat_scratch_bytes=0 fat_scratch_peak_bytes=0
(Worker_TP1 pid=1239) INFO 09-03 11:14:03 [exl3.py:451] exl3 fat-expert P0: layers=19110 fat_layers=18795 (98.4%) fat_expert_slots=474030 max_rows=2048 avg_max_rows=1410.6 hist_le128=315 hist_gt128=18795 hist=[0, 21, 56, 238, 129, 1569, 2239, 14858, 0]
(Worker_TP1 pid=1239) INFO 09-03 11:14:03 [exl3.py:464] exl3 e2 diag schema=1 configured_tier=legacy effective_tier=legacy tier_reason=none_requested shared_suh=1 shared_suh_layers=42/42 sym_exl3_moe=1 sym_fat_gemm=1 sym_fat_gemm_scatter=1 cap=12.1 cap_ok=1 tp_rank=1 tp_size=4 prefill_layer_calls=19110 thin_calls=315 row_tile_calls=0 fallback_calls=kernel=0,batched=0,sorted=0,legacy=18794 fallback_reasons=legacy_default=18794,thin_only=315 fat_expert_runs=474011 direct_calls=0 scatter_calls=0 fat_layers=18795 fat_expert_slots=474030 max_rows=2048 fused_temps_allocs=1 fused_temps_bytes=14155776 fat_scratch_allocs=0 fat_scratch_bytes=0 fat_scratch_peak_bytes=0
(Worker_TP1 pid=1239) INFO 09-03 11:14:05 [exl3.py:451] exl3 fat-expert P0: layers=19152 fat_layers=18837 (98.4%) fat_expert_slots=475068 max_rows=2048 avg_max_rows=1410.7 hist_le128=315 hist_gt128=18837 hist=[0, 21, 56, 238, 129, 1572, 2246, 14890, 0]
(Worker_TP1 pid=1239) INFO 09-03 11:14:05 [exl3.py:464] exl3 e2 diag schema=1 configured_tier=legacy effective_tier=legacy tier_reason=none_requested shared_suh=1 shared_suh_layers=42/42 sym_exl3_moe=1 sym_fat_gemm=1 sym_fat_gemm_scatter=1 cap=12.1 cap_ok=1 tp_rank=1 tp_size=4 prefill_layer_calls=19152 thin_calls=315 row_tile_calls=0 fallback_calls=kernel=0,batched=0,sorted=0,legacy=18836 fallback_reasons=legacy_default=18836,thin_only=315 fat_expert_runs=475051 direct_calls=0 scatter_calls=0 fat_layers=18837 fat_expert_slots=475068 max_rows=2048 fused_temps_allocs=1 fused_temps_bytes=14155776 fat_scratch_allocs=0 fat_scratch_bytes=0 fat_scratch_peak_bytes=0
(Worker_TP1 pid=1239) INFO 09-03 11:14:07 [exl3.py:451] exl3 fat-expert P0: layers=19194 fat_layers=18879 (98.4%) fat_expert_slots=476111 max_rows=2048 avg_max_rows=1410.8 hist_le128=315 hist_gt128=18879 hist=[0, 21, 56, 238, 129, 1575, 2253, 14922, 0]
(Worker_TP1 pid=1239) INFO 09-03 11:14:07 [exl3.py:464] exl3 e2 diag schema=1 configured_tier=legacy effective_tier=legacy tier_reason=none_requested shared_suh=1 shared_suh_layers=42/42 sym_exl3_moe=1 sym_fat_gemm=1 sym_fat_gemm_scatter=1 cap=12.1 cap_ok=1 tp_rank=1 tp_size=4 prefill_layer_calls=19194 thin_calls=315 row_tile_calls=0 fallback_calls=kernel=0,batched=0,sorted=0,legacy=18878 fallback_reasons=legacy_default=18878,thin_only=315 fat_expert_runs=476092 direct_calls=0 scatter_calls=0 fat_layers=18879 fat_expert_slots=476111 max_rows=2048 fused_temps_allocs=1 fused_temps_bytes=14155776 fat_scratch_allocs=0 fat_scratch_bytes=0 fat_scratch_peak_bytes=0
(Worker_TP1 pid=1239) INFO 09-03 11:14:08 [exl3.py:451] exl3 fat-expert P0: layers=19236 fat_layers=18921 (98.4%) fat_expert_slots=477144 max_rows=2048 avg_max_rows=1411.0 hist_le128=315 hist_gt128=18921 hist=[0, 21, 56, 238, 129, 1578, 2258, 14956, 0]
(Worker_TP1 pid=1239) INFO 09-03 11:14:08 [exl3.py:464] exl3 e2 diag schema=1 configured_tier=legacy effective_tier=legacy tier_reason=none_requested shared_suh=1 shared_suh_layers=42/42 sym_exl3_moe=1 sym_fat_gemm=1 sym_fat_gemm_scatter=1 cap=12.1 cap_ok=1 tp_rank=1 tp_size=4 prefill_layer_calls=19236 thin_calls=315 row_tile_calls=0 fallback_calls=kernel=0,batched=0,sorted=0,legacy=18920 fallback_reasons=legacy_default=18920,thin_only=315 fat_expert_runs=477129 direct_calls=0 scatter_calls=0 fat_layers=18921 fat_expert_slots=477144 max_rows=2048 fused_temps_allocs=1 fused_temps_bytes=14155776 fat_scratch_allocs=0 fat_scratch_bytes=0 fat_scratch_peak_bytes=0
(Worker_TP1 pid=1239) INFO 09-03 11:14:10 [exl3.py:451] exl3 fat-expert P0: layers=19278 fat_layers=18963 (98.4%) fat_expert_slots=478175 max_rows=2048 avg_max_rows=1411.1 hist_le128=315 hist_gt128=18963 hist=[0, 21, 56, 238, 129, 1581, 2265, 14988, 0]
(Worker_TP1 pid=1239) INFO 09-03 11:14:10 [exl3.py:464] exl3 e2 diag schema=1 configured_tier=legacy effective_tier=legacy tier_reason=none_requested shared_suh=1 shared_suh_layers=42/42 sym_exl3_moe=1 sym_fat_gemm=1 sym_fat_gemm_scatter=1 cap=12.1 cap_ok=1 tp_rank=1 tp_size=4 prefill_layer_calls=19278 thin_calls=315 row_tile_calls=0 fallback_calls=kernel=0,batched=0,sorted=0,legacy=18962 fallback_reasons=legacy_default=18962,thin_only=315 fat_expert_runs=478160 direct_calls=0 scatter_calls=0 fat_layers=18963 fat_expert_slots=478175 max_rows=2048 fused_temps_allocs=1 fused_temps_bytes=14155776 fat_scratch_allocs=0 fat_scratch_bytes=0 fat_scratch_peak_bytes=0
(Worker_TP1 pid=1239) INFO 09-03 11:14:12 [exl3.py:451] exl3 fat-expert P0: layers=19320 fat_layers=19005 (98.4%) fat_expert_slots=479226 max_rows=2048 avg_max_rows=1411.2 hist_le128=315 hist_gt128=19005 hist=[0, 21, 56, 238, 129, 1585, 2268, 15023, 0]
(Worker_TP1 pid=1239) INFO 09-03 11:14:12 [exl3.py:464] exl3 e2 diag schema=1 configured_tier=legacy effective_tier=legacy tier_reason=none_requested shared_suh=1 shared_suh_layers=42/42 sym_exl3_moe=1 sym_fat_gemm=1 sym_fat_gemm_scatter=1 cap=12.1 cap_ok=1 tp_rank=1 tp_size=4 prefill_layer_calls=19320 thin_calls=315 row_tile_calls=0 fallback_calls=kernel=0,batched=0,sorted=0,legacy=19004 fallback_reasons=legacy_default=19004,thin_only=315 fat_expert_runs=479213 direct_calls=0 scatter_calls=0 fat_layers=19005 fat_expert_slots=479226 max_rows=2048 fused_temps_allocs=1 fused_temps_bytes=14155776 fat_scratch_allocs=0 fat_scratch_bytes=0 fat_scratch_peak_bytes=0
(Worker_TP1 pid=1239) INFO 09-03 11:14:13 [exl3.py:451] exl3 fat-expert P0: layers=19362 fat_layers=19047 (98.4%) fat_expert_slots=480249 max_rows=2048 avg_max_rows=1411.3 hist_le128=315 hist_gt128=19047 hist=[0, 21, 56, 238, 129, 1588, 2274, 15056, 0]
(Worker_TP1 pid=1239) INFO 09-03 11:14:13 [exl3.py:464] exl3 e2 diag schema=1 configured_tier=legacy effective_tier=legacy tier_reason=none_requested shared_suh=1 shared_suh_layers=42/42 sym_exl3_moe=1 sym_fat_gemm=1 sym_fat_gemm_scatter=1 cap=12.1 cap_ok=1 tp_rank=1 tp_size=4 prefill_layer_calls=19362 thin_calls=315 row_tile_calls=0 fallback_calls=kernel=0,batched=0,sorted=0,legacy=19046 fallback_reasons=legacy_default=19046,thin_only=315 fat_expert_runs=480235 direct_calls=0 scatter_calls=0 fat_layers=19047 fat_expert_slots=480249 max_rows=2048 fused_temps_allocs=1 fused_temps_bytes=14155776 fat_scratch_allocs=0 fat_scratch_bytes=0 fat_scratch_peak_bytes=0
(Worker_TP1 pid=1239) INFO 09-03 11:14:15 [exl3.py:451] exl3 fat-expert P0: layers=19404 fat_layers=19089 (98.4%) fat_expert_slots=481282 max_rows=2048 avg_max_rows=1411.4 hist_le128=315 hist_gt128=19089 hist=[0, 21, 56, 238, 129, 1591, 2281, 15088, 0]
(Worker_TP1 pid=1239) INFO 09-03 11:14:15 [exl3.py:464] exl3 e2 diag schema=1 configured_tier=legacy effective_tier=legacy tier_reason=none_requested shared_suh=1 shared_suh_layers=42/42 sym_exl3_moe=1 sym_fat_gemm=1 sym_fat_gemm_scatter=1 cap=12.1 cap_ok=1 tp_rank=1 tp_size=4 prefill_layer_calls=19404 thin_calls=315 row_tile_calls=0 fallback_calls=kernel=0,batched=0,sorted=0,legacy=19088 fallback_reasons=legacy_default=19088,thin_only=315 fat_expert_runs=481269 direct_calls=0 scatter_calls=0 fat_layers=19089 fat_expert_slots=481282 max_rows=2048 fused_temps_allocs=1 fused_temps_bytes=14155776 fat_scratch_allocs=0 fat_scratch_bytes=0 fat_scratch_peak_bytes=0
(Worker_TP1 pid=1239) INFO 09-03 11:14:17 [exl3.py:451] exl3 fat-expert P0: layers=19446 fat_layers=19131 (98.4%) fat_expert_slots=482313 max_rows=2048 avg_max_rows=1411.5 hist_le128=315 hist_gt128=19131 hist=[0, 21, 56, 238, 129, 1594, 2287, 15121, 0]
(Worker_TP1 pid=1239) INFO 09-03 11:14:17 [exl3.py:464] exl3 e2 diag schema=1 configured_tier=legacy effective_tier=legacy tier_reason=none_requested shared_suh=1 shared_suh_layers=42/42 sym_exl3_moe=1 sym_fat_gemm=1 sym_fat_gemm_scatter=1 cap=12.1 cap_ok=1 tp_rank=1 tp_size=4 prefill_layer_calls=19446 thin_calls=315 row_tile_calls=0 fallback_calls=kernel=0,batched=0,sorted=0,legacy=19130 fallback_reasons=legacy_default=19130,thin_only=315 fat_expert_runs=482298 direct_calls=0 scatter_calls=0 fat_layers=19131 fat_expert_slots=482313 max_rows=2048 fused_temps_allocs=1 fused_temps_bytes=14155776 fat_scratch_allocs=0 fat_scratch_bytes=0 fat_scratch_peak_bytes=0
(Worker_TP1 pid=1239) INFO 09-03 11:14:18 [exl3.py:451] exl3 fat-expert P0: layers=19488 fat_layers=19173 (98.4%) fat_expert_slots=483363 max_rows=2048 avg_max_rows=1411.6 hist_le128=315 hist_gt128=19173 hist=[0, 21, 56, 238, 129, 1597, 2293, 15154, 0]
(Worker_TP1 pid=1239) INFO 09-03 11:14:18 [exl3.py:464] exl3 e2 diag schema=1 configured_tier=legacy effective_tier=legacy tier_reason=none_requested shared_suh=1 shared_suh_layers=42/42 sym_exl3_moe=1 sym_fat_gemm=1 sym_fat_gemm_scatter=1 cap=12.1 cap_ok=1 tp_rank=1 tp_size=4 prefill_layer_calls=19488 thin_calls=315 row_tile_calls=0 fallback_calls=kernel=0,batched=0,sorted=0,legacy=19172 fallback_reasons=legacy_default=19172,thin_only=315 fat_expert_runs=483348 direct_calls=0 scatter_calls=0 fat_layers=19173 fat_expert_slots=483363 max_rows=2048 fused_temps_allocs=1 fused_temps_bytes=14155776 fat_scratch_allocs=0 fat_scratch_bytes=0 fat_scratch_peak_bytes=0
(Worker_TP1 pid=1239) INFO 09-03 11:14:20 [exl3.py:451] exl3 fat-expert P0: layers=19530 fat_layers=19215 (98.4%) fat_expert_slots=484421 max_rows=2048 avg_max_rows=1411.6 hist_le128=315 hist_gt128=19215 hist=[0, 21, 56, 238, 129, 1601, 2296, 15189, 0]
(Worker_TP1 pid=1239) INFO 09-03 11:14:20 [exl3.py:464] exl3 e2 diag schema=1 configured_tier=legacy effective_tier=legacy tier_reason=none_requested shared_suh=1 shared_suh_layers=42/42 sym_exl3_moe=1 sym_fat_gemm=1 sym_fat_gemm_scatter=1 cap=12.1 cap_ok=1 tp_rank=1 tp_size=4 prefill_layer_calls=19530 thin_calls=315 row_tile_calls=0 fallback_calls=kernel=0,batched=0,sorted=0,legacy=19214 fallback_reasons=legacy_default=19214,thin_only=315 fat_expert_runs=484404 direct_calls=0 scatter_calls=0 fat_layers=19215 fat_expert_slots=484421 max_rows=2048 fused_temps_allocs=1 fused_temps_bytes=14155776 fat_scratch_allocs=0 fat_scratch_bytes=0 fat_scratch_peak_bytes=0
(Worker_TP1 pid=1239) INFO 09-03 11:14:22 [exl3.py:451] exl3 fat-expert P0: layers=19572 fat_layers=19257 (98.4%) fat_expert_slots=485462 max_rows=2048 avg_max_rows=1411.7 hist_le128=315 hist_gt128=19257 hist=[0, 21, 56, 238, 129, 1604, 2301, 15223, 0]
(Worker_TP1 pid=1239) INFO 09-03 11:14:22 [exl3.py:464] exl3 e2 diag schema=1 configured_tier=legacy effective_tier=legacy tier_reason=none_requested shared_suh=1 shared_suh_layers=42/42 sym_exl3_moe=1 sym_fat_gemm=1 sym_fat_gemm_scatter=1 cap=12.1 cap_ok=1 tp_rank=1 tp_size=4 prefill_layer_calls=19572 thin_calls=315 row_tile_calls=0 fallback_calls=kernel=0,batched=0,sorted=0,legacy=19256 fallback_reasons=legacy_default=19256,thin_only=315 fat_expert_runs=485445 direct_calls=0 scatter_calls=0 fat_layers=19257 fat_expert_slots=485462 max_rows=2048 fused_temps_allocs=1 fused_temps_bytes=14155776 fat_scratch_allocs=0 fat_scratch_bytes=0 fat_scratch_peak_bytes=0
(Worker_TP1 pid=1239) INFO 09-03 11:14:24 [exl3.py:451] exl3 fat-expert P0: layers=19614 fat_layers=19299 (98.4%) fat_expert_slots=486527 max_rows=2048 avg_max_rows=1411.8 hist_le128=315 hist_gt128=19299 hist=[0, 21, 56, 238, 129, 1608, 2305, 15257, 0]
(Worker_TP1 pid=1239) INFO 09-03 11:14:24 [exl3.py:464] exl3 e2 diag schema=1 configured_tier=legacy effective_tier=legacy tier_reason=none_requested shared_suh=1 shared_suh_layers=42/42 sym_exl3_moe=1 sym_fat_gemm=1 sym_fat_gemm_scatter=1 cap=12.1 cap_ok=1 tp_rank=1 tp_size=4 prefill_layer_calls=19614 thin_calls=315 row_tile_calls=0 fallback_calls=kernel=0,batched=0,sorted=0,legacy=19298 fallback_reasons=legacy_default=19298,thin_only=315 fat_expert_runs=486514 direct_calls=0 scatter_calls=0 fat_layers=19299 fat_expert_slots=486527 max_rows=2048 fused_temps_allocs=1 fused_temps_bytes=14155776 fat_scratch_allocs=0 fat_scratch_bytes=0 fat_scratch_peak_bytes=0
(Worker_TP1 pid=1239) INFO 09-03 11:14:25 [exl3.py:451] exl3 fat-expert P0: layers=19656 fat_layers=19341 (98.4%) fat_expert_slots=487589 max_rows=2048 avg_max_rows=1411.9 hist_le128=315 hist_gt128=19341 hist=[0, 21, 56, 238, 129, 1611, 2310, 15291, 0]
(Worker_TP1 pid=1239) INFO 09-03 11:14:25 [exl3.py:464] exl3 e2 diag schema=1 configured_tier=legacy effective_tier=legacy tier_reason=none_requested shared_suh=1 shared_suh_layers=42/42 sym_exl3_moe=1 sym_fat_gemm=1 sym_fat_gemm_scatter=1 cap=12.1 cap_ok=1 tp_rank=1 tp_size=4 prefill_layer_calls=19656 thin_calls=315 row_tile_calls=0 fallback_calls=kernel=0,batched=0,sorted=0,legacy=19340 fallback_reasons=legacy_default=19340,thin_only=315 fat_expert_runs=487575 direct_calls=0 scatter_calls=0 fat_layers=19341 fat_expert_slots=487589 max_rows=2048 fused_temps_allocs=1 fused_temps_bytes=14155776 fat_scratch_allocs=0 fat_scratch_bytes=0 fat_scratch_peak_bytes=0
(Worker_TP1 pid=1239) INFO 09-03 11:14:27 [exl3.py:451] exl3 fat-expert P0: layers=19698 fat_layers=19383 (98.4%) fat_expert_slots=488633 max_rows=2048 avg_max_rows=1412.0 hist_le128=315 hist_gt128=19383 hist=[0, 21, 56, 238, 129, 1615, 2315, 15324, 0]
(Worker_TP1 pid=1239) INFO 09-03 11:14:27 [exl3.py:464] exl3 e2 diag schema=1 configured_tier=legacy effective_tier=legacy tier_reason=none_requested shared_suh=1 shared_suh_layers=42/42 sym_exl3_moe=1 sym_fat_gemm=1 sym_fat_gemm_scatter=1 cap=12.1 cap_ok=1 tp_rank=1 tp_size=4 prefill_layer_calls=19698 thin_calls=315 row_tile_calls=0 fallback_calls=kernel=0,batched=0,sorted=0,legacy=19382 fallback_reasons=legacy_default=19382,thin_only=315 fat_expert_runs=488619 direct_calls=0 scatter_calls=0 fat_layers=19383 fat_expert_slots=488633 max_rows=2048 fused_temps_allocs=1 fused_temps_bytes=14155776 fat_scratch_allocs=0 fat_scratch_bytes=0 fat_scratch_peak_bytes=0
(Worker_TP1 pid=1239) INFO 09-03 11:14:29 [exl3.py:451] exl3 fat-expert P0: layers=19740 fat_layers=19425 (98.4%) fat_expert_slots=489678 max_rows=2048 avg_max_rows=1412.1 hist_le128=315 hist_gt128=19425 hist=[0, 21, 56, 238, 129, 1619, 2320, 15357, 0]
(Worker_TP1 pid=1239) INFO 09-03 11:14:29 [exl3.py:464] exl3 e2 diag schema=1 configured_tier=legacy effective_tier=legacy tier_reason=none_requested shared_suh=1 shared_suh_layers=42/42 sym_exl3_moe=1 sym_fat_gemm=1 sym_fat_gemm_scatter=1 cap=12.1 cap_ok=1 tp_rank=1 tp_size=4 prefill_layer_calls=19740 thin_calls=315 row_tile_calls=0 fallback_calls=kernel=0,batched=0,sorted=0,legacy=19424 fallback_reasons=legacy_default=19424,thin_only=315 fat_expert_runs=489665 direct_calls=0 scatter_calls=0 fat_layers=19425 fat_expert_slots=489678 max_rows=2048 fused_temps_allocs=1 fused_temps_bytes=14155776 fat_scratch_allocs=0 fat_scratch_bytes=0 fat_scratch_peak_bytes=0
(Worker_TP1 pid=1239) INFO 09-03 11:14:31 [exl3.py:451] exl3 fat-expert P0: layers=19782 fat_layers=19467 (98.4%) fat_expert_slots=490747 max_rows=2048 avg_max_rows=1412.2 hist_le128=315 hist_gt128=19467 hist=[0, 21, 56, 238, 129, 1623, 2325, 15390, 0]
(Worker_TP1 pid=1239) INFO 09-03 11:14:31 [exl3.py:464] exl3 e2 diag schema=1 configured_tier=legacy effective_tier=legacy tier_reason=none_requested shared_suh=1 shared_suh_layers=42/42 sym_exl3_moe=1 sym_fat_gemm=1 sym_fat_gemm_scatter=1 cap=12.1 cap_ok=1 tp_rank=1 tp_size=4 prefill_layer_calls=19782 thin_calls=315 row_tile_calls=0 fallback_calls=kernel=0,batched=0,sorted=0,legacy=19466 fallback_reasons=legacy_default=19466,thin_only=315 fat_expert_runs=490735 direct_calls=0 scatter_calls=0 fat_layers=19467 fat_expert_slots=490747 max_rows=2048 fused_temps_allocs=1 fused_temps_bytes=14155776 fat_scratch_allocs=0 fat_scratch_bytes=0 fat_scratch_peak_bytes=0
(Worker_TP1 pid=1239) INFO 09-03 11:14:32 [exl3.py:451] exl3 fat-expert P0: layers=19824 fat_layers=19509 (98.4%) fat_expert_slots=491814 max_rows=2048 avg_max_rows=1412.3 hist_le128=315 hist_gt128=19509 hist=[0, 21, 56, 238, 129, 1626, 2331, 15423, 0]
(Worker_TP1 pid=1239) INFO 09-03 11:14:32 [exl3.py:464] exl3 e2 diag schema=1 configured_tier=legacy effective_tier=legacy tier_reason=none_requested shared_suh=1 shared_suh_layers=42/42 sym_exl3_moe=1 sym_fat_gemm=1 sym_fat_gemm_scatter=1 cap=12.1 cap_ok=1 tp_rank=1 tp_size=4 prefill_layer_calls=19824 thin_calls=315 row_tile_calls=0 fallback_calls=kernel=0,batched=0,sorted=0,legacy=19508 fallback_reasons=legacy_default=19508,thin_only=315 fat_expert_runs=491803 direct_calls=0 scatter_calls=0 fat_layers=19509 fat_expert_slots=491814 max_rows=2048 fused_temps_allocs=1 fused_temps_bytes=14155776 fat_scratch_allocs=0 fat_scratch_bytes=0 fat_scratch_peak_bytes=0
(Worker_TP1 pid=1239) INFO 09-03 11:14:34 [exl3.py:451] exl3 fat-expert P0: layers=19866 fat_layers=19551 (98.4%) fat_expert_slots=492910 max_rows=2048 avg_max_rows=1412.3 hist_le128=315 hist_gt128=19551 hist=[0, 21, 56, 238, 129, 1630, 2336, 15456, 0]
(Worker_TP1 pid=1239) INFO 09-03 11:14:34 [exl3.py:464] exl3 e2 diag schema=1 configured_tier=legacy effective_tier=legacy tier_reason=none_requested shared_suh=1 shared_suh_layers=42/42 sym_exl3_moe=1 sym_fat_gemm=1 sym_fat_gemm_scatter=1 cap=12.1 cap_ok=1 tp_rank=1 tp_size=4 prefill_layer_calls=19866 thin_calls=315 row_tile_calls=0 fallback_calls=kernel=0,batched=0,sorted=0,legacy=19550 fallback_reasons=legacy_default=19550,thin_only=315 fat_expert_runs=492899 direct_calls=0 scatter_calls=0 fat_layers=19551 fat_expert_slots=492910 max_rows=2048 fused_temps_allocs=1 fused_temps_bytes=14155776 fat_scratch_allocs=0 fat_scratch_bytes=0 fat_scratch_peak_bytes=0
(Worker_TP1 pid=1239) INFO 09-03 11:14:36 [exl3.py:451] exl3 fat-expert P0: layers=19908 fat_layers=19593 (98.4%) fat_expert_slots=494010 max_rows=2048 avg_max_rows=1412.4 hist_le128=315 hist_gt128=19593 hist=[0, 21, 56, 238, 129, 1634, 2342, 15488, 0]
(Worker_TP1 pid=1239) INFO 09-03 11:14:36 [exl3.py:464] exl3 e2 diag schema=1 configured_tier=legacy effective_tier=legacy tier_reason=none_requested shared_suh=1 shared_suh_layers=42/42 sym_exl3_moe=1 sym_fat_gemm=1 sym_fat_gemm_scatter=1 cap=12.1 cap_ok=1 tp_rank=1 tp_size=4 prefill_layer_calls=19908 thin_calls=315 row_tile_calls=0 fallback_calls=kernel=0,batched=0,sorted=0,legacy=19592 fallback_reasons=legacy_default=19592,thin_only=315 fat_expert_runs=493999 direct_calls=0 scatter_calls=0 fat_layers=19593 fat_expert_slots=494010 max_rows=2048 fused_temps_allocs=1 fused_temps_bytes=14155776 fat_scratch_allocs=0 fat_scratch_bytes=0 fat_scratch_peak_bytes=0
(Worker_TP1 pid=1239) INFO 09-03 11:14:37 [exl3.py:451] exl3 fat-expert P0: layers=19950 fat_layers=19635 (98.4%) fat_expert_slots=495100 max_rows=2048 avg_max_rows=1412.5 hist_le128=315 hist_gt128=19635 hist=[0, 21, 56, 238, 129, 1638, 2347, 15521, 0]
(Worker_TP1 pid=1239) INFO 09-03 11:14:37 [exl3.py:464] exl3 e2 diag schema=1 configured_tier=legacy effective_tier=legacy tier_reason=none_requested shared_suh=1 shared_suh_layers=42/42 sym_exl3_moe=1 sym_fat_gemm=1 sym_fat_gemm_scatter=1 cap=12.1 cap_ok=1 tp_rank=1 tp_size=4 prefill_layer_calls=19950 thin_calls=315 row_tile_calls=0 fallback_calls=kernel=0,batched=0,sorted=0,legacy=19634 fallback_reasons=legacy_default=19634,thin_only=315 fat_expert_runs=495087 direct_calls=0 scatter_calls=0 fat_layers=19635 fat_expert_slots=495100 max_rows=2048 fused_temps_allocs=1 fused_temps_bytes=14155776 fat_scratch_allocs=0 fat_scratch_bytes=0 fat_scratch_peak_bytes=0
(Worker_TP1 pid=1239) INFO 09-03 11:14:39 [exl3.py:451] exl3 fat-expert P0: layers=19992 fat_layers=19677 (98.4%) fat_expert_slots=496177 max_rows=2048 avg_max_rows=1412.6 hist_le128=315 hist_gt128=19677 hist=[0, 21, 56, 238, 129, 1643, 2350, 15555, 0]
(Worker_TP1 pid=1239) INFO 09-03 11:14:39 [exl3.py:464] exl3 e2 diag schema=1 configured_tier=legacy effective_tier=legacy tier_reason=none_requested shared_suh=1 shared_suh_layers=42/42 sym_exl3_moe=1 sym_fat_gemm=1 sym_fat_gemm_scatter=1 cap=12.1 cap_ok=1 tp_rank=1 tp_size=4 prefill_layer_calls=19992 thin_calls=315 row_tile_calls=0 fallback_calls=kernel=0,batched=0,sorted=0,legacy=19676 fallback_reasons=legacy_default=19676,thin_only=315 fat_expert_runs=496166 direct_calls=0 scatter_calls=0 fat_layers=19677 fat_expert_slots=496177 max_rows=2048 fused_temps_allocs=1 fused_temps_bytes=14155776 fat_scratch_allocs=0 fat_scratch_bytes=0 fat_scratch_peak_bytes=0
(Worker_TP1 pid=1239) INFO 09-03 11:14:41 [exl3.py:451] exl3 fat-expert P0: layers=20034 fat_layers=19719 (98.4%) fat_expert_slots=497260 max_rows=2048 avg_max_rows=1412.6 hist_le128=315 hist_gt128=19719 hist=[0, 21, 56, 238, 129, 1646, 2357, 15587, 0]
(Worker_TP1 pid=1239) INFO 09-03 11:14:41 [exl3.py:464] exl3 e2 diag schema=1 configured_tier=legacy effective_tier=legacy tier_reason=none_requested shared_suh=1 shared_suh_layers=42/42 sym_exl3_moe=1 sym_fat_gemm=1 sym_fat_gemm_scatter=1 cap=12.1 cap_ok=1 tp_rank=1 tp_size=4 prefill_layer_calls=20034 thin_calls=315 row_tile_calls=0 fallback_calls=kernel=0,batched=0,sorted=0,legacy=19718 fallback_reasons=legacy_default=19718,thin_only=315 fat_expert_runs=497249 direct_calls=0 scatter_calls=0 fat_layers=19719 fat_expert_slots=497260 max_rows=2048 fused_temps_allocs=1 fused_temps_bytes=14155776 fat_scratch_allocs=0 fat_scratch_bytes=0 fat_scratch_peak_bytes=0
(Worker_TP1 pid=1239) INFO 09-03 11:14:43 [exl3.py:451] exl3 fat-expert P0: layers=20076 fat_layers=19761 (98.4%) fat_expert_slots=498355 max_rows=2048 avg_max_rows=1412.6 hist_le128=315 hist_gt128=19761 hist=[0, 21, 56, 238, 129, 1649, 2364, 15619, 0]
(Worker_TP1 pid=1239) INFO 09-03 11:14:43 [exl3.py:464] exl3 e2 diag schema=1 configured_tier=legacy effective_tier=legacy tier_reason=none_requested shared_suh=1 shared_suh_layers=42/42 sym_exl3_moe=1 sym_fat_gemm=1 sym_fat_gemm_scatter=1 cap=12.1 cap_ok=1 tp_rank=1 tp_size=4 prefill_layer_calls=20076 thin_calls=315 row_tile_calls=0 fallback_calls=kernel=0,batched=0,sorted=0,legacy=19760 fallback_reasons=legacy_default=19760,thin_only=315 fat_expert_runs=498344 direct_calls=0 scatter_calls=0 fat_layers=19761 fat_expert_slots=498355 max_rows=2048 fused_temps_allocs=1 fused_temps_bytes=14155776 fat_scratch_allocs=0 fat_scratch_bytes=0 fat_scratch_peak_bytes=0
(Worker_TP1 pid=1239) INFO 09-03 11:14:44 [exl3.py:451] exl3 fat-expert P0: layers=20118 fat_layers=19803 (98.4%) fat_expert_slots=499445 max_rows=2048 avg_max_rows=1412.7 hist_le128=315 hist_gt128=19803 hist=[0, 21, 56, 238, 129, 1652, 2371, 15651, 0]
(Worker_TP1 pid=1239) INFO 09-03 11:14:44 [exl3.py:464] exl3 e2 diag schema=1 configured_tier=legacy effective_tier=legacy tier_reason=none_requested shared_suh=1 shared_suh_layers=42/42 sym_exl3_moe=1 sym_fat_gemm=1 sym_fat_gemm_scatter=1 cap=12.1 cap_ok=1 tp_rank=1 tp_size=4 prefill_layer_calls=20118 thin_calls=315 row_tile_calls=0 fallback_calls=kernel=0,batched=0,sorted=0,legacy=19802 fallback_reasons=legacy_default=19802,thin_only=315 fat_expert_runs=499434 direct_calls=0 scatter_calls=0 fat_layers=19803 fat_expert_slots=499445 max_rows=2048 fused_temps_allocs=1 fused_temps_bytes=14155776 fat_scratch_allocs=0 fat_scratch_bytes=0 fat_scratch_peak_bytes=0
(Worker_TP1 pid=1239) INFO 09-03 11:14:46 [exl3.py:451] exl3 fat-expert P0: layers=20160 fat_layers=19845 (98.4%) fat_expert_slots=500564 max_rows=2048 avg_max_rows=1412.7 hist_le128=315 hist_gt128=19845 hist=[0, 21, 56, 238, 129, 1655, 2378, 15683, 0]
(Worker_TP1 pid=1239) INFO 09-03 11:14:46 [exl3.py:464] exl3 e2 diag schema=1 configured_tier=legacy effective_tier=legacy tier_reason=none_requested shared_suh=1 shared_suh_layers=42/42 sym_exl3_moe=1 sym_fat_gemm=1 sym_fat_gemm_scatter=1 cap=12.1 cap_ok=1 tp_rank=1 tp_size=4 prefill_layer_calls=20160 thin_calls=315 row_tile_calls=0 fallback_calls=kernel=0,batched=0,sorted=0,legacy=19844 fallback_reasons=legacy_default=19844,thin_only=315 fat_expert_runs=500553 direct_calls=0 scatter_calls=0 fat_layers=19845 fat_expert_slots=500564 max_rows=2048 fused_temps_allocs=1 fused_temps_bytes=14155776 fat_scratch_allocs=0 fat_scratch_bytes=0 fat_scratch_peak_bytes=0
(Worker_TP1 pid=1239) INFO 09-03 11:14:48 [exl3.py:451] exl3 fat-expert P0: layers=20202 fat_layers=19887 (98.4%) fat_expert_slots=501657 max_rows=2048 avg_max_rows=1412.7 hist_le128=315 hist_gt128=19887 hist=[0, 21, 56, 238, 129, 1658, 2385, 15715, 0]
(Worker_TP1 pid=1239) INFO 09-03 11:14:48 [exl3.py:464] exl3 e2 diag schema=1 configured_tier=legacy effective_tier=legacy tier_reason=none_requested shared_suh=1 shared_suh_layers=42/42 sym_exl3_moe=1 sym_fat_gemm=1 sym_fat_gemm_scatter=1 cap=12.1 cap_ok=1 tp_rank=1 tp_size=4 prefill_layer_calls=20202 thin_calls=315 row_tile_calls=0 fallback_calls=kernel=0,batched=0,sorted=0,legacy=19886 fallback_reasons=legacy_default=19886,thin_only=315 fat_expert_runs=501646 direct_calls=0 scatter_calls=0 fat_layers=19887 fat_expert_slots=501657 max_rows=2048 fused_temps_allocs=1 fused_temps_bytes=14155776 fat_scratch_allocs=0 fat_scratch_bytes=0 fat_scratch_peak_bytes=0
(Worker_TP1 pid=1239) INFO 09-03 11:14:50 [exl3.py:451] exl3 fat-expert P0: layers=20244 fat_layers=19929 (98.4%) fat_expert_slots=502762 max_rows=2048 avg_max_rows=1412.8 hist_le128=315 hist_gt128=19929 hist=[0, 21, 56, 238, 129, 1661, 2391, 15748, 0]
(Worker_TP1 pid=1239) INFO 09-03 11:14:50 [exl3.py:464] exl3 e2 diag schema=1 configured_tier=legacy effective_tier=legacy tier_reason=none_requested shared_suh=1 shared_suh_layers=42/42 sym_exl3_moe=1 sym_fat_gemm=1 sym_fat_gemm_scatter=1 cap=12.1 cap_ok=1 tp_rank=1 tp_size=4 prefill_layer_calls=20244 thin_calls=315 row_tile_calls=0 fallback_calls=kernel=0,batched=0,sorted=0,legacy=19928 fallback_reasons=legacy_default=19928,thin_only=315 fat_expert_runs=502751 direct_calls=0 scatter_calls=0 fat_layers=19929 fat_expert_slots=502762 max_rows=2048 fused_temps_allocs=1 fused_temps_bytes=14155776 fat_scratch_allocs=0 fat_scratch_bytes=0 fat_scratch_peak_bytes=0
(Worker_TP1 pid=1239) INFO 09-03 11:14:51 [exl3.py:451] exl3 fat-expert P0: layers=20286 fat_layers=19971 (98.4%) fat_expert_slots=503867 max_rows=2048 avg_max_rows=1412.8 hist_le128=315 hist_gt128=19971 hist=[0, 21, 56, 238, 129, 1664, 2398, 15780, 0]
(Worker_TP1 pid=1239) INFO 09-03 11:14:51 [exl3.py:464] exl3 e2 diag schema=1 configured_tier=legacy effective_tier=legacy tier_reason=none_requested shared_suh=1 shared_suh_layers=42/42 sym_exl3_moe=1 sym_fat_gemm=1 sym_fat_gemm_scatter=1 cap=12.1 cap_ok=1 tp_rank=1 tp_size=4 prefill_layer_calls=20286 thin_calls=315 row_tile_calls=0 fallback_calls=kernel=0,batched=0,sorted=0,legacy=19970 fallback_reasons=legacy_default=19970,thin_only=315 fat_expert_runs=503856 direct_calls=0 scatter_calls=0 fat_layers=19971 fat_expert_slots=503867 max_rows=2048 fused_temps_allocs=1 fused_temps_bytes=14155776 fat_scratch_allocs=0 fat_scratch_bytes=0 fat_scratch_peak_bytes=0
(Worker_TP1 pid=1239) INFO 09-03 11:14:53 [exl3.py:451] exl3 fat-expert P0: layers=20328 fat_layers=20013 (98.5%) fat_expert_slots=504991 max_rows=2048 avg_max_rows=1412.8 hist_le128=315 hist_gt128=20013 hist=[0, 21, 56, 238, 129, 1667, 2405, 15812, 0]
(Worker_TP1 pid=1239) INFO 09-03 11:14:53 [exl3.py:464] exl3 e2 diag schema=1 configured_tier=legacy effective_tier=legacy tier_reason=none_requested shared_suh=1 shared_suh_layers=42/42 sym_exl3_moe=1 sym_fat_gemm=1 sym_fat_gemm_scatter=1 cap=12.1 cap_ok=1 tp_rank=1 tp_size=4 prefill_layer_calls=20328 thin_calls=315 row_tile_calls=0 fallback_calls=kernel=0,batched=0,sorted=0,legacy=20012 fallback_reasons=legacy_default=20012,thin_only=315 fat_expert_runs=504979 direct_calls=0 scatter_calls=0 fat_layers=20013 fat_expert_slots=504991 max_rows=2048 fused_temps_allocs=1 fused_temps_bytes=14155776 fat_scratch_allocs=0 fat_scratch_bytes=0 fat_scratch_peak_bytes=0
(Worker_TP1 pid=1239) INFO 09-03 11:14:55 [exl3.py:451] exl3 fat-expert P0: layers=20370 fat_layers=20055 (98.5%) fat_expert_slots=506090 max_rows=2048 avg_max_rows=1412.8 hist_le128=315 hist_gt128=20055 hist=[0, 21, 56, 238, 129, 1670, 2412, 15844, 0]
(Worker_TP1 pid=1239) INFO 09-03 11:14:55 [exl3.py:464] exl3 e2 diag schema=1 configured_tier=legacy effective_tier=legacy tier_reason=none_requested shared_suh=1 shared_suh_layers=42/42 sym_exl3_moe=1 sym_fat_gemm=1 sym_fat_gemm_scatter=1 cap=12.1 cap_ok=1 tp_rank=1 tp_size=4 prefill_layer_calls=20370 thin_calls=315 row_tile_calls=0 fallback_calls=kernel=0,batched=0,sorted=0,legacy=20054 fallback_reasons=legacy_default=20054,thin_only=315 fat_expert_runs=506079 direct_calls=0 scatter_calls=0 fat_layers=20055 fat_expert_slots=506090 max_rows=2048 fused_temps_allocs=1 fused_temps_bytes=14155776 fat_scratch_allocs=0 fat_scratch_bytes=0 fat_scratch_peak_bytes=0
(Worker_TP1 pid=1239) INFO 09-03 11:14:56 [exl3.py:451] exl3 fat-expert P0: layers=20412 fat_layers=20097 (98.5%) fat_expert_slots=507196 max_rows=2048 avg_max_rows=1412.9 hist_le128=315 hist_gt128=20097 hist=[0, 21, 56, 238, 129, 1673, 2419, 15876, 0]
(Worker_TP1 pid=1239) INFO 09-03 11:14:56 [exl3.py:464] exl3 e2 diag schema=1 configured_tier=legacy effective_tier=legacy tier_reason=none_requested shared_suh=1 shared_suh_layers=42/42 sym_exl3_moe=1 sym_fat_gemm=1 sym_fat_gemm_scatter=1 cap=12.1 cap_ok=1 tp_rank=1 tp_size=4 prefill_layer_calls=20412 thin_calls=315 row_tile_calls=0 fallback_calls=kernel=0,batched=0,sorted=0,legacy=20096 fallback_reasons=legacy_default=20096,thin_only=315 fat_expert_runs=507185 direct_calls=0 scatter_calls=0 fat_layers=20097 fat_expert_slots=507196 max_rows=2048 fused_temps_allocs=1 fused_temps_bytes=14155776 fat_scratch_allocs=0 fat_scratch_bytes=0 fat_scratch_peak_bytes=0
(Worker_TP1 pid=1239) INFO 09-03 11:14:58 [exl3.py:451] exl3 fat-expert P0: layers=20454 fat_layers=20139 (98.5%) fat_expert_slots=508318 max_rows=2048 avg_max_rows=1412.8 hist_le128=315 hist_gt128=20139 hist=[0, 21, 56, 238, 129, 1676, 2426, 15908, 0]
(Worker_TP1 pid=1239) INFO 09-03 11:14:58 [exl3.py:464] exl3 e2 diag schema=1 configured_tier=legacy effective_tier=legacy tier_reason=none_requested shared_suh=1 shared_suh_layers=42/42 sym_exl3_moe=1 sym_fat_gemm=1 sym_fat_gemm_scatter=1 cap=12.1 cap_ok=1 tp_rank=1 tp_size=4 prefill_layer_calls=20454 thin_calls=315 row_tile_calls=0 fallback_calls=kernel=0,batched=0,sorted=0,legacy=20138 fallback_reasons=legacy_default=20138,thin_only=315 fat_expert_runs=508307 direct_calls=0 scatter_calls=0 fat_layers=20139 fat_expert_slots=508318 max_rows=2048 fused_temps_allocs=1 fused_temps_bytes=14155776 fat_scratch_allocs=0 fat_scratch_bytes=0 fat_scratch_peak_bytes=0
(Worker_TP1 pid=1239) INFO 09-03 11:15:00 [exl3.py:451] exl3 fat-expert P0: layers=20496 fat_layers=20181 (98.5%) fat_expert_slots=509429 max_rows=2048 avg_max_rows=1412.8 hist_le128=315 hist_gt128=20181 hist=[0, 21, 56, 238, 129, 1679, 2432, 15941, 0]
(Worker_TP1 pid=1239) INFO 09-03 11:15:00 [exl3.py:464] exl3 e2 diag schema=1 configured_tier=legacy effective_tier=legacy tier_reason=none_requested shared_suh=1 shared_suh_layers=42/42 sym_exl3_moe=1 sym_fat_gemm=1 sym_fat_gemm_scatter=1 cap=12.1 cap_ok=1 tp_rank=1 tp_size=4 prefill_layer_calls=20496 thin_calls=315 row_tile_calls=0 fallback_calls=kernel=0,batched=0,sorted=0,legacy=20180 fallback_reasons=legacy_default=20180,thin_only=315 fat_expert_runs=509418 direct_calls=0 scatter_calls=0 fat_layers=20181 fat_expert_slots=509429 max_rows=2048 fused_temps_allocs=1 fused_temps_bytes=14155776 fat_scratch_allocs=0 fat_scratch_bytes=0 fat_scratch_peak_bytes=0
(Worker_TP1 pid=1239) INFO 09-03 11:15:02 [exl3.py:451] exl3 fat-expert P0: layers=20538 fat_layers=20223 (98.5%) fat_expert_slots=510552 max_rows=2048 avg_max_rows=1412.8 hist_le128=315 hist_gt128=20223 hist=[0, 21, 56, 238, 129, 1682, 2438, 15974, 0]
(Worker_TP1 pid=1239) INFO 09-03 11:15:02 [exl3.py:464] exl3 e2 diag schema=1 configured_tier=legacy effective_tier=legacy tier_reason=none_requested shared_suh=1 shared_suh_layers=42/42 sym_exl3_moe=1 sym_fat_gemm=1 sym_fat_gemm_scatter=1 cap=12.1 cap_ok=1 tp_rank=1 tp_size=4 prefill_layer_calls=20538 thin_calls=315 row_tile_calls=0 fallback_calls=kernel=0,batched=0,sorted=0,legacy=20222 fallback_reasons=legacy_default=20222,thin_only=315 fat_expert_runs=510541 direct_calls=0 scatter_calls=0 fat_layers=20223 fat_expert_slots=510552 max_rows=2048 fused_temps_allocs=1 fused_temps_bytes=14155776 fat_scratch_allocs=0 fat_scratch_bytes=0 fat_scratch_peak_bytes=0
(Worker_TP1 pid=1239) INFO 09-03 11:15:04 [exl3.py:451] exl3 fat-expert P0: layers=20580 fat_layers=20265 (98.5%) fat_expert_slots=511669 max_rows=2048 avg_max_rows=1412.8 hist_le128=315 hist_gt128=20265 hist=[0, 21, 56, 238, 129, 1685, 2444, 16007, 0]
(Worker_TP1 pid=1239) INFO 09-03 11:15:04 [exl3.py:464] exl3 e2 diag schema=1 configured_tier=legacy effective_tier=legacy tier_reason=none_requested shared_suh=1 shared_suh_layers=42/42 sym_exl3_moe=1 sym_fat_gemm=1 sym_fat_gemm_scatter=1 cap=12.1 cap_ok=1 tp_rank=1 tp_size=4 prefill_layer_calls=20580 thin_calls=315 row_tile_calls=0 fallback_calls=kernel=0,batched=0,sorted=0,legacy=20264 fallback_reasons=legacy_default=20264,thin_only=315 fat_expert_runs=511658 direct_calls=0 scatter_calls=0 fat_layers=20265 fat_expert_slots=511669 max_rows=2048 fused_temps_allocs=1 fused_temps_bytes=14155776 fat_scratch_allocs=0 fat_scratch_bytes=0 fat_scratch_peak_bytes=0
(Worker_TP1 pid=1239) INFO 09-03 11:15:05 [exl3.py:451] exl3 fat-expert P0: layers=20622 fat_layers=20307 (98.5%) fat_expert_slots=512790 max_rows=2048 avg_max_rows=1412.7 hist_le128=315 hist_gt128=20307 hist=[0, 21, 56, 238, 129, 1689, 2449, 16040, 0]
(Worker_TP1 pid=1239) INFO 09-03 11:15:05 [exl3.py:464] exl3 e2 diag schema=1 configured_tier=legacy effective_tier=legacy tier_reason=none_requested shared_suh=1 shared_suh_layers=42/42 sym_exl3_moe=1 sym_fat_gemm=1 sym_fat_gemm_scatter=1 cap=12.1 cap_ok=1 tp_rank=1 tp_size=4 prefill_layer_calls=20622 thin_calls=315 row_tile_calls=0 fallback_calls=kernel=0,batched=0,sorted=0,legacy=20306 fallback_reasons=legacy_default=20306,thin_only=315 fat_expert_runs=512778 direct_calls=0 scatter_calls=0 fat_layers=20307 fat_expert_slots=512790 max_rows=2048 fused_temps_allocs=1 fused_temps_bytes=14155776 fat_scratch_allocs=0 fat_scratch_bytes=0 fat_scratch_peak_bytes=0
(Worker_TP1 pid=1239) INFO 09-03 11:15:07 [exl3.py:451] exl3 fat-expert P0: layers=20664 fat_layers=20349 (98.5%) fat_expert_slots=513885 max_rows=2048 avg_max_rows=1412.7 hist_le128=315 hist_gt128=20349 hist=[0, 21, 56, 238, 129, 1693, 2454, 16073, 0]
(Worker_TP1 pid=1239) INFO 09-03 11:15:07 [exl3.py:464] exl3 e2 diag schema=1 configured_tier=legacy effective_tier=legacy tier_reason=none_requested shared_suh=1 shared_suh_layers=42/42 sym_exl3_moe=1 sym_fat_gemm=1 sym_fat_gemm_scatter=1 cap=12.1 cap_ok=1 tp_rank=1 tp_size=4 prefill_layer_calls=20664 thin_calls=315 row_tile_calls=0 fallback_calls=kernel=0,batched=0,sorted=0,legacy=20348 fallback_reasons=legacy_default=20348,thin_only=315 fat_expert_runs=513873 direct_calls=0 scatter_calls=0 fat_layers=20349 fat_expert_slots=513885 max_rows=2048 fused_temps_allocs=1 fused_temps_bytes=14155776 fat_scratch_allocs=0 fat_scratch_bytes=0 fat_scratch_peak_bytes=0
(Worker_TP1 pid=1239) INFO 09-03 11:15:09 [exl3.py:451] exl3 fat-expert P0: layers=20706 fat_layers=20391 (98.5%) fat_expert_slots=515001 max_rows=2048 avg_max_rows=1412.7 hist_le128=315 hist_gt128=20391 hist=[0, 21, 56, 238, 129, 1696, 2461, 16105, 0]
(Worker_TP1 pid=1239) INFO 09-03 11:15:09 [exl3.py:464] exl3 e2 diag schema=1 configured_tier=legacy effective_tier=legacy tier_reason=none_requested shared_suh=1 shared_suh_layers=42/42 sym_exl3_moe=1 sym_fat_gemm=1 sym_fat_gemm_scatter=1 cap=12.1 cap_ok=1 tp_rank=1 tp_size=4 prefill_layer_calls=20706 thin_calls=315 row_tile_calls=0 fallback_calls=kernel=0,batched=0,sorted=0,legacy=20390 fallback_reasons=legacy_default=20390,thin_only=315 fat_expert_runs=514989 direct_calls=0 scatter_calls=0 fat_layers=20391 fat_expert_slots=515001 max_rows=2048 fused_temps_allocs=1 fused_temps_bytes=14155776 fat_scratch_allocs=0 fat_scratch_bytes=0 fat_scratch_peak_bytes=0
(Worker_TP1 pid=1239) INFO 09-03 11:15:10 [exl3.py:451] exl3 fat-expert P0: layers=20748 fat_layers=20433 (98.5%) fat_expert_slots=516192 max_rows=2048 avg_max_rows=1412.2 hist_le128=315 hist_gt128=20433 hist=[0, 21, 56, 238, 129, 1700, 2477, 16127, 0]
(Worker_TP1 pid=1239) INFO 09-03 11:15:10 [exl3.py:464] exl3 e2 diag schema=1 configured_tier=legacy effective_tier=legacy tier_reason=none_requested shared_suh=1 shared_suh_layers=42/42 sym_exl3_moe=1 sym_fat_gemm=1 sym_fat_gemm_scatter=1 cap=12.1 cap_ok=1 tp_rank=1 tp_size=4 prefill_layer_calls=20748 thin_calls=315 row_tile_calls=0 fallback_calls=kernel=0,batched=0,sorted=0,legacy=20432 fallback_reasons=legacy_default=20432,thin_only=315 fat_expert_runs=516175 direct_calls=0 scatter_calls=0 fat_layers=20433 fat_expert_slots=516192 max_rows=2048 fused_temps_allocs=1 fused_temps_bytes=14155776 fat_scratch_allocs=0 fat_scratch_bytes=0 fat_scratch_peak_bytes=0
(Worker_TP1 pid=1239) INFO 09-03 11:15:12 [exl3.py:451] exl3 fat-expert P0: layers=20790 fat_layers=20475 (98.5%) fat_expert_slots=517231 max_rows=2048 avg_max_rows=1412.3 hist_le128=315 hist_gt128=20475 hist=[0, 21, 56, 238, 129, 1704, 2481, 16161, 0]
(Worker_TP1 pid=1239) INFO 09-03 11:15:12 [exl3.py:464] exl3 e2 diag schema=1 configured_tier=legacy effective_tier=legacy tier_reason=none_requested shared_suh=1 shared_suh_layers=42/42 sym_exl3_moe=1 sym_fat_gemm=1 sym_fat_gemm_scatter=1 cap=12.1 cap_ok=1 tp_rank=1 tp_size=4 prefill_layer_calls=20790 thin_calls=315 row_tile_calls=0 fallback_calls=kernel=0,batched=0,sorted=0,legacy=20474 fallback_reasons=legacy_default=20474,thin_only=315 fat_expert_runs=517208 direct_calls=0 scatter_calls=0 fat_layers=20475 fat_expert_slots=517231 max_rows=2048 fused_temps_allocs=1 fused_temps_bytes=14155776 fat_scratch_allocs=0 fat_scratch_bytes=0 fat_scratch_peak_bytes=0
(Worker_TP1 pid=1239) INFO 09-03 11:15:14 [exl3.py:451] exl3 fat-expert P0: layers=20832 fat_layers=20517 (98.5%) fat_expert_slots=518254 max_rows=2048 avg_max_rows=1412.4 hist_le128=315 hist_gt128=20517 hist=[0, 21, 56, 238, 129, 1708, 2485, 16195, 0]
(Worker_TP1 pid=1239) INFO 09-03 11:15:14 [exl3.py:464] exl3 e2 diag schema=1 configured_tier=legacy effective_tier=legacy tier_reason=none_requested shared_suh=1 shared_suh_layers=42/42 sym_exl3_moe=1 sym_fat_gemm=1 sym_fat_gemm_scatter=1 cap=12.1 cap_ok=1 tp_rank=1 tp_size=4 prefill_layer_calls=20832 thin_calls=315 row_tile_calls=0 fallback_calls=kernel=0,batched=0,sorted=0,legacy=20516 fallback_reasons=legacy_default=20516,thin_only=315 fat_expert_runs=518232 direct_calls=0 scatter_calls=0 fat_layers=20517 fat_expert_slots=518254 max_rows=2048 fused_temps_allocs=1 fused_temps_bytes=14155776 fat_scratch_allocs=0 fat_scratch_bytes=0 fat_scratch_peak_bytes=0
(Worker_TP1 pid=1239) INFO 09-03 11:15:16 [exl3.py:451] exl3 fat-expert P0: layers=20874 fat_layers=20559 (98.5%) fat_expert_slots=519275 max_rows=2048 avg_max_rows=1412.6 hist_le128=315 hist_gt128=20559 hist=[0, 21, 56, 238, 129, 1712, 2488, 16230, 0]
(Worker_TP1 pid=1239) INFO 09-03 11:15:16 [exl3.py:464] exl3 e2 diag schema=1 configured_tier=legacy effective_tier=legacy tier_reason=none_requested shared_suh=1 shared_suh_layers=42/42 sym_exl3_moe=1 sym_fat_gemm=1 sym_fat_gemm_scatter=1 cap=12.1 cap_ok=1 tp_rank=1 tp_size=4 prefill_layer_calls=20874 thin_calls=315 row_tile_calls=0 fallback_calls=kernel=0,batched=0,sorted=0,legacy=20558 fallback_reasons=legacy_default=20558,thin_only=315 fat_expert_runs=519252 direct_calls=0 scatter_calls=0 fat_layers=20559 fat_expert_slots=519275 max_rows=2048 fused_temps_allocs=1 fused_temps_bytes=14155776 fat_scratch_allocs=0 fat_scratch_bytes=0 fat_scratch_peak_bytes=0
(Worker_TP1 pid=1239) INFO 09-03 11:15:17 [exl3.py:451] exl3 fat-expert P0: layers=20916 fat_layers=20601 (98.5%) fat_expert_slots=520323 max_rows=2048 avg_max_rows=1412.7 hist_le128=315 hist_gt128=20601 hist=[0, 21, 56, 238, 129, 1716, 2491, 16265, 0]
(Worker_TP1 pid=1239) INFO 09-03 11:15:17 [exl3.py:464] exl3 e2 diag schema=1 configured_tier=legacy effective_tier=legacy tier_reason=none_requested shared_suh=1 shared_suh_layers=42/42 sym_exl3_moe=1 sym_fat_gemm=1 sym_fat_gemm_scatter=1 cap=12.1 cap_ok=1 tp_rank=1 tp_size=4 prefill_layer_calls=20916 thin_calls=315 row_tile_calls=0 fallback_calls=kernel=0,batched=0,sorted=0,legacy=20600 fallback_reasons=legacy_default=20600,thin_only=315 fat_expert_runs=520302 direct_calls=0 scatter_calls=0 fat_layers=20601 fat_expert_slots=520323 max_rows=2048 fused_temps_allocs=1 fused_temps_bytes=14155776 fat_scratch_allocs=0 fat_scratch_bytes=0 fat_scratch_peak_bytes=0
(Worker_TP1 pid=1239) INFO 09-03 11:15:19 [exl3.py:451] exl3 fat-expert P0: layers=20958 fat_layers=20643 (98.5%) fat_expert_slots=521379 max_rows=2048 avg_max_rows=1412.9 hist_le128=315 hist_gt128=20643 hist=[0, 21, 56, 238, 129, 1719, 2496, 16299, 0]
(Worker_TP1 pid=1239) INFO 09-03 11:15:19 [exl3.py:464] exl3 e2 diag schema=1 configured_tier=legacy effective_tier=legacy tier_reason=none_requested shared_suh=1 shared_suh_layers=42/42 sym_exl3_moe=1 sym_fat_gemm=1 sym_fat_gemm_scatter=1 cap=12.1 cap_ok=1 tp_rank=1 tp_size=4 prefill_layer_calls=20958 thin_calls=315 row_tile_calls=0 fallback_calls=kernel=0,batched=0,sorted=0,legacy=20642 fallback_reasons=legacy_default=20642,thin_only=315 fat_expert_runs=521359 direct_calls=0 scatter_calls=0 fat_layers=20643 fat_expert_slots=521379 max_rows=2048 fused_temps_allocs=1 fused_temps_bytes=14155776 fat_scratch_allocs=0 fat_scratch_bytes=0 fat_scratch_peak_bytes=0
(Worker_TP1 pid=1239) INFO 09-03 11:15:21 [exl3.py:451] exl3 fat-expert P0: layers=21000 fat_layers=20685 (98.5%) fat_expert_slots=522419 max_rows=2048 avg_max_rows=1413.0 hist_le128=315 hist_gt128=20685 hist=[0, 21, 56, 238, 129, 1722, 2501, 16333, 0]
(Worker_TP1 pid=1239) INFO 09-03 11:15:21 [exl3.py:464] exl3 e2 diag schema=1 configured_tier=legacy effective_tier=legacy tier_reason=none_requested shared_suh=1 shared_suh_layers=42/42 sym_exl3_moe=1 sym_fat_gemm=1 sym_fat_gemm_scatter=1 cap=12.1 cap_ok=1 tp_rank=1 tp_size=4 prefill_layer_calls=21000 thin_calls=315 row_tile_calls=0 fallback_calls=kernel=0,batched=0,sorted=0,legacy=20684 fallback_reasons=legacy_default=20684,thin_only=315 fat_expert_runs=522398 direct_calls=0 scatter_calls=0 fat_layers=20685 fat_expert_slots=522419 max_rows=2048 fused_temps_allocs=1 fused_temps_bytes=14155776 fat_scratch_allocs=0 fat_scratch_bytes=0 fat_scratch_peak_bytes=0
(Worker_TP1 pid=1239) INFO 09-03 11:15:22 [exl3.py:451] exl3 fat-expert P0: layers=21042 fat_layers=20727 (98.5%) fat_expert_slots=523475 max_rows=2048 avg_max_rows=1413.1 hist_le128=315 hist_gt128=20727 hist=[0, 21, 56, 238, 129, 1725, 2506, 16367, 0]
(Worker_TP1 pid=1239) INFO 09-03 11:15:22 [exl3.py:464] exl3 e2 diag schema=1 configured_tier=legacy effective_tier=legacy tier_reason=none_requested shared_suh=1 shared_suh_layers=42/42 sym_exl3_moe=1 sym_fat_gemm=1 sym_fat_gemm_scatter=1 cap=12.1 cap_ok=1 tp_rank=1 tp_size=4 prefill_layer_calls=21042 thin_calls=315 row_tile_calls=0 fallback_calls=kernel=0,batched=0,sorted=0,legacy=20726 fallback_reasons=legacy_default=20726,thin_only=315 fat_expert_runs=523457 direct_calls=0 scatter_calls=0 fat_layers=20727 fat_expert_slots=523475 max_rows=2048 fused_temps_allocs=1 fused_temps_bytes=14155776 fat_scratch_allocs=0 fat_scratch_bytes=0 fat_scratch_peak_bytes=0
(Worker_TP1 pid=1239) INFO 09-03 11:15:24 [exl3.py:451] exl3 fat-expert P0: layers=21084 fat_layers=20769 (98.5%) fat_expert_slots=524512 max_rows=2048 avg_max_rows=1413.3 hist_le128=315 hist_gt128=20769 hist=[0, 21, 56, 238, 129, 1729, 2509, 16402, 0]
(Worker_TP1 pid=1239) INFO 09-03 11:15:24 [exl3.py:464] exl3 e2 diag schema=1 configured_tier=legacy effective_tier=legacy tier_reason=none_requested shared_suh=1 shared_suh_layers=42/42 sym_exl3_moe=1 sym_fat_gemm=1 sym_fat_gemm_scatter=1 cap=12.1 cap_ok=1 tp_rank=1 tp_size=4 prefill_layer_calls=21084 thin_calls=315 row_tile_calls=0 fallback_calls=kernel=0,batched=0,sorted=0,legacy=20768 fallback_reasons=legacy_default=20768,thin_only=315 fat_expert_runs=524490 direct_calls=0 scatter_calls=0 fat_layers=20769 fat_expert_slots=524512 max_rows=2048 fused_temps_allocs=1 fused_temps_bytes=14155776 fat_scratch_allocs=0 fat_scratch_bytes=0 fat_scratch_peak_bytes=0
(Worker_TP1 pid=1239) INFO 09-03 11:15:26 [exl3.py:451] exl3 fat-expert P0: layers=21126 fat_layers=20811 (98.5%) fat_expert_slots=525557 max_rows=2048 avg_max_rows=1413.4 hist_le128=315 hist_gt128=20811 hist=[0, 21, 56, 238, 129, 1732, 2513, 16437, 0]
(Worker_TP1 pid=1239) INFO 09-03 11:15:26 [exl3.py:464] exl3 e2 diag schema=1 configured_tier=legacy effective_tier=legacy tier_reason=none_requested shared_suh=1 shared_suh_layers=42/42 sym_exl3_moe=1 sym_fat_gemm=1 sym_fat_gemm_scatter=1 cap=12.1 cap_ok=1 tp_rank=1 tp_size=4 prefill_layer_calls=21126 thin_calls=315 row_tile_calls=0 fallback_calls=kernel=0,batched=0,sorted=0,legacy=20810 fallback_reasons=legacy_default=20810,thin_only=315 fat_expert_runs=525539 direct_calls=0 scatter_calls=0 fat_layers=20811 fat_expert_slots=525557 max_rows=2048 fused_temps_allocs=1 fused_temps_bytes=14155776 fat_scratch_allocs=0 fat_scratch_bytes=0 fat_scratch_peak_bytes=0
(Worker_TP1 pid=1239) INFO 09-03 11:15:27 [exl3.py:451] exl3 fat-expert P0: layers=21168 fat_layers=20853 (98.5%) fat_expert_slots=526596 max_rows=2048 avg_max_rows=1413.5 hist_le128=315 hist_gt128=20853 hist=[0, 21, 56, 238, 129, 1735, 2518, 16471, 0]
(Worker_TP1 pid=1239) INFO 09-03 11:15:27 [exl3.py:464] exl3 e2 diag schema=1 configured_tier=legacy effective_tier=legacy tier_reason=none_requested shared_suh=1 shared_suh_layers=42/42 sym_exl3_moe=1 sym_fat_gemm=1 sym_fat_gemm_scatter=1 cap=12.1 cap_ok=1 tp_rank=1 tp_size=4 prefill_layer_calls=21168 thin_calls=315 row_tile_calls=0 fallback_calls=kernel=0,batched=0,sorted=0,legacy=20852 fallback_reasons=legacy_default=20852,thin_only=315 fat_expert_runs=526579 direct_calls=0 scatter_calls=0 fat_layers=20853 fat_expert_slots=526596 max_rows=2048 fused_temps_allocs=1 fused_temps_bytes=14155776 fat_scratch_allocs=0 fat_scratch_bytes=0 fat_scratch_peak_bytes=0
(Worker_TP1 pid=1239) INFO 09-03 11:15:29 [exl3.py:451] exl3 fat-expert P0: layers=21210 fat_layers=20895 (98.5%) fat_expert_slots=527648 max_rows=2048 avg_max_rows=1413.6 hist_le128=315 hist_gt128=20895 hist=[0, 21, 56, 238, 129, 1738, 2524, 16504, 0]
(Worker_TP1 pid=1239) INFO 09-03 11:15:29 [exl3.py:464] exl3 e2 diag schema=1 configured_tier=legacy effective_tier=legacy tier_reason=none_requested shared_suh=1 shared_suh_layers=42/42 sym_exl3_moe=1 sym_fat_gemm=1 sym_fat_gemm_scatter=1 cap=12.1 cap_ok=1 tp_rank=1 tp_size=4 prefill_layer_calls=21210 thin_calls=315 row_tile_calls=0 fallback_calls=kernel=0,batched=0,sorted=0,legacy=20894 fallback_reasons=legacy_default=20894,thin_only=315 fat_expert_runs=527631 direct_calls=0 scatter_calls=0 fat_layers=20895 fat_expert_slots=527648 max_rows=2048 fused_temps_allocs=1 fused_temps_bytes=14155776 fat_scratch_allocs=0 fat_scratch_bytes=0 fat_scratch_peak_bytes=0
(Worker_TP1 pid=1239) INFO 09-03 11:15:31 [exl3.py:451] exl3 fat-expert P0: layers=21252 fat_layers=20937 (98.5%) fat_expert_slots=528679 max_rows=2048 avg_max_rows=1413.7 hist_le128=315 hist_gt128=20937 hist=[0, 21, 56, 238, 129, 1741, 2529, 16538, 0]
(Worker_TP1 pid=1239) INFO 09-03 11:15:31 [exl3.py:464] exl3 e2 diag schema=1 configured_tier=legacy effective_tier=legacy tier_reason=none_requested shared_suh=1 shared_suh_layers=42/42 sym_exl3_moe=1 sym_fat_gemm=1 sym_fat_gemm_scatter=1 cap=12.1 cap_ok=1 tp_rank=1 tp_size=4 prefill_layer_calls=21252 thin_calls=315 row_tile_calls=0 fallback_calls=kernel=0,batched=0,sorted=0,legacy=20936 fallback_reasons=legacy_default=20936,thin_only=315 fat_expert_runs=528661 direct_calls=0 scatter_calls=0 fat_layers=20937 fat_expert_slots=528679 max_rows=2048 fused_temps_allocs=1 fused_temps_bytes=14155776 fat_scratch_allocs=0 fat_scratch_bytes=0 fat_scratch_peak_bytes=0
(Worker_TP1 pid=1239) INFO 09-03 11:15:33 [exl3.py:451] exl3 fat-expert P0: layers=21294 fat_layers=20979 (98.5%) fat_expert_slots=529709 max_rows=2048 avg_max_rows=1413.8 hist_le128=315 hist_gt128=20979 hist=[0, 21, 56, 238, 129, 1744, 2535, 16571, 0]
(Worker_TP1 pid=1239) INFO 09-03 11:15:33 [exl3.py:464] exl3 e2 diag schema=1 configured_tier=legacy effective_tier=legacy tier_reason=none_requested shared_suh=1 shared_suh_layers=42/42 sym_exl3_moe=1 sym_fat_gemm=1 sym_fat_gemm_scatter=1 cap=12.1 cap_ok=1 tp_rank=1 tp_size=4 prefill_layer_calls=21294 thin_calls=315 row_tile_calls=0 fallback_calls=kernel=0,batched=0,sorted=0,legacy=20978 fallback_reasons=legacy_default=20978,thin_only=315 fat_expert_runs=529696 direct_calls=0 scatter_calls=0 fat_layers=20979 fat_expert_slots=529709 max_rows=2048 fused_temps_allocs=1 fused_temps_bytes=14155776 fat_scratch_allocs=0 fat_scratch_bytes=0 fat_scratch_peak_bytes=0
(Worker_TP1 pid=1239) INFO 09-03 11:15:34 [exl3.py:451] exl3 fat-expert P0: layers=21336 fat_layers=21021 (98.5%) fat_expert_slots=530756 max_rows=2048 avg_max_rows=1413.8 hist_le128=315 hist_gt128=21021 hist=[0, 21, 56, 238, 129, 1747, 2541, 16604, 0]
(Worker_TP1 pid=1239) INFO 09-03 11:15:34 [exl3.py:464] exl3 e2 diag schema=1 configured_tier=legacy effective_tier=legacy tier_reason=none_requested shared_suh=1 shared_suh_layers=42/42 sym_exl3_moe=1 sym_fat_gemm=1 sym_fat_gemm_scatter=1 cap=12.1 cap_ok=1 tp_rank=1 tp_size=4 prefill_layer_calls=21336 thin_calls=315 row_tile_calls=0 fallback_calls=kernel=0,batched=0,sorted=0,legacy=21020 fallback_reasons=legacy_default=21020,thin_only=315 fat_expert_runs=530742 direct_calls=0 scatter_calls=0 fat_layers=21021 fat_expert_slots=530756 max_rows=2048 fused_temps_allocs=1 fused_temps_bytes=14155776 fat_scratch_allocs=0 fat_scratch_bytes=0 fat_scratch_peak_bytes=0
(Worker_TP1 pid=1239) INFO 09-03 11:15:36 [exl3.py:451] exl3 fat-expert P0: layers=21378 fat_layers=21063 (98.5%) fat_expert_slots=531800 max_rows=2048 avg_max_rows=1413.9 hist_le128=315 hist_gt128=21063 hist=[0, 21, 56, 238, 129, 1750, 2547, 16637, 0]
(Worker_TP1 pid=1239) INFO 09-03 11:15:36 [exl3.py:464] exl3 e2 diag schema=1 configured_tier=legacy effective_tier=legacy tier_reason=none_requested shared_suh=1 shared_suh_layers=42/42 sym_exl3_moe=1 sym_fat_gemm=1 sym_fat_gemm_scatter=1 cap=12.1 cap_ok=1 tp_rank=1 tp_size=4 prefill_layer_calls=21378 thin_calls=315 row_tile_calls=0 fallback_calls=kernel=0,batched=0,sorted=0,legacy=21062 fallback_reasons=legacy_default=21062,thin_only=315 fat_expert_runs=531787 direct_calls=0 scatter_calls=0 fat_layers=21063 fat_expert_slots=531800 max_rows=2048 fused_temps_allocs=1 fused_temps_bytes=14155776 fat_scratch_allocs=0 fat_scratch_bytes=0 fat_scratch_peak_bytes=0
(Worker_TP1 pid=1239) INFO 09-03 11:15:38 [exl3.py:451] exl3 fat-expert P0: layers=21420 fat_layers=21105 (98.5%) fat_expert_slots=532843 max_rows=2048 avg_max_rows=1414.0 hist_le128=315 hist_gt128=21105 hist=[0, 21, 56, 238, 129, 1754, 2551, 16671, 0]
(Worker_TP1 pid=1239) INFO 09-03 11:15:38 [exl3.py:464] exl3 e2 diag schema=1 configured_tier=legacy effective_tier=legacy tier_reason=none_requested shared_suh=1 shared_suh_layers=42/42 sym_exl3_moe=1 sym_fat_gemm=1 sym_fat_gemm_scatter=1 cap=12.1 cap_ok=1 tp_rank=1 tp_size=4 prefill_layer_calls=21420 thin_calls=315 row_tile_calls=0 fallback_calls=kernel=0,batched=0,sorted=0,legacy=21104 fallback_reasons=legacy_default=21104,thin_only=315 fat_expert_runs=532830 direct_calls=0 scatter_calls=0 fat_layers=21105 fat_expert_slots=532843 max_rows=2048 fused_temps_allocs=1 fused_temps_bytes=14155776 fat_scratch_allocs=0 fat_scratch_bytes=0 fat_scratch_peak_bytes=0
(Worker_TP1 pid=1239) INFO 09-03 11:15:40 [exl3.py:451] exl3 fat-expert P0: layers=21462 fat_layers=21147 (98.5%) fat_expert_slots=533885 max_rows=2048 avg_max_rows=1414.0 hist_le128=315 hist_gt128=21147 hist=[0, 21, 56, 238, 129, 1757, 2557, 16704, 0]
(Worker_TP1 pid=1239) INFO 09-03 11:15:40 [exl3.py:464] exl3 e2 diag schema=1 configured_tier=legacy effective_tier=legacy tier_reason=none_requested shared_suh=1 shared_suh_layers=42/42 sym_exl3_moe=1 sym_fat_gemm=1 sym_fat_gemm_scatter=1 cap=12.1 cap_ok=1 tp_rank=1 tp_size=4 prefill_layer_calls=21462 thin_calls=315 row_tile_calls=0 fallback_calls=kernel=0,batched=0,sorted=0,legacy=21146 fallback_reasons=legacy_default=21146,thin_only=315 fat_expert_runs=533872 direct_calls=0 scatter_calls=0 fat_layers=21147 fat_expert_slots=533885 max_rows=2048 fused_temps_allocs=1 fused_temps_bytes=14155776 fat_scratch_allocs=0 fat_scratch_bytes=0 fat_scratch_peak_bytes=0
(Worker_TP1 pid=1239) INFO 09-03 11:15:41 [exl3.py:451] exl3 fat-expert P0: layers=21504 fat_layers=21189 (98.5%) fat_expert_slots=534929 max_rows=2048 avg_max_rows=1414.1 hist_le128=315 hist_gt128=21189 hist=[0, 21, 56, 238, 129, 1760, 2563, 16737, 0]
(Worker_TP1 pid=1239) INFO 09-03 11:15:41 [exl3.py:464] exl3 e2 diag schema=1 configured_tier=legacy effective_tier=legacy tier_reason=none_requested shared_suh=1 shared_suh_layers=42/42 sym_exl3_moe=1 sym_fat_gemm=1 sym_fat_gemm_scatter=1 cap=12.1 cap_ok=1 tp_rank=1 tp_size=4 prefill_layer_calls=21504 thin_calls=315 row_tile_calls=0 fallback_calls=kernel=0,batched=0,sorted=0,legacy=21188 fallback_reasons=legacy_default=21188,thin_only=315 fat_expert_runs=534915 direct_calls=0 scatter_calls=0 fat_layers=21189 fat_expert_slots=534929 max_rows=2048 fused_temps_allocs=1 fused_temps_bytes=14155776 fat_scratch_allocs=0 fat_scratch_bytes=0 fat_scratch_peak_bytes=0
(Worker_TP1 pid=1239) INFO 09-03 11:15:43 [exl3.py:451] exl3 fat-expert P0: layers=21546 fat_layers=21231 (98.5%) fat_expert_slots=535952 max_rows=2048 avg_max_rows=1414.2 hist_le128=315 hist_gt128=21231 hist=[0, 21, 56, 238, 129, 1763, 2568, 16771, 0]
(Worker_TP1 pid=1239) INFO 09-03 11:15:43 [exl3.py:464] exl3 e2 diag schema=1 configured_tier=legacy effective_tier=legacy tier_reason=none_requested shared_suh=1 shared_suh_layers=42/42 sym_exl3_moe=1 sym_fat_gemm=1 sym_fat_gemm_scatter=1 cap=12.1 cap_ok=1 tp_rank=1 tp_size=4 prefill_layer_calls=21546 thin_calls=315 row_tile_calls=0 fallback_calls=kernel=0,batched=0,sorted=0,legacy=21230 fallback_reasons=legacy_default=21230,thin_only=315 fat_expert_runs=535939 direct_calls=0 scatter_calls=0 fat_layers=21231 fat_expert_slots=535952 max_rows=2048 fused_temps_allocs=1 fused_temps_bytes=14155776 fat_scratch_allocs=0 fat_scratch_bytes=0 fat_scratch_peak_bytes=0
(Worker_TP1 pid=1239) INFO 09-03 11:15:45 [exl3.py:451] exl3 fat-expert P0: layers=21588 fat_layers=21273 (98.5%) fat_expert_slots=537022 max_rows=2048 avg_max_rows=1414.2 hist_le128=315 hist_gt128=21273 hist=[0, 21, 56, 238, 129, 1768, 2570, 16806, 0]
(Worker_TP1 pid=1239) INFO 09-03 11:15:45 [exl3.py:464] exl3 e2 diag schema=1 configured_tier=legacy effective_tier=legacy tier_reason=none_requested shared_suh=1 shared_suh_layers=42/42 sym_exl3_moe=1 sym_fat_gemm=1 sym_fat_gemm_scatter=1 cap=12.1 cap_ok=1 tp_rank=1 tp_size=4 prefill_layer_calls=21588 thin_calls=315 row_tile_calls=0 fallback_calls=kernel=0,batched=0,sorted=0,legacy=21272 fallback_reasons=legacy_default=21272,thin_only=315 fat_expert_runs=537007 direct_calls=0 scatter_calls=0 fat_layers=21273 fat_expert_slots=537022 max_rows=2048 fused_temps_allocs=1 fused_temps_bytes=14155776 fat_scratch_allocs=0 fat_scratch_bytes=0 fat_scratch_peak_bytes=0
(Worker_TP1 pid=1239) INFO 09-03 11:15:46 [exl3.py:451] exl3 fat-expert P0: layers=21630 fat_layers=21315 (98.5%) fat_expert_slots=538079 max_rows=2048 avg_max_rows=1414.3 hist_le128=315 hist_gt128=21315 hist=[0, 21, 56, 238, 129, 1773, 2573, 16840, 0]
(Worker_TP1 pid=1239) INFO 09-03 11:15:46 [exl3.py:464] exl3 e2 diag schema=1 configured_tier=legacy effective_tier=legacy tier_reason=none_requested shared_suh=1 shared_suh_layers=42/42 sym_exl3_moe=1 sym_fat_gemm=1 sym_fat_gemm_scatter=1 cap=12.1 cap_ok=1 tp_rank=1 tp_size=4 prefill_layer_calls=21630 thin_calls=315 row_tile_calls=0 fallback_calls=kernel=0,batched=0,sorted=0,legacy=21314 fallback_reasons=legacy_default=21314,thin_only=315 fat_expert_runs=538064 direct_calls=0 scatter_calls=0 fat_layers=21315 fat_expert_slots=538079 max_rows=2048 fused_temps_allocs=1 fused_temps_bytes=14155776 fat_scratch_allocs=0 fat_scratch_bytes=0 fat_scratch_peak_bytes=0
(Worker_TP1 pid=1239) INFO 09-03 11:15:48 [exl3.py:451] exl3 fat-expert P0: layers=21672 fat_layers=21357 (98.5%) fat_expert_slots=539155 max_rows=2048 avg_max_rows=1414.4 hist_le128=315 hist_gt128=21357 hist=[0, 21, 56, 238, 129, 1778, 2577, 16873, 0]
(Worker_TP1 pid=1239) INFO 09-03 11:15:48 [exl3.py:464] exl3 e2 diag schema=1 configured_tier=legacy effective_tier=legacy tier_reason=none_requested shared_suh=1 shared_suh_layers=42/42 sym_exl3_moe=1 sym_fat_gemm=1 sym_fat_gemm_scatter=1 cap=12.1 cap_ok=1 tp_rank=1 tp_size=4 prefill_layer_calls=21672 thin_calls=315 row_tile_calls=0 fallback_calls=kernel=0,batched=0,sorted=0,legacy=21356 fallback_reasons=legacy_default=21356,thin_only=315 fat_expert_runs=539143 direct_calls=0 scatter_calls=0 fat_layers=21357 fat_expert_slots=539155 max_rows=2048 fused_temps_allocs=1 fused_temps_bytes=14155776 fat_scratch_allocs=0 fat_scratch_bytes=0 fat_scratch_peak_bytes=0
(Worker_TP1 pid=1239) INFO 09-03 11:15:50 [exl3.py:451] exl3 fat-expert P0: layers=21714 fat_layers=21399 (98.5%) fat_expert_slots=540203 max_rows=2048 avg_max_rows=1414.4 hist_le128=315 hist_gt128=21399 hist=[0, 21, 56, 238, 129, 1783, 2580, 16907, 0]
(Worker_TP1 pid=1239) INFO 09-03 11:15:50 [exl3.py:464] exl3 e2 diag schema=1 configured_tier=legacy effective_tier=legacy tier_reason=none_requested shared_suh=1 shared_suh_layers=42/42 sym_exl3_moe=1 sym_fat_gemm=1 sym_fat_gemm_scatter=1 cap=12.1 cap_ok=1 tp_rank=1 tp_size=4 prefill_layer_calls=21714 thin_calls=315 row_tile_calls=0 fallback_calls=kernel=0,batched=0,sorted=0,legacy=21398 fallback_reasons=legacy_default=21398,thin_only=315 fat_expert_runs=540190 direct_calls=0 scatter_calls=0 fat_layers=21399 fat_expert_slots=540203 max_rows=2048 fused_temps_allocs=1 fused_temps_bytes=14155776 fat_scratch_allocs=0 fat_scratch_bytes=0 fat_scratch_peak_bytes=0
(Worker_TP1 pid=1239) INFO 09-03 11:15:51 [exl3.py:451] exl3 fat-expert P0: layers=21756 fat_layers=21441 (98.6%) fat_expert_slots=541248 max_rows=2048 avg_max_rows=1414.5 hist_le128=315 hist_gt128=21441 hist=[0, 21, 56, 238, 129, 1787, 2585, 16940, 0]
(Worker_TP1 pid=1239) INFO 09-03 11:15:51 [exl3.py:464] exl3 e2 diag schema=1 configured_tier=legacy effective_tier=legacy tier_reason=none_requested shared_suh=1 shared_suh_layers=42/42 sym_exl3_moe=1 sym_fat_gemm=1 sym_fat_gemm_scatter=1 cap=12.1 cap_ok=1 tp_rank=1 tp_size=4 prefill_layer_calls=21756 thin_calls=315 row_tile_calls=0 fallback_calls=kernel=0,batched=0,sorted=0,legacy=21440 fallback_reasons=legacy_default=21440,thin_only=315 fat_expert_runs=541235 direct_calls=0 scatter_calls=0 fat_layers=21441 fat_expert_slots=541248 max_rows=2048 fused_temps_allocs=1 fused_temps_bytes=14155776 fat_scratch_allocs=0 fat_scratch_bytes=0 fat_scratch_peak_bytes=0
(Worker_TP1 pid=1239) INFO 09-03 11:15:53 [exl3.py:451] exl3 fat-expert P0: layers=21798 fat_layers=21483 (98.6%) fat_expert_slots=542318 max_rows=2048 avg_max_rows=1414.6 hist_le128=315 hist_gt128=21483 hist=[0, 21, 56, 238, 129, 1792, 2587, 16975, 0]
(Worker_TP1 pid=1239) INFO 09-03 11:15:53 [exl3.py:464] exl3 e2 diag schema=1 configured_tier=legacy effective_tier=legacy tier_reason=none_requested shared_suh=1 shared_suh_layers=42/42 sym_exl3_moe=1 sym_fat_gemm=1 sym_fat_gemm_scatter=1 cap=12.1 cap_ok=1 tp_rank=1 tp_size=4 prefill_layer_calls=21798 thin_calls=315 row_tile_calls=0 fallback_calls=kernel=0,batched=0,sorted=0,legacy=21482 fallback_reasons=legacy_default=21482,thin_only=315 fat_expert_runs=542306 direct_calls=0 scatter_calls=0 fat_layers=21483 fat_expert_slots=542318 max_rows=2048 fused_temps_allocs=1 fused_temps_bytes=14155776 fat_scratch_allocs=0 fat_scratch_bytes=0 fat_scratch_peak_bytes=0
(Worker_TP1 pid=1239) INFO 09-03 11:15:55 [exl3.py:451] exl3 fat-expert P0: layers=21840 fat_layers=21525 (98.6%) fat_expert_slots=543366 max_rows=2048 avg_max_rows=1414.7 hist_le128=315 hist_gt128=21525 hist=[0, 21, 56, 238, 129, 1796, 2591, 17009, 0]
(Worker_TP1 pid=1239) INFO 09-03 11:15:55 [exl3.py:464] exl3 e2 diag schema=1 configured_tier=legacy effective_tier=legacy tier_reason=none_requested shared_suh=1 shared_suh_layers=42/42 sym_exl3_moe=1 sym_fat_gemm=1 sym_fat_gemm_scatter=1 cap=12.1 cap_ok=1 tp_rank=1 tp_size=4 prefill_layer_calls=21840 thin_calls=315 row_tile_calls=0 fallback_calls=kernel=0,batched=0,sorted=0,legacy=21524 fallback_reasons=legacy_default=21524,thin_only=315 fat_expert_runs=543354 direct_calls=0 scatter_calls=0 fat_layers=21525 fat_expert_slots=543366 max_rows=2048 fused_temps_allocs=1 fused_temps_bytes=14155776 fat_scratch_allocs=0 fat_scratch_bytes=0 fat_scratch_peak_bytes=0
(Worker_TP1 pid=1239) INFO 09-03 11:15:57 [exl3.py:451] exl3 fat-expert P0: layers=21882 fat_layers=21567 (98.6%) fat_expert_slots=544419 max_rows=2048 avg_max_rows=1414.8 hist_le128=315 hist_gt128=21567 hist=[0, 21, 56, 238, 129, 1800, 2596, 17042, 0]
(Worker_TP1 pid=1239) INFO 09-03 11:15:57 [exl3.py:464] exl3 e2 diag schema=1 configured_tier=legacy effective_tier=legacy tier_reason=none_requested shared_suh=1 shared_suh_layers=42/42 sym_exl3_moe=1 sym_fat_gemm=1 sym_fat_gemm_scatter=1 cap=12.1 cap_ok=1 tp_rank=1 tp_size=4 prefill_layer_calls=21882 thin_calls=315 row_tile_calls=0 fallback_calls=kernel=0,batched=0,sorted=0,legacy=21566 fallback_reasons=legacy_default=21566,thin_only=315 fat_expert_runs=544407 direct_calls=0 scatter_calls=0 fat_layers=21567 fat_expert_slots=544419 max_rows=2048 fused_temps_allocs=1 fused_temps_bytes=14155776 fat_scratch_allocs=0 fat_scratch_bytes=0 fat_scratch_peak_bytes=0
(Worker_TP1 pid=1239) INFO 09-03 11:15:58 [exl3.py:451] exl3 fat-expert P0: layers=21924 fat_layers=21609 (98.6%) fat_expert_slots=545498 max_rows=2048 avg_max_rows=1414.9 hist_le128=315 hist_gt128=21609 hist=[0, 21, 56, 238, 129, 1804, 2601, 17075, 0]
(Worker_TP1 pid=1239) INFO 09-03 11:15:58 [exl3.py:464] exl3 e2 diag schema=1 configured_tier=legacy effective_tier=legacy tier_reason=none_requested shared_suh=1 shared_suh_layers=42/42 sym_exl3_moe=1 sym_fat_gemm=1 sym_fat_gemm_scatter=1 cap=12.1 cap_ok=1 tp_rank=1 tp_size=4 prefill_layer_calls=21924 thin_calls=315 row_tile_calls=0 fallback_calls=kernel=0,batched=0,sorted=0,legacy=21608 fallback_reasons=legacy_default=21608,thin_only=315 fat_expert_runs=545486 direct_calls=0 scatter_calls=0 fat_layers=21609 fat_expert_slots=545498 max_rows=2048 fused_temps_allocs=1 fused_temps_bytes=14155776 fat_scratch_allocs=0 fat_scratch_bytes=0 fat_scratch_peak_bytes=0
(Worker_TP1 pid=1239) INFO 09-03 11:16:00 [exl3.py:451] exl3 fat-expert P0: layers=21966 fat_layers=21651 (98.6%) fat_expert_slots=546561 max_rows=2048 avg_max_rows=1414.9 hist_le128=315 hist_gt128=21651 hist=[0, 21, 56, 238, 129, 1808, 2604, 17110, 0]
(Worker_TP1 pid=1239) INFO 09-03 11:16:00 [exl3.py:464] exl3 e2 diag schema=1 configured_tier=legacy effective_tier=legacy tier_reason=none_requested shared_suh=1 shared_suh_layers=42/42 sym_exl3_moe=1 sym_fat_gemm=1 sym_fat_gemm_scatter=1 cap=12.1 cap_ok=1 tp_rank=1 tp_size=4 prefill_layer_calls=21966 thin_calls=315 row_tile_calls=0 fallback_calls=kernel=0,batched=0,sorted=0,legacy=21650 fallback_reasons=legacy_default=21650,thin_only=315 fat_expert_runs=546550 direct_calls=0 scatter_calls=0 fat_layers=21651 fat_expert_slots=546561 max_rows=2048 fused_temps_allocs=1 fused_temps_bytes=14155776 fat_scratch_allocs=0 fat_scratch_bytes=0 fat_scratch_peak_bytes=0
(Worker_TP1 pid=1239) INFO 09-03 11:16:02 [exl3.py:451] exl3 fat-expert P0: layers=22008 fat_layers=21693 (98.6%) fat_expert_slots=547630 max_rows=2048 avg_max_rows=1415.0 hist_le128=315 hist_gt128=21693 hist=[0, 21, 56, 238, 129, 1812, 2608, 17144, 0]
(Worker_TP1 pid=1239) INFO 09-03 11:16:02 [exl3.py:464] exl3 e2 diag schema=1 configured_tier=legacy effective_tier=legacy tier_reason=none_requested shared_suh=1 shared_suh_layers=42/42 sym_exl3_moe=1 sym_fat_gemm=1 sym_fat_gemm_scatter=1 cap=12.1 cap_ok=1 tp_rank=1 tp_size=4 prefill_layer_calls=22008 thin_calls=315 row_tile_calls=0 fallback_calls=kernel=0,batched=0,sorted=0,legacy=21692 fallback_reasons=legacy_default=21692,thin_only=315 fat_expert_runs=547619 direct_calls=0 scatter_calls=0 fat_layers=21693 fat_expert_slots=547630 max_rows=2048 fused_temps_allocs=1 fused_temps_bytes=14155776 fat_scratch_allocs=0 fat_scratch_bytes=0 fat_scratch_peak_bytes=0
(Worker_TP1 pid=1239) INFO 09-03 11:16:04 [exl3.py:451] exl3 fat-expert P0: layers=22050 fat_layers=21735 (98.6%) fat_expert_slots=548700 max_rows=2048 avg_max_rows=1415.1 hist_le128=315 hist_gt128=21735 hist=[0, 21, 56, 238, 129, 1817, 2611, 17178, 0]
(Worker_TP1 pid=1239) INFO 09-03 11:16:04 [exl3.py:464] exl3 e2 diag schema=1 configured_tier=legacy effective_tier=legacy tier_reason=none_requested shared_suh=1 shared_suh_layers=42/42 sym_exl3_moe=1 sym_fat_gemm=1 sym_fat_gemm_scatter=1 cap=12.1 cap_ok=1 tp_rank=1 tp_size=4 prefill_layer_calls=22050 thin_calls=315 row_tile_calls=0 fallback_calls=kernel=0,batched=0,sorted=0,legacy=21734 fallback_reasons=legacy_default=21734,thin_only=315 fat_expert_runs=548689 direct_calls=0 scatter_calls=0 fat_layers=21735 fat_expert_slots=548700 max_rows=2048 fused_temps_allocs=1 fused_temps_bytes=14155776 fat_scratch_allocs=0 fat_scratch_bytes=0 fat_scratch_peak_bytes=0
(Worker_TP1 pid=1239) INFO 09-03 11:16:05 [exl3.py:451] exl3 fat-expert P0: layers=22092 fat_layers=21777 (98.6%) fat_expert_slots=549771 max_rows=2048 avg_max_rows=1415.2 hist_le128=315 hist_gt128=21777 hist=[0, 21, 56, 238, 129, 1821, 2615, 17212, 0]
(Worker_TP1 pid=1239) INFO 09-03 11:16:05 [exl3.py:464] exl3 e2 diag schema=1 configured_tier=legacy effective_tier=legacy tier_reason=none_requested shared_suh=1 shared_suh_layers=42/42 sym_exl3_moe=1 sym_fat_gemm=1 sym_fat_gemm_scatter=1 cap=12.1 cap_ok=1 tp_rank=1 tp_size=4 prefill_layer_calls=22092 thin_calls=315 row_tile_calls=0 fallback_calls=kernel=0,batched=0,sorted=0,legacy=21776 fallback_reasons=legacy_default=21776,thin_only=315 fat_expert_runs=549760 direct_calls=0 scatter_calls=0 fat_layers=21777 fat_expert_slots=549771 max_rows=2048 fused_temps_allocs=1 fused_temps_bytes=14155776 fat_scratch_allocs=0 fat_scratch_bytes=0 fat_scratch_peak_bytes=0
(Worker_TP1 pid=1239) INFO 09-03 11:16:07 [exl3.py:451] exl3 fat-expert P0: layers=22134 fat_layers=21819 (98.6%) fat_expert_slots=550844 max_rows=2048 avg_max_rows=1415.2 hist_le128=315 hist_gt128=21819 hist=[0, 21, 56, 238, 129, 1824, 2620, 17246, 0]
(Worker_TP1 pid=1239) INFO 09-03 11:16:07 [exl3.py:464] exl3 e2 diag schema=1 configured_tier=legacy effective_tier=legacy tier_reason=none_requested shared_suh=1 shared_suh_layers=42/42 sym_exl3_moe=1 sym_fat_gemm=1 sym_fat_gemm_scatter=1 cap=12.1 cap_ok=1 tp_rank=1 tp_size=4 prefill_layer_calls=22134 thin_calls=315 row_tile_calls=0 fallback_calls=kernel=0,batched=0,sorted=0,legacy=21818 fallback_reasons=legacy_default=21818,thin_only=315 fat_expert_runs=550833 direct_calls=0 scatter_calls=0 fat_layers=21819 fat_expert_slots=550844 max_rows=2048 fused_temps_allocs=1 fused_temps_bytes=14155776 fat_scratch_allocs=0 fat_scratch_bytes=0 fat_scratch_peak_bytes=0
(Worker_TP1 pid=1239) INFO 09-03 11:16:09 [exl3.py:451] exl3 fat-expert P0: layers=22176 fat_layers=21861 (98.6%) fat_expert_slots=551936 max_rows=2048 avg_max_rows=1415.3 hist_le128=315 hist_gt128=21861 hist=[0, 21, 56, 238, 129, 1827, 2626, 17279, 0]
(Worker_TP1 pid=1239) INFO 09-03 11:16:09 [exl3.py:464] exl3 e2 diag schema=1 configured_tier=legacy effective_tier=legacy tier_reason=none_requested shared_suh=1 shared_suh_layers=42/42 sym_exl3_moe=1 sym_fat_gemm=1 sym_fat_gemm_scatter=1 cap=12.1 cap_ok=1 tp_rank=1 tp_size=4 prefill_layer_calls=22176 thin_calls=315 row_tile_calls=0 fallback_calls=kernel=0,batched=0,sorted=0,legacy=21860 fallback_reasons=legacy_default=21860,thin_only=315 fat_expert_runs=551925 direct_calls=0 scatter_calls=0 fat_layers=21861 fat_expert_slots=551936 max_rows=2048 fused_temps_allocs=1 fused_temps_bytes=14155776 fat_scratch_allocs=0 fat_scratch_bytes=0 fat_scratch_peak_bytes=0
(Worker_TP1 pid=1239) INFO 09-03 11:16:10 [exl3.py:451] exl3 fat-expert P0: layers=22218 fat_layers=21903 (98.6%) fat_expert_slots=553019 max_rows=2048 avg_max_rows=1415.3 hist_le128=315 hist_gt128=21903 hist=[0, 21, 56, 238, 129, 1830, 2632, 17312, 0]
(Worker_TP1 pid=1239) INFO 09-03 11:16:10 [exl3.py:464] exl3 e2 diag schema=1 configured_tier=legacy effective_tier=legacy tier_reason=none_requested shared_suh=1 shared_suh_layers=42/42 sym_exl3_moe=1 sym_fat_gemm=1 sym_fat_gemm_scatter=1 cap=12.1 cap_ok=1 tp_rank=1 tp_size=4 prefill_layer_calls=22218 thin_calls=315 row_tile_calls=0 fallback_calls=kernel=0,batched=0,sorted=0,legacy=21902 fallback_reasons=legacy_default=21902,thin_only=315 fat_expert_runs=553008 direct_calls=0 scatter_calls=0 fat_layers=21903 fat_expert_slots=553019 max_rows=2048 fused_temps_allocs=1 fused_temps_bytes=14155776 fat_scratch_allocs=0 fat_scratch_bytes=0 fat_scratch_peak_bytes=0
(Worker_TP1 pid=1239) INFO 09-03 11:16:12 [exl3.py:451] exl3 fat-expert P0: layers=22260 fat_layers=21945 (98.6%) fat_expert_slots=554115 max_rows=2048 avg_max_rows=1415.3 hist_le128=315 hist_gt128=21945 hist=[0, 21, 56, 238, 129, 1835, 2636, 17345, 0]
(Worker_TP1 pid=1239) INFO 09-03 11:16:12 [exl3.py:464] exl3 e2 diag schema=1 configured_tier=legacy effective_tier=legacy tier_reason=none_requested shared_suh=1 shared_suh_layers=42/42 sym_exl3_moe=1 sym_fat_gemm=1 sym_fat_gemm_scatter=1 cap=12.1 cap_ok=1 tp_rank=1 tp_size=4 prefill_layer_calls=22260 thin_calls=315 row_tile_calls=0 fallback_calls=kernel=0,batched=0,sorted=0,legacy=21944 fallback_reasons=legacy_default=21944,thin_only=315 fat_expert_runs=554104 direct_calls=0 scatter_calls=0 fat_layers=21945 fat_expert_slots=554115 max_rows=2048 fused_temps_allocs=1 fused_temps_bytes=14155776 fat_scratch_allocs=0 fat_scratch_bytes=0 fat_scratch_peak_bytes=0
(Worker_TP1 pid=1239) INFO 09-03 11:16:14 [exl3.py:451] exl3 fat-expert P0: layers=22302 fat_layers=21987 (98.6%) fat_expert_slots=555208 max_rows=2048 avg_max_rows=1415.4 hist_le128=315 hist_gt128=21987 hist=[0, 21, 56, 238, 129, 1838, 2642, 17378, 0]
(Worker_TP1 pid=1239) INFO 09-03 11:16:14 [exl3.py:464] exl3 e2 diag schema=1 configured_tier=legacy effective_tier=legacy tier_reason=none_requested shared_suh=1 shared_suh_layers=42/42 sym_exl3_moe=1 sym_fat_gemm=1 sym_fat_gemm_scatter=1 cap=12.1 cap_ok=1 tp_rank=1 tp_size=4 prefill_layer_calls=22302 thin_calls=315 row_tile_calls=0 fallback_calls=kernel=0,batched=0,sorted=0,legacy=21986 fallback_reasons=legacy_default=21986,thin_only=315 fat_expert_runs=555197 direct_calls=0 scatter_calls=0 fat_layers=21987 fat_expert_slots=555208 max_rows=2048 fused_temps_allocs=1 fused_temps_bytes=14155776 fat_scratch_allocs=0 fat_scratch_bytes=0 fat_scratch_peak_bytes=0
(Worker_TP1 pid=1239) INFO 09-03 11:16:16 [exl3.py:451] exl3 fat-expert P0: layers=22344 fat_layers=22029 (98.6%) fat_expert_slots=556298 max_rows=2048 avg_max_rows=1415.4 hist_le128=315 hist_gt128=22029 hist=[0, 21, 56, 238, 129, 1841, 2648, 17411, 0]
(Worker_TP1 pid=1239) INFO 09-03 11:16:16 [exl3.py:464] exl3 e2 diag schema=1 configured_tier=legacy effective_tier=legacy tier_reason=none_requested shared_suh=1 shared_suh_layers=42/42 sym_exl3_moe=1 sym_fat_gemm=1 sym_fat_gemm_scatter=1 cap=12.1 cap_ok=1 tp_rank=1 tp_size=4 prefill_layer_calls=22344 thin_calls=315 row_tile_calls=0 fallback_calls=kernel=0,batched=0,sorted=0,legacy=22028 fallback_reasons=legacy_default=22028,thin_only=315 fat_expert_runs=556287 direct_calls=0 scatter_calls=0 fat_layers=22029 fat_expert_slots=556298 max_rows=2048 fused_temps_allocs=1 fused_temps_bytes=14155776 fat_scratch_allocs=0 fat_scratch_bytes=0 fat_scratch_peak_bytes=0
(Worker_TP1 pid=1239) INFO 09-03 11:16:17 [exl3.py:451] exl3 fat-expert P0: layers=22386 fat_layers=22071 (98.6%) fat_expert_slots=557379 max_rows=2048 avg_max_rows=1415.4 hist_le128=315 hist_gt128=22071 hist=[0, 21, 56, 238, 129, 1845, 2653, 17444, 0]
(Worker_TP1 pid=1239) INFO 09-03 11:16:17 [exl3.py:464] exl3 e2 diag schema=1 configured_tier=legacy effective_tier=legacy tier_reason=none_requested shared_suh=1 shared_suh_layers=42/42 sym_exl3_moe=1 sym_fat_gemm=1 sym_fat_gemm_scatter=1 cap=12.1 cap_ok=1 tp_rank=1 tp_size=4 prefill_layer_calls=22386 thin_calls=315 row_tile_calls=0 fallback_calls=kernel=0,batched=0,sorted=0,legacy=22070 fallback_reasons=legacy_default=22070,thin_only=315 fat_expert_runs=557368 direct_calls=0 scatter_calls=0 fat_layers=22071 fat_expert_slots=557379 max_rows=2048 fused_temps_allocs=1 fused_temps_bytes=14155776 fat_scratch_allocs=0 fat_scratch_bytes=0 fat_scratch_peak_bytes=0
(Worker_TP1 pid=1239) INFO 09-03 11:16:19 [exl3.py:451] exl3 fat-expert P0: layers=22428 fat_layers=22113 (98.6%) fat_expert_slots=558457 max_rows=2048 avg_max_rows=1415.4 hist_le128=315 hist_gt128=22113 hist=[0, 21, 56, 238, 129, 1849, 2658, 17477, 0]
(Worker_TP1 pid=1239) INFO 09-03 11:16:19 [exl3.py:464] exl3 e2 diag schema=1 configured_tier=legacy effective_tier=legacy tier_reason=none_requested shared_suh=1 shared_suh_layers=42/42 sym_exl3_moe=1 sym_fat_gemm=1 sym_fat_gemm_scatter=1 cap=12.1 cap_ok=1 tp_rank=1 tp_size=4 prefill_layer_calls=22428 thin_calls=315 row_tile_calls=0 fallback_calls=kernel=0,batched=0,sorted=0,legacy=22112 fallback_reasons=legacy_default=22112,thin_only=315 fat_expert_runs=558446 direct_calls=0 scatter_calls=0 fat_layers=22113 fat_expert_slots=558457 max_rows=2048 fused_temps_allocs=1 fused_temps_bytes=14155776 fat_scratch_allocs=0 fat_scratch_bytes=0 fat_scratch_peak_bytes=0
(Worker_TP1 pid=1239) INFO 09-03 11:16:21 [exl3.py:451] exl3 fat-expert P0: layers=22470 fat_layers=22155 (98.6%) fat_expert_slots=559568 max_rows=2048 avg_max_rows=1415.4 hist_le128=315 hist_gt128=22155 hist=[0, 21, 56, 238, 129, 1852, 2664, 17510, 0]
(Worker_TP1 pid=1239) INFO 09-03 11:16:21 [exl3.py:464] exl3 e2 diag schema=1 configured_tier=legacy effective_tier=legacy tier_reason=none_requested shared_suh=1 shared_suh_layers=42/42 sym_exl3_moe=1 sym_fat_gemm=1 sym_fat_gemm_scatter=1 cap=12.1 cap_ok=1 tp_rank=1 tp_size=4 prefill_layer_calls=22470 thin_calls=315 row_tile_calls=0 fallback_calls=kernel=0,batched=0,sorted=0,legacy=22154 fallback_reasons=legacy_default=22154,thin_only=315 fat_expert_runs=559557 direct_calls=0 scatter_calls=0 fat_layers=22155 fat_expert_slots=559568 max_rows=2048 fused_temps_allocs=1 fused_temps_bytes=14155776 fat_scratch_allocs=0 fat_scratch_bytes=0 fat_scratch_peak_bytes=0
(Worker_TP1 pid=1239) INFO 09-03 11:16:22 [exl3.py:451] exl3 fat-expert P0: layers=22512 fat_layers=22197 (98.6%) fat_expert_slots=560682 max_rows=2048 avg_max_rows=1415.4 hist_le128=315 hist_gt128=22197 hist=[0, 21, 56, 238, 129, 1855, 2671, 17542, 0]
(Worker_TP1 pid=1239) INFO 09-03 11:16:22 [exl3.py:464] exl3 e2 diag schema=1 configured_tier=legacy effective_tier=legacy tier_reason=none_requested shared_suh=1 shared_suh_layers=42/42 sym_exl3_moe=1 sym_fat_gemm=1 sym_fat_gemm_scatter=1 cap=12.1 cap_ok=1 tp_rank=1 tp_size=4 prefill_layer_calls=22512 thin_calls=315 row_tile_calls=0 fallback_calls=kernel=0,batched=0,sorted=0,legacy=22196 fallback_reasons=legacy_default=22196,thin_only=315 fat_expert_runs=560671 direct_calls=0 scatter_calls=0 fat_layers=22197 fat_expert_slots=560682 max_rows=2048 fused_temps_allocs=1 fused_temps_bytes=14155776 fat_scratch_allocs=0 fat_scratch_bytes=0 fat_scratch_peak_bytes=0
(Worker_TP1 pid=1239) INFO 09-03 11:16:24 [exl3.py:451] exl3 fat-expert P0: layers=22554 fat_layers=22239 (98.6%) fat_expert_slots=561800 max_rows=2048 avg_max_rows=1415.4 hist_le128=315 hist_gt128=22239 hist=[0, 21, 56, 238, 129, 1859, 2676, 17575, 0]
(Worker_TP1 pid=1239) INFO 09-03 11:16:24 [exl3.py:464] exl3 e2 diag schema=1 configured_tier=legacy effective_tier=legacy tier_reason=none_requested shared_suh=1 shared_suh_layers=42/42 sym_exl3_moe=1 sym_fat_gemm=1 sym_fat_gemm_scatter=1 cap=12.1 cap_ok=1 tp_rank=1 tp_size=4 prefill_layer_calls=22554 thin_calls=315 row_tile_calls=0 fallback_calls=kernel=0,batched=0,sorted=0,legacy=22238 fallback_reasons=legacy_default=22238,thin_only=315 fat_expert_runs=561789 direct_calls=0 scatter_calls=0 fat_layers=22239 fat_expert_slots=561800 max_rows=2048 fused_temps_allocs=1 fused_temps_bytes=14155776 fat_scratch_allocs=0 fat_scratch_bytes=0 fat_scratch_peak_bytes=0
(Worker_TP1 pid=1239) INFO 09-03 11:16:26 [exl3.py:451] exl3 fat-expert P0: layers=22596 fat_layers=22281 (98.6%) fat_expert_slots=562904 max_rows=2048 avg_max_rows=1415.4 hist_le128=315 hist_gt128=22281 hist=[0, 21, 56, 238, 129, 1862, 2682, 17608, 0]
(Worker_TP1 pid=1239) INFO 09-03 11:16:26 [exl3.py:464] exl3 e2 diag schema=1 configured_tier=legacy effective_tier=legacy tier_reason=none_requested shared_suh=1 shared_suh_layers=42/42 sym_exl3_moe=1 sym_fat_gemm=1 sym_fat_gemm_scatter=1 cap=12.1 cap_ok=1 tp_rank=1 tp_size=4 prefill_layer_calls=22596 thin_calls=315 row_tile_calls=0 fallback_calls=kernel=0,batched=0,sorted=0,legacy=22280 fallback_reasons=legacy_default=22280,thin_only=315 fat_expert_runs=562893 direct_calls=0 scatter_calls=0 fat_layers=22281 fat_expert_slots=562904 max_rows=2048 fused_temps_allocs=1 fused_temps_bytes=14155776 fat_scratch_allocs=0 fat_scratch_bytes=0 fat_scratch_peak_bytes=0
(Worker_TP1 pid=1239) INFO 09-03 11:16:28 [exl3.py:451] exl3 fat-expert P0: layers=22638 fat_layers=22323 (98.6%) fat_expert_slots=564022 max_rows=2048 avg_max_rows=1415.4 hist_le128=315 hist_gt128=22323 hist=[0, 21, 56, 238, 129, 1865, 2689, 17640, 0]
(Worker_TP1 pid=1239) INFO 09-03 11:16:28 [exl3.py:464] exl3 e2 diag schema=1 configured_tier=legacy effective_tier=legacy tier_reason=none_requested shared_suh=1 shared_suh_layers=42/42 sym_exl3_moe=1 sym_fat_gemm=1 sym_fat_gemm_scatter=1 cap=12.1 cap_ok=1 tp_rank=1 tp_size=4 prefill_layer_calls=22638 thin_calls=315 row_tile_calls=0 fallback_calls=kernel=0,batched=0,sorted=0,legacy=22322 fallback_reasons=legacy_default=22322,thin_only=315 fat_expert_runs=564011 direct_calls=0 scatter_calls=0 fat_layers=22323 fat_expert_slots=564022 max_rows=2048 fused_temps_allocs=1 fused_temps_bytes=14155776 fat_scratch_allocs=0 fat_scratch_bytes=0 fat_scratch_peak_bytes=0
(Worker_TP1 pid=1239) INFO 09-03 11:16:29 [exl3.py:451] exl3 fat-expert P0: layers=22680 fat_layers=22365 (98.6%) fat_expert_slots=565114 max_rows=2048 avg_max_rows=1415.3 hist_le128=315 hist_gt128=22365 hist=[0, 21, 56, 238, 129, 1869, 2695, 17672, 0]
(Worker_TP1 pid=1239) INFO 09-03 11:16:29 [exl3.py:464] exl3 e2 diag schema=1 configured_tier=legacy effective_tier=legacy tier_reason=none_requested shared_suh=1 shared_suh_layers=42/42 sym_exl3_moe=1 sym_fat_gemm=1 sym_fat_gemm_scatter=1 cap=12.1 cap_ok=1 tp_rank=1 tp_size=4 prefill_layer_calls=22680 thin_calls=315 row_tile_calls=0 fallback_calls=kernel=0,batched=0,sorted=0,legacy=22364 fallback_reasons=legacy_default=22364,thin_only=315 fat_expert_runs=565103 direct_calls=0 scatter_calls=0 fat_layers=22365 fat_expert_slots=565114 max_rows=2048 fused_temps_allocs=1 fused_temps_bytes=14155776 fat_scratch_allocs=0 fat_scratch_bytes=0 fat_scratch_peak_bytes=0
(Worker_TP1 pid=1239) INFO 09-03 11:16:31 [exl3.py:451] exl3 fat-expert P0: layers=22722 fat_layers=22407 (98.6%) fat_expert_slots=566212 max_rows=2048 avg_max_rows=1415.4 hist_le128=315 hist_gt128=22407 hist=[0, 21, 56, 238, 129, 1873, 2700, 17705, 0]
(Worker_TP1 pid=1239) INFO 09-03 11:16:31 [exl3.py:464] exl3 e2 diag schema=1 configured_tier=legacy effective_tier=legacy tier_reason=none_requested shared_suh=1 shared_suh_layers=42/42 sym_exl3_moe=1 sym_fat_gemm=1 sym_fat_gemm_scatter=1 cap=12.1 cap_ok=1 tp_rank=1 tp_size=4 prefill_layer_calls=22722 thin_calls=315 row_tile_calls=0 fallback_calls=kernel=0,batched=0,sorted=0,legacy=22406 fallback_reasons=legacy_default=22406,thin_only=315 fat_expert_runs=566200 direct_calls=0 scatter_calls=0 fat_layers=22407 fat_expert_slots=566212 max_rows=2048 fused_temps_allocs=1 fused_temps_bytes=14155776 fat_scratch_allocs=0 fat_scratch_bytes=0 fat_scratch_peak_bytes=0
(Worker_TP1 pid=1239) INFO 09-03 11:16:33 [exl3.py:451] exl3 fat-expert P0: layers=22764 fat_layers=22449 (98.6%) fat_expert_slots=567329 max_rows=2048 avg_max_rows=1415.3 hist_le128=315 hist_gt128=22449 hist=[0, 21, 56, 238, 129, 1877, 2706, 17737, 0]
(Worker_TP1 pid=1239) INFO 09-03 11:16:33 [exl3.py:464] exl3 e2 diag schema=1 configured_tier=legacy effective_tier=legacy tier_reason=none_requested shared_suh=1 shared_suh_layers=42/42 sym_exl3_moe=1 sym_fat_gemm=1 sym_fat_gemm_scatter=1 cap=12.1 cap_ok=1 tp_rank=1 tp_size=4 prefill_layer_calls=22764 thin_calls=315 row_tile_calls=0 fallback_calls=kernel=0,batched=0,sorted=0,legacy=22448 fallback_reasons=legacy_default=22448,thin_only=315 fat_expert_runs=567317 direct_calls=0 scatter_calls=0 fat_layers=22449 fat_expert_slots=567329 max_rows=2048 fused_temps_allocs=1 fused_temps_bytes=14155776 fat_scratch_allocs=0 fat_scratch_bytes=0 fat_scratch_peak_bytes=0
(Worker_TP1 pid=1239) INFO 09-03 11:16:35 [exl3.py:451] exl3 fat-expert P0: layers=22806 fat_layers=22491 (98.6%) fat_expert_slots=568480 max_rows=2048 avg_max_rows=1415.0 hist_le128=315 hist_gt128=22491 hist=[0, 21, 56, 238, 129, 1881, 2715, 17766, 0]
(Worker_TP1 pid=1239) INFO 09-03 11:16:35 [exl3.py:464] exl3 e2 diag schema=1 configured_tier=legacy effective_tier=legacy tier_reason=none_requested shared_suh=1 shared_suh_layers=42/42 sym_exl3_moe=1 sym_fat_gemm=1 sym_fat_gemm_scatter=1 cap=12.1 cap_ok=1 tp_rank=1 tp_size=4 prefill_layer_calls=22806 thin_calls=315 row_tile_calls=0 fallback_calls=kernel=0,batched=0,sorted=0,legacy=22490 fallback_reasons=legacy_default=22490,thin_only=315 fat_expert_runs=568457 direct_calls=0 scatter_calls=0 fat_layers=22491 fat_expert_slots=568480 max_rows=2048 fused_temps_allocs=1 fused_temps_bytes=14155776 fat_scratch_allocs=0 fat_scratch_bytes=0 fat_scratch_peak_bytes=0
(Worker_TP1 pid=1239) INFO 09-03 11:16:36 [exl3.py:451] exl3 fat-expert P0: layers=22848 fat_layers=22533 (98.6%) fat_expert_slots=569536 max_rows=2048 avg_max_rows=1415.0 hist_le128=315 hist_gt128=22533 hist=[0, 21, 56, 238, 129, 1885, 2718, 17801, 0]
(Worker_TP1 pid=1239) INFO 09-03 11:16:36 [exl3.py:464] exl3 e2 diag schema=1 configured_tier=legacy effective_tier=legacy tier_reason=none_requested shared_suh=1 shared_suh_layers=42/42 sym_exl3_moe=1 sym_fat_gemm=1 sym_fat_gemm_scatter=1 cap=12.1 cap_ok=1 tp_rank=1 tp_size=4 prefill_layer_calls=22848 thin_calls=315 row_tile_calls=0 fallback_calls=kernel=0,batched=0,sorted=0,legacy=22532 fallback_reasons=legacy_default=22532,thin_only=315 fat_expert_runs=569513 direct_calls=0 scatter_calls=0 fat_layers=22533 fat_expert_slots=569536 max_rows=2048 fused_temps_allocs=1 fused_temps_bytes=14155776 fat_scratch_allocs=0 fat_scratch_bytes=0 fat_scratch_peak_bytes=0
(Worker_TP1 pid=1239) INFO 09-03 11:16:38 [exl3.py:451] exl3 fat-expert P0: layers=22890 fat_layers=22575 (98.6%) fat_expert_slots=570611 max_rows=2048 avg_max_rows=1415.1 hist_le128=315 hist_gt128=22575 hist=[0, 21, 56, 238, 129, 1889, 2722, 17835, 0]
(Worker_TP1 pid=1239) INFO 09-03 11:16:38 [exl3.py:464] exl3 e2 diag schema=1 configured_tier=legacy effective_tier=legacy tier_reason=none_requested shared_suh=1 shared_suh_layers=42/42 sym_exl3_moe=1 sym_fat_gemm=1 sym_fat_gemm_scatter=1 cap=12.1 cap_ok=1 tp_rank=1 tp_size=4 prefill_layer_calls=22890 thin_calls=315 row_tile_calls=0 fallback_calls=kernel=0,batched=0,sorted=0,legacy=22574 fallback_reasons=legacy_default=22574,thin_only=315 fat_expert_runs=570588 direct_calls=0 scatter_calls=0 fat_layers=22575 fat_expert_slots=570611 max_rows=2048 fused_temps_allocs=1 fused_temps_bytes=14155776 fat_scratch_allocs=0 fat_scratch_bytes=0 fat_scratch_peak_bytes=0
(Worker_TP1 pid=1239) INFO 09-03 11:16:40 [exl3.py:451] exl3 fat-expert P0: layers=22932 fat_layers=22617 (98.6%) fat_expert_slots=571689 max_rows=2048 avg_max_rows=1415.2 hist_le128=315 hist_gt128=22617 hist=[0, 21, 56, 238, 129, 1893, 2726, 17869, 0]
(Worker_TP1 pid=1239) INFO 09-03 11:16:40 [exl3.py:464] exl3 e2 diag schema=1 configured_tier=legacy effective_tier=legacy tier_reason=none_requested shared_suh=1 shared_suh_layers=42/42 sym_exl3_moe=1 sym_fat_gemm=1 sym_fat_gemm_scatter=1 cap=12.1 cap_ok=1 tp_rank=1 tp_size=4 prefill_layer_calls=22932 thin_calls=315 row_tile_calls=0 fallback_calls=kernel=0,batched=0,sorted=0,legacy=22616 fallback_reasons=legacy_default=22616,thin_only=315 fat_expert_runs=571667 direct_calls=0 scatter_calls=0 fat_layers=22617 fat_expert_slots=571689 max_rows=2048 fused_temps_allocs=1 fused_temps_bytes=14155776 fat_scratch_allocs=0 fat_scratch_bytes=0 fat_scratch_peak_bytes=0
(Worker_TP1 pid=1239) INFO 09-03 11:16:41 [exl3.py:451] exl3 fat-expert P0: layers=22974 fat_layers=22659 (98.6%) fat_expert_slots=572757 max_rows=2048 avg_max_rows=1415.3 hist_le128=315 hist_gt128=22659 hist=[0, 21, 56, 238, 129, 1896, 2730, 17904, 0]
(Worker_TP1 pid=1239) INFO 09-03 11:16:41 [exl3.py:464] exl3 e2 diag schema=1 configured_tier=legacy effective_tier=legacy tier_reason=none_requested shared_suh=1 shared_suh_layers=42/42 sym_exl3_moe=1 sym_fat_gemm=1 sym_fat_gemm_scatter=1 cap=12.1 cap_ok=1 tp_rank=1 tp_size=4 prefill_layer_calls=22974 thin_calls=315 row_tile_calls=0 fallback_calls=kernel=0,batched=0,sorted=0,legacy=22658 fallback_reasons=legacy_default=22658,thin_only=315 fat_expert_runs=572735 direct_calls=0 scatter_calls=0 fat_layers=22659 fat_expert_slots=572757 max_rows=2048 fused_temps_allocs=1 fused_temps_bytes=14155776 fat_scratch_allocs=0 fat_scratch_bytes=0 fat_scratch_peak_bytes=0
(Worker_TP1 pid=1239) INFO 09-03 11:16:43 [exl3.py:451] exl3 fat-expert P0: layers=23016 fat_layers=22701 (98.6%) fat_expert_slots=573808 max_rows=2048 avg_max_rows=1415.4 hist_le128=315 hist_gt128=22701 hist=[0, 21, 56, 238, 129, 1900, 2732, 17940, 0]
(Worker_TP1 pid=1239) INFO 09-03 11:16:43 [exl3.py:464] exl3 e2 diag schema=1 configured_tier=legacy effective_tier=legacy tier_reason=none_requested shared_suh=1 shared_suh_layers=42/42 sym_exl3_moe=1 sym_fat_gemm=1 sym_fat_gemm_scatter=1 cap=12.1 cap_ok=1 tp_rank=1 tp_size=4 prefill_layer_calls=23016 thin_calls=315 row_tile_calls=0 fallback_calls=kernel=0,batched=0,sorted=0,legacy=22700 fallback_reasons=legacy_default=22700,thin_only=315 fat_expert_runs=573786 direct_calls=0 scatter_calls=0 fat_layers=22701 fat_expert_slots=573808 max_rows=2048 fused_temps_allocs=1 fused_temps_bytes=14155776 fat_scratch_allocs=0 fat_scratch_bytes=0 fat_scratch_peak_bytes=0
(Worker_TP1 pid=1239) INFO 09-03 11:16:45 [exl3.py:451] exl3 fat-expert P0: layers=23058 fat_layers=22743 (98.6%) fat_expert_slots=574847 max_rows=2048 avg_max_rows=1415.6 hist_le128=315 hist_gt128=22743 hist=[0, 21, 56, 238, 129, 1903, 2737, 17974, 0]
(Worker_TP1 pid=1239) INFO 09-03 11:16:45 [exl3.py:464] exl3 e2 diag schema=1 configured_tier=legacy effective_tier=legacy tier_reason=none_requested shared_suh=1 shared_suh_layers=42/42 sym_exl3_moe=1 sym_fat_gemm=1 sym_fat_gemm_scatter=1 cap=12.1 cap_ok=1 tp_rank=1 tp_size=4 prefill_layer_calls=23058 thin_calls=315 row_tile_calls=0 fallback_calls=kernel=0,batched=0,sorted=0,legacy=22742 fallback_reasons=legacy_default=22742,thin_only=315 fat_expert_runs=574828 direct_calls=0 scatter_calls=0 fat_layers=22743 fat_expert_slots=574847 max_rows=2048 fused_temps_allocs=1 fused_temps_bytes=14155776 fat_scratch_allocs=0 fat_scratch_bytes=0 fat_scratch_peak_bytes=0
(Worker_TP1 pid=1239) INFO 09-03 11:16:46 [exl3.py:451] exl3 fat-expert P0: layers=23100 fat_layers=22785 (98.6%) fat_expert_slots=575881 max_rows=2048 avg_max_rows=1415.7 hist_le128=315 hist_gt128=22785 hist=[0, 21, 56, 238, 129, 1907, 2740, 18009, 0]
(Worker_TP1 pid=1239) INFO 09-03 11:16:46 [exl3.py:464] exl3 e2 diag schema=1 configured_tier=legacy effective_tier=legacy tier_reason=none_requested shared_suh=1 shared_suh_layers=42/42 sym_exl3_moe=1 sym_fat_gemm=1 sym_fat_gemm_scatter=1 cap=12.1 cap_ok=1 tp_rank=1 tp_size=4 prefill_layer_calls=23100 thin_calls=315 row_tile_calls=0 fallback_calls=kernel=0,batched=0,sorted=0,legacy=22784 fallback_reasons=legacy_default=22784,thin_only=315 fat_expert_runs=575860 direct_calls=0 scatter_calls=0 fat_layers=22785 fat_expert_slots=575881 max_rows=2048 fused_temps_allocs=1 fused_temps_bytes=14155776 fat_scratch_allocs=0 fat_scratch_bytes=0 fat_scratch_peak_bytes=0
(Worker_TP1 pid=1239) INFO 09-03 11:16:48 [exl3.py:451] exl3 fat-expert P0: layers=23142 fat_layers=22827 (98.6%) fat_expert_slots=576938 max_rows=2048 avg_max_rows=1415.8 hist_le128=315 hist_gt128=22827 hist=[0, 21, 56, 238, 129, 1910, 2744, 18044, 0]
(Worker_TP1 pid=1239) INFO 09-03 11:16:48 [exl3.py:464] exl3 e2 diag schema=1 configured_tier=legacy effective_tier=legacy tier_reason=none_requested shared_suh=1 shared_suh_layers=42/42 sym_exl3_moe=1 sym_fat_gemm=1 sym_fat_gemm_scatter=1 cap=12.1 cap_ok=1 tp_rank=1 tp_size=4 prefill_layer_calls=23142 thin_calls=315 row_tile_calls=0 fallback_calls=kernel=0,batched=0,sorted=0,legacy=22826 fallback_reasons=legacy_default=22826,thin_only=315 fat_expert_runs=576919 direct_calls=0 scatter_calls=0 fat_layers=22827 fat_expert_slots=576938 max_rows=2048 fused_temps_allocs=1 fused_temps_bytes=14155776 fat_scratch_allocs=0 fat_scratch_bytes=0 fat_scratch_peak_bytes=0
(Worker_TP1 pid=1239) INFO 09-03 11:16:50 [exl3.py:451] exl3 fat-expert P0: layers=23184 fat_layers=22869 (98.6%) fat_expert_slots=577980 max_rows=2048 avg_max_rows=1415.9 hist_le128=315 hist_gt128=22869 hist=[0, 21, 56, 238, 129, 1913, 2749, 18078, 0]
(Worker_TP1 pid=1239) INFO 09-03 11:16:50 [exl3.py:464] exl3 e2 diag schema=1 configured_tier=legacy effective_tier=legacy tier_reason=none_requested shared_suh=1 shared_suh_layers=42/42 sym_exl3_moe=1 sym_fat_gemm=1 sym_fat_gemm_scatter=1 cap=12.1 cap_ok=1 tp_rank=1 tp_size=4 prefill_layer_calls=23184 thin_calls=315 row_tile_calls=0 fallback_calls=kernel=0,batched=0,sorted=0,legacy=22868 fallback_reasons=legacy_default=22868,thin_only=315 fat_expert_runs=577962 direct_calls=0 scatter_calls=0 fat_layers=22869 fat_expert_slots=577980 max_rows=2048 fused_temps_allocs=1 fused_temps_bytes=14155776 fat_scratch_allocs=0 fat_scratch_bytes=0 fat_scratch_peak_bytes=0
(Worker_TP1 pid=1239) INFO 09-03 11:16:52 [exl3.py:451] exl3 fat-expert P0: layers=23226 fat_layers=22911 (98.6%) fat_expert_slots=579018 max_rows=2048 avg_max_rows=1416.0 hist_le128=315 hist_gt128=22911 hist=[0, 21, 56, 238, 129, 1916, 2754, 18112, 0]
(Worker_TP1 pid=1239) INFO 09-03 11:16:52 [exl3.py:464] exl3 e2 diag schema=1 configured_tier=legacy effective_tier=legacy tier_reason=none_requested shared_suh=1 shared_suh_layers=42/42 sym_exl3_moe=1 sym_fat_gemm=1 sym_fat_gemm_scatter=1 cap=12.1 cap_ok=1 tp_rank=1 tp_size=4 prefill_layer_calls=23226 thin_calls=315 row_tile_calls=0 fallback_calls=kernel=0,batched=0,sorted=0,legacy=22910 fallback_reasons=legacy_default=22910,thin_only=315 fat_expert_runs=579000 direct_calls=0 scatter_calls=0 fat_layers=22911 fat_expert_slots=579018 max_rows=2048 fused_temps_allocs=1 fused_temps_bytes=14155776 fat_scratch_allocs=0 fat_scratch_bytes=0 fat_scratch_peak_bytes=0
(Worker_TP1 pid=1239) INFO 09-03 11:16:53 [exl3.py:451] exl3 fat-expert P0: layers=23268 fat_layers=22953 (98.6%) fat_expert_slots=580066 max_rows=2048 avg_max_rows=1416.0 hist_le128=315 hist_gt128=22953 hist=[0, 21, 56, 238, 129, 1920, 2759, 18145, 0]
(Worker_TP1 pid=1239) INFO 09-03 11:16:53 [exl3.py:464] exl3 e2 diag schema=1 configured_tier=legacy effective_tier=legacy tier_reason=none_requested shared_suh=1 shared_suh_layers=42/42 sym_exl3_moe=1 sym_fat_gemm=1 sym_fat_gemm_scatter=1 cap=12.1 cap_ok=1 tp_rank=1 tp_size=4 prefill_layer_calls=23268 thin_calls=315 row_tile_calls=0 fallback_calls=kernel=0,batched=0,sorted=0,legacy=22952 fallback_reasons=legacy_default=22952,thin_only=315 fat_expert_runs=580046 direct_calls=0 scatter_calls=0 fat_layers=22953 fat_expert_slots=580066 max_rows=2048 fused_temps_allocs=1 fused_temps_bytes=14155776 fat_scratch_allocs=0 fat_scratch_bytes=0 fat_scratch_peak_bytes=0
(Worker_TP1 pid=1239) INFO 09-03 11:16:55 [exl3.py:451] exl3 fat-expert P0: layers=23310 fat_layers=22995 (98.6%) fat_expert_slots=581198 max_rows=2048 avg_max_rows=1415.8 hist_le128=315 hist_gt128=22995 hist=[0, 21, 56, 238, 129, 1924, 2767, 18175, 0]
(Worker_TP1 pid=1239) INFO 09-03 11:16:55 [exl3.py:464] exl3 e2 diag schema=1 configured_tier=legacy effective_tier=legacy tier_reason=none_requested shared_suh=1 shared_suh_layers=42/42 sym_exl3_moe=1 sym_fat_gemm=1 sym_fat_gemm_scatter=1 cap=12.1 cap_ok=1 tp_rank=1 tp_size=4 prefill_layer_calls=23310 thin_calls=315 row_tile_calls=0 fallback_calls=kernel=0,batched=0,sorted=0,legacy=22994 fallback_reasons=legacy_default=22994,thin_only=315 fat_expert_runs=581174 direct_calls=0 scatter_calls=0 fat_layers=22995 fat_expert_slots=581198 max_rows=2048 fused_temps_allocs=1 fused_temps_bytes=14155776 fat_scratch_allocs=0 fat_scratch_bytes=0 fat_scratch_peak_bytes=0
(Worker_TP1 pid=1239) INFO 09-03 11:16:57 [exl3.py:451] exl3 fat-expert P0: layers=23352 fat_layers=23037 (98.7%) fat_expert_slots=582281 max_rows=2048 avg_max_rows=1415.8 hist_le128=315 hist_gt128=23037 hist=[0, 21, 56, 238, 129, 1928, 2769, 18211, 0]
(Worker_TP1 pid=1239) INFO 09-03 11:16:57 [exl3.py:464] exl3 e2 diag schema=1 configured_tier=legacy effective_tier=legacy tier_reason=none_requested shared_suh=1 shared_suh_layers=42/42 sym_exl3_moe=1 sym_fat_gemm=1 sym_fat_gemm_scatter=1 cap=12.1 cap_ok=1 tp_rank=1 tp_size=4 prefill_layer_calls=23352 thin_calls=315 row_tile_calls=0 fallback_calls=kernel=0,batched=0,sorted=0,legacy=23036 fallback_reasons=legacy_default=23036,thin_only=315 fat_expert_runs=582258 direct_calls=0 scatter_calls=0 fat_layers=23037 fat_expert_slots=582281 max_rows=2048 fused_temps_allocs=1 fused_temps_bytes=14155776 fat_scratch_allocs=0 fat_scratch_bytes=0 fat_scratch_peak_bytes=0
(Worker_TP1 pid=1239) INFO 09-03 11:16:58 [exl3.py:451] exl3 fat-expert P0: layers=23394 fat_layers=23079 (98.7%) fat_expert_slots=583342 max_rows=2048 avg_max_rows=1415.9 hist_le128=315 hist_gt128=23079 hist=[0, 21, 56, 238, 129, 1932, 2771, 18247, 0]
(Worker_TP1 pid=1239) INFO 09-03 11:16:58 [exl3.py:464] exl3 e2 diag schema=1 configured_tier=legacy effective_tier=legacy tier_reason=none_requested shared_suh=1 shared_suh_layers=42/42 sym_exl3_moe=1 sym_fat_gemm=1 sym_fat_gemm_scatter=1 cap=12.1 cap_ok=1 tp_rank=1 tp_size=4 prefill_layer_calls=23394 thin_calls=315 row_tile_calls=0 fallback_calls=kernel=0,batched=0,sorted=0,legacy=23078 fallback_reasons=legacy_default=23078,thin_only=315 fat_expert_runs=583322 direct_calls=0 scatter_calls=0 fat_layers=23079 fat_expert_slots=583342 max_rows=2048 fused_temps_allocs=1 fused_temps_bytes=14155776 fat_scratch_allocs=0 fat_scratch_bytes=0 fat_scratch_peak_bytes=0
(Worker_TP1 pid=1239) INFO 09-03 11:17:00 [exl3.py:451] exl3 fat-expert P0: layers=23436 fat_layers=23121 (98.7%) fat_expert_slots=584394 max_rows=2048 avg_max_rows=1416.1 hist_le128=315 hist_gt128=23121 hist=[0, 21, 56, 238, 129, 1936, 2774, 18282, 0]
(Worker_TP1 pid=1239) INFO 09-03 11:17:00 [exl3.py:464] exl3 e2 diag schema=1 configured_tier=legacy effective_tier=legacy tier_reason=none_requested shared_suh=1 shared_suh_layers=42/42 sym_exl3_moe=1 sym_fat_gemm=1 sym_fat_gemm_scatter=1 cap=12.1 cap_ok=1 tp_rank=1 tp_size=4 prefill_layer_calls=23436 thin_calls=315 row_tile_calls=0 fallback_calls=kernel=0,batched=0,sorted=0,legacy=23120 fallback_reasons=legacy_default=23120,thin_only=315 fat_expert_runs=584372 direct_calls=0 scatter_calls=0 fat_layers=23121 fat_expert_slots=584394 max_rows=2048 fused_temps_allocs=1 fused_temps_bytes=14155776 fat_scratch_allocs=0 fat_scratch_bytes=0 fat_scratch_peak_bytes=0
(Worker_TP1 pid=1239) INFO 09-03 11:17:02 [exl3.py:451] exl3 fat-expert P0: layers=23478 fat_layers=23163 (98.7%) fat_expert_slots=585450 max_rows=2048 avg_max_rows=1416.2 hist_le128=315 hist_gt128=23163 hist=[0, 21, 56, 238, 129, 1940, 2777, 18317, 0]
(Worker_TP1 pid=1239) INFO 09-03 11:17:02 [exl3.py:464] exl3 e2 diag schema=1 configured_tier=legacy effective_tier=legacy tier_reason=none_requested shared_suh=1 shared_suh_layers=42/42 sym_exl3_moe=1 sym_fat_gemm=1 sym_fat_gemm_scatter=1 cap=12.1 cap_ok=1 tp_rank=1 tp_size=4 prefill_layer_calls=23478 thin_calls=315 row_tile_calls=0 fallback_calls=kernel=0,batched=0,sorted=0,legacy=23162 fallback_reasons=legacy_default=23162,thin_only=315 fat_expert_runs=585428 direct_calls=0 scatter_calls=0 fat_layers=23163 fat_expert_slots=585450 max_rows=2048 fused_temps_allocs=1 fused_temps_bytes=14155776 fat_scratch_allocs=0 fat_scratch_bytes=0 fat_scratch_peak_bytes=0
(Worker_TP1 pid=1239) INFO 09-03 11:17:03 [exl3.py:451] exl3 fat-expert P0: layers=23520 fat_layers=23205 (98.7%) fat_expert_slots=586513 max_rows=2048 avg_max_rows=1416.2 hist_le128=315 hist_gt128=23205 hist=[0, 21, 56, 238, 129, 1943, 2782, 18351, 0]
(Worker_TP1 pid=1239) INFO 09-03 11:17:03 [exl3.py:464] exl3 e2 diag schema=1 configured_tier=legacy effective_tier=legacy tier_reason=none_requested shared_suh=1 shared_suh_layers=42/42 sym_exl3_moe=1 sym_fat_gemm=1 sym_fat_gemm_scatter=1 cap=12.1 cap_ok=1 tp_rank=1 tp_size=4 prefill_layer_calls=23520 thin_calls=315 row_tile_calls=0 fallback_calls=kernel=0,batched=0,sorted=0,legacy=23204 fallback_reasons=legacy_default=23204,thin_only=315 fat_expert_runs=586490 direct_calls=0 scatter_calls=0 fat_layers=23205 fat_expert_slots=586513 max_rows=2048 fused_temps_allocs=1 fused_temps_bytes=14155776 fat_scratch_allocs=0 fat_scratch_bytes=0 fat_scratch_peak_bytes=0
(Worker_TP1 pid=1239) INFO 09-03 11:17:05 [exl3.py:451] exl3 fat-expert P0: layers=23562 fat_layers=23247 (98.7%) fat_expert_slots=587525 max_rows=2048 avg_max_rows=1416.4 hist_le128=315 hist_gt128=23247 hist=[0, 21, 56, 238, 129, 1946, 2786, 18386, 0]
(Worker_TP1 pid=1239) INFO 09-03 11:17:05 [exl3.py:464] exl3 e2 diag schema=1 configured_tier=legacy effective_tier=legacy tier_reason=none_requested shared_suh=1 shared_suh_layers=42/42 sym_exl3_moe=1 sym_fat_gemm=1 sym_fat_gemm_scatter=1 cap=12.1 cap_ok=1 tp_rank=1 tp_size=4 prefill_layer_calls=23562 thin_calls=315 row_tile_calls=0 fallback_calls=kernel=0,batched=0,sorted=0,legacy=23246 fallback_reasons=legacy_default=23246,thin_only=315 fat_expert_runs=587506 direct_calls=0 scatter_calls=0 fat_layers=23247 fat_expert_slots=587525 max_rows=2048 fused_temps_allocs=1 fused_temps_bytes=14155776 fat_scratch_allocs=0 fat_scratch_bytes=0 fat_scratch_peak_bytes=0
(Worker_TP1 pid=1239) INFO 09-03 11:17:07 [exl3.py:451] exl3 fat-expert P0: layers=23604 fat_layers=23289 (98.7%) fat_expert_slots=588569 max_rows=2048 avg_max_rows=1416.5 hist_le128=315 hist_gt128=23289 hist=[0, 21, 56, 238, 129, 1950, 2789, 18421, 0]
(Worker_TP1 pid=1239) INFO 09-03 11:17:07 [exl3.py:464] exl3 e2 diag schema=1 configured_tier=legacy effective_tier=legacy tier_reason=none_requested shared_suh=1 shared_suh_layers=42/42 sym_exl3_moe=1 sym_fat_gemm=1 sym_fat_gemm_scatter=1 cap=12.1 cap_ok=1 tp_rank=1 tp_size=4 prefill_layer_calls=23604 thin_calls=315 row_tile_calls=0 fallback_calls=kernel=0,batched=0,sorted=0,legacy=23288 fallback_reasons=legacy_default=23288,thin_only=315 fat_expert_runs=588552 direct_calls=0 scatter_calls=0 fat_layers=23289 fat_expert_slots=588569 max_rows=2048 fused_temps_allocs=1 fused_temps_bytes=14155776 fat_scratch_allocs=0 fat_scratch_bytes=0 fat_scratch_peak_bytes=0
(Worker_TP1 pid=1239) INFO 09-03 11:17:08 [exl3.py:451] exl3 fat-expert P0: layers=23646 fat_layers=23331 (98.7%) fat_expert_slots=589613 max_rows=2048 avg_max_rows=1416.7 hist_le128=315 hist_gt128=23331 hist=[0, 21, 56, 238, 129, 1954, 2794, 18454, 0]
(Worker_TP1 pid=1239) INFO 09-03 11:17:08 [exl3.py:464] exl3 e2 diag schema=1 configured_tier=legacy effective_tier=legacy tier_reason=none_requested shared_suh=1 shared_suh_layers=42/42 sym_exl3_moe=1 sym_fat_gemm=1 sym_fat_gemm_scatter=1 cap=12.1 cap_ok=1 tp_rank=1 tp_size=4 prefill_layer_calls=23646 thin_calls=315 row_tile_calls=0 fallback_calls=kernel=0,batched=0,sorted=0,legacy=23330 fallback_reasons=legacy_default=23330,thin_only=315 fat_expert_runs=589593 direct_calls=0 scatter_calls=0 fat_layers=23331 fat_expert_slots=589613 max_rows=2048 fused_temps_allocs=1 fused_temps_bytes=14155776 fat_scratch_allocs=0 fat_scratch_bytes=0 fat_scratch_peak_bytes=0
(Worker_TP1 pid=1239) INFO 09-03 11:17:10 [exl3.py:451] exl3 fat-expert P0: layers=23688 fat_layers=23373 (98.7%) fat_expert_slots=590664 max_rows=2048 avg_max_rows=1416.8 hist_le128=315 hist_gt128=23373 hist=[0, 21, 56, 238, 129, 1957, 2799, 18488, 0]
(Worker_TP1 pid=1239) INFO 09-03 11:17:10 [exl3.py:464] exl3 e2 diag schema=1 configured_tier=legacy effective_tier=legacy tier_reason=none_requested shared_suh=1 shared_suh_layers=42/42 sym_exl3_moe=1 sym_fat_gemm=1 sym_fat_gemm_scatter=1 cap=12.1 cap_ok=1 tp_rank=1 tp_size=4 prefill_layer_calls=23688 thin_calls=315 row_tile_calls=0 fallback_calls=kernel=0,batched=0,sorted=0,legacy=23372 fallback_reasons=legacy_default=23372,thin_only=315 fat_expert_runs=590646 direct_calls=0 scatter_calls=0 fat_layers=23373 fat_expert_slots=590664 max_rows=2048 fused_temps_allocs=1 fused_temps_bytes=14155776 fat_scratch_allocs=0 fat_scratch_bytes=0 fat_scratch_peak_bytes=0
(Worker_TP1 pid=1239) INFO 09-03 11:17:12 [exl3.py:451] exl3 fat-expert P0: layers=23730 fat_layers=23415 (98.7%) fat_expert_slots=591723 max_rows=2048 avg_max_rows=1416.9 hist_le128=315 hist_gt128=23415 hist=[0, 21, 56, 238, 129, 1961, 2803, 18522, 0]
(Worker_TP1 pid=1239) INFO 09-03 11:17:12 [exl3.py:464] exl3 e2 diag schema=1 configured_tier=legacy effective_tier=legacy tier_reason=none_requested shared_suh=1 shared_suh_layers=42/42 sym_exl3_moe=1 sym_fat_gemm=1 sym_fat_gemm_scatter=1 cap=12.1 cap_ok=1 tp_rank=1 tp_size=4 prefill_layer_calls=23730 thin_calls=315 row_tile_calls=0 fallback_calls=kernel=0,batched=0,sorted=0,legacy=23414 fallback_reasons=legacy_default=23414,thin_only=315 fat_expert_runs=591703 direct_calls=0 scatter_calls=0 fat_layers=23415 fat_expert_slots=591723 max_rows=2048 fused_temps_allocs=1 fused_temps_bytes=14155776 fat_scratch_allocs=0 fat_scratch_bytes=0 fat_scratch_peak_bytes=0
(Worker_TP1 pid=1239) INFO 09-03 11:17:14 [exl3.py:451] exl3 fat-expert P0: layers=23772 fat_layers=23457 (98.7%) fat_expert_slots=592790 max_rows=2048 avg_max_rows=1416.9 hist_le128=315 hist_gt128=23457 hist=[0, 21, 56, 238, 129, 1964, 2809, 18555, 0]
(Worker_TP1 pid=1239) INFO 09-03 11:17:14 [exl3.py:464] exl3 e2 diag schema=1 configured_tier=legacy effective_tier=legacy tier_reason=none_requested shared_suh=1 shared_suh_layers=42/42 sym_exl3_moe=1 sym_fat_gemm=1 sym_fat_gemm_scatter=1 cap=12.1 cap_ok=1 tp_rank=1 tp_size=4 prefill_layer_calls=23772 thin_calls=315 row_tile_calls=0 fallback_calls=kernel=0,batched=0,sorted=0,legacy=23456 fallback_reasons=legacy_default=23456,thin_only=315 fat_expert_runs=592771 direct_calls=0 scatter_calls=0 fat_layers=23457 fat_expert_slots=592790 max_rows=2048 fused_temps_allocs=1 fused_temps_bytes=14155776 fat_scratch_allocs=0 fat_scratch_bytes=0 fat_scratch_peak_bytes=0
(Worker_TP1 pid=1239) INFO 09-03 11:17:15 [exl3.py:451] exl3 fat-expert P0: layers=23814 fat_layers=23499 (98.7%) fat_expert_slots=593364 max_rows=2048 avg_max_rows=1415.8 hist_le128=315 hist_gt128=23499 hist=[0, 21, 56, 238, 132, 1969, 2843, 18555, 0]
(Worker_TP1 pid=1239) INFO 09-03 11:17:15 [exl3.py:464] exl3 e2 diag schema=1 configured_tier=legacy effective_tier=legacy tier_reason=none_requested shared_suh=1 shared_suh_layers=42/42 sym_exl3_moe=1 sym_fat_gemm=1 sym_fat_gemm_scatter=1 cap=12.1 cap_ok=1 tp_rank=1 tp_size=4 prefill_layer_calls=23814 thin_calls=315 row_tile_calls=0 fallback_calls=kernel=0,batched=0,sorted=0,legacy=23498 fallback_reasons=legacy_default=23498,thin_only=315 fat_expert_runs=593349 direct_calls=0 scatter_calls=0 fat_layers=23499 fat_expert_slots=593364 max_rows=2048 fused_temps_allocs=1 fused_temps_bytes=14155776 fat_scratch_allocs=0 fat_scratch_bytes=0 fat_scratch_peak_bytes=0
(Worker_TP1 pid=1239) INFO 09-03 11:18:09 [exl3.py:451] exl3 fat-expert P0: layers=23856 fat_layers=23541 (98.7%) fat_expert_slots=594454 max_rows=2048 avg_max_rows=1415.8 hist_le128=315 hist_gt128=23541 hist=[0, 21, 56, 238, 132, 1972, 2846, 18591, 0]
(Worker_TP1 pid=1239) INFO 09-03 11:18:09 [exl3.py:464] exl3 e2 diag schema=1 configured_tier=legacy effective_tier=legacy tier_reason=none_requested shared_suh=1 shared_suh_layers=42/42 sym_exl3_moe=1 sym_fat_gemm=1 sym_fat_gemm_scatter=1 cap=12.1 cap_ok=1 tp_rank=1 tp_size=4 prefill_layer_calls=23856 thin_calls=315 row_tile_calls=0 fallback_calls=kernel=0,batched=0,sorted=0,legacy=23540 fallback_reasons=legacy_default=23540,thin_only=315 fat_expert_runs=594429 direct_calls=0 scatter_calls=0 fat_layers=23541 fat_expert_slots=594454 max_rows=2048 fused_temps_allocs=1 fused_temps_bytes=14155776 fat_scratch_allocs=0 fat_scratch_bytes=0 fat_scratch_peak_bytes=0
(Worker_TP1 pid=1239) INFO 09-03 11:18:11 [exl3.py:451] exl3 fat-expert P0: layers=23898 fat_layers=23583 (98.7%) fat_expert_slots=595510 max_rows=2048 avg_max_rows=1415.8 hist_le128=315 hist_gt128=23583 hist=[0, 21, 56, 238, 132, 1976, 2850, 18625, 0]
(Worker_TP1 pid=1239) INFO 09-03 11:18:11 [exl3.py:464] exl3 e2 diag schema=1 configured_tier=legacy effective_tier=legacy tier_reason=none_requested shared_suh=1 shared_suh_layers=42/42 sym_exl3_moe=1 sym_fat_gemm=1 sym_fat_gemm_scatter=1 cap=12.1 cap_ok=1 tp_rank=1 tp_size=4 prefill_layer_calls=23898 thin_calls=315 row_tile_calls=0 fallback_calls=kernel=0,batched=0,sorted=0,legacy=23582 fallback_reasons=legacy_default=23582,thin_only=315 fat_expert_runs=595488 direct_calls=0 scatter_calls=0 fat_layers=23583 fat_expert_slots=595510 max_rows=2048 fused_temps_allocs=1 fused_temps_bytes=14155776 fat_scratch_allocs=0 fat_scratch_bytes=0 fat_scratch_peak_bytes=0
(Worker_TP1 pid=1239) INFO 09-03 11:18:13 [exl3.py:451] exl3 fat-expert P0: layers=23940 fat_layers=23625 (98.7%) fat_expert_slots=596564 max_rows=2048 avg_max_rows=1415.9 hist_le128=315 hist_gt128=23625 hist=[0, 21, 56, 238, 132, 1980, 2854, 18659, 0]
(Worker_TP1 pid=1239) INFO 09-03 11:18:13 [exl3.py:464] exl3 e2 diag schema=1 configured_tier=legacy effective_tier=legacy tier_reason=none_requested shared_suh=1 shared_suh_layers=42/42 sym_exl3_moe=1 sym_fat_gemm=1 sym_fat_gemm_scatter=1 cap=12.1 cap_ok=1 tp_rank=1 tp_size=4 prefill_layer_calls=23940 thin_calls=315 row_tile_calls=0 fallback_calls=kernel=0,batched=0,sorted=0,legacy=23624 fallback_reasons=legacy_default=23624,thin_only=315 fat_expert_runs=596544 direct_calls=0 scatter_calls=0 fat_layers=23625 fat_expert_slots=596564 max_rows=2048 fused_temps_allocs=1 fused_temps_bytes=14155776 fat_scratch_allocs=0 fat_scratch_bytes=0 fat_scratch_peak_bytes=0
(Worker_TP1 pid=1239) INFO 09-03 11:18:15 [exl3.py:451] exl3 fat-expert P0: layers=23982 fat_layers=23667 (98.7%) fat_expert_slots=597612 max_rows=2048 avg_max_rows=1416.0 hist_le128=315 hist_gt128=23667 hist=[0, 21, 56, 238, 132, 1984, 2857, 18694, 0]
(Worker_TP1 pid=1239) INFO 09-03 11:18:15 [exl3.py:464] exl3 e2 diag schema=1 configured_tier=legacy effective_tier=legacy tier_reason=none_requested shared_suh=1 shared_suh_layers=42/42 sym_exl3_moe=1 sym_fat_gemm=1 sym_fat_gemm_scatter=1 cap=12.1 cap_ok=1 tp_rank=1 tp_size=4 prefill_layer_calls=23982 thin_calls=315 row_tile_calls=0 fallback_calls=kernel=0,batched=0,sorted=0,legacy=23666 fallback_reasons=legacy_default=23666,thin_only=315 fat_expert_runs=597588 direct_calls=0 scatter_calls=0 fat_layers=23667 fat_expert_slots=597612 max_rows=2048 fused_temps_allocs=1 fused_temps_bytes=14155776 fat_scratch_allocs=0 fat_scratch_bytes=0 fat_scratch_peak_bytes=0
(Worker_TP1 pid=1239) INFO 09-03 11:18:16 [exl3.py:451] exl3 fat-expert P0: layers=24024 fat_layers=23709 (98.7%) fat_expert_slots=598649 max_rows=2048 avg_max_rows=1416.1 hist_le128=315 hist_gt128=23709 hist=[0, 21, 56, 238, 132, 1987, 2861, 18729, 0]
(Worker_TP1 pid=1239) INFO 09-03 11:18:16 [exl3.py:464] exl3 e2 diag schema=1 configured_tier=legacy effective_tier=legacy tier_reason=none_requested shared_suh=1 shared_suh_layers=42/42 sym_exl3_moe=1 sym_fat_gemm=1 sym_fat_gemm_scatter=1 cap=12.1 cap_ok=1 tp_rank=1 tp_size=4 prefill_layer_calls=24024 thin_calls=315 row_tile_calls=0 fallback_calls=kernel=0,batched=0,sorted=0,legacy=23708 fallback_reasons=legacy_default=23708,thin_only=315 fat_expert_runs=598630 direct_calls=0 scatter_calls=0 fat_layers=23709 fat_expert_slots=598649 max_rows=2048 fused_temps_allocs=1 fused_temps_bytes=14155776 fat_scratch_allocs=0 fat_scratch_bytes=0 fat_scratch_peak_bytes=0
(Worker_TP1 pid=1239) INFO 09-03 11:18:18 [exl3.py:451] exl3 fat-expert P0: layers=24066 fat_layers=23751 (98.7%) fat_expert_slots=599683 max_rows=2048 avg_max_rows=1416.2 hist_le128=315 hist_gt128=23751 hist=[0, 21, 56, 238, 132, 1990, 2865, 18764, 0]
(Worker_TP1 pid=1239) INFO 09-03 11:18:18 [exl3.py:464] exl3 e2 diag schema=1 configured_tier=legacy effective_tier=legacy tier_reason=none_requested shared_suh=1 shared_suh_layers=42/42 sym_exl3_moe=1 sym_fat_gemm=1 sym_fat_gemm_scatter=1 cap=12.1 cap_ok=1 tp_rank=1 tp_size=4 prefill_layer_calls=24066 thin_calls=315 row_tile_calls=0 fallback_calls=kernel=0,batched=0,sorted=0,legacy=23750 fallback_reasons=legacy_default=23750,thin_only=315 fat_expert_runs=599662 direct_calls=0 scatter_calls=0 fat_layers=23751 fat_expert_slots=599683 max_rows=2048 fused_temps_allocs=1 fused_temps_bytes=14155776 fat_scratch_allocs=0 fat_scratch_bytes=0 fat_scratch_peak_bytes=0
(Worker_TP1 pid=1239) INFO 09-03 11:18:20 [exl3.py:451] exl3 fat-expert P0: layers=24108 fat_layers=23793 (98.7%) fat_expert_slots=600707 max_rows=2048 avg_max_rows=1416.3 hist_le128=315 hist_gt128=23793 hist=[0, 21, 56, 238, 132, 1993, 2869, 18799, 0]
(Worker_TP1 pid=1239) INFO 09-03 11:18:20 [exl3.py:464] exl3 e2 diag schema=1 configured_tier=legacy effective_tier=legacy tier_reason=none_requested shared_suh=1 shared_suh_layers=42/42 sym_exl3_moe=1 sym_fat_gemm=1 sym_fat_gemm_scatter=1 cap=12.1 cap_ok=1 tp_rank=1 tp_size=4 prefill_layer_calls=24108 thin_calls=315 row_tile_calls=0 fallback_calls=kernel=0,batched=0,sorted=0,legacy=23792 fallback_reasons=legacy_default=23792,thin_only=315 fat_expert_runs=600686 direct_calls=0 scatter_calls=0 fat_layers=23793 fat_expert_slots=600707 max_rows=2048 fused_temps_allocs=1 fused_temps_bytes=14155776 fat_scratch_allocs=0 fat_scratch_bytes=0 fat_scratch_peak_bytes=0
(Worker_TP1 pid=1239) INFO 09-03 11:18:21 [exl3.py:451] exl3 fat-expert P0: layers=24150 fat_layers=23835 (98.7%) fat_expert_slots=601738 max_rows=2048 avg_max_rows=1416.5 hist_le128=315 hist_gt128=23835 hist=[0, 21, 56, 238, 132, 1997, 2872, 18834, 0]
(Worker_TP1 pid=1239) INFO 09-03 11:18:21 [exl3.py:464] exl3 e2 diag schema=1 configured_tier=legacy effective_tier=legacy tier_reason=none_requested shared_suh=1 shared_suh_layers=42/42 sym_exl3_moe=1 sym_fat_gemm=1 sym_fat_gemm_scatter=1 cap=12.1 cap_ok=1 tp_rank=1 tp_size=4 prefill_layer_calls=24150 thin_calls=315 row_tile_calls=0 fallback_calls=kernel=0,batched=0,sorted=0,legacy=23834 fallback_reasons=legacy_default=23834,thin_only=315 fat_expert_runs=601718 direct_calls=0 scatter_calls=0 fat_layers=23835 fat_expert_slots=601738 max_rows=2048 fused_temps_allocs=1 fused_temps_bytes=14155776 fat_scratch_allocs=0 fat_scratch_bytes=0 fat_scratch_peak_bytes=0
(Worker_TP1 pid=1239) INFO 09-03 11:18:23 [exl3.py:451] exl3 fat-expert P0: layers=24192 fat_layers=23877 (98.7%) fat_expert_slots=602775 max_rows=2048 avg_max_rows=1416.6 hist_le128=315 hist_gt128=23877 hist=[0, 21, 56, 238, 132, 2001, 2875, 18869, 0]
(Worker_TP1 pid=1239) INFO 09-03 11:18:23 [exl3.py:464] exl3 e2 diag schema=1 configured_tier=legacy effective_tier=legacy tier_reason=none_requested shared_suh=1 shared_suh_layers=42/42 sym_exl3_moe=1 sym_fat_gemm=1 sym_fat_gemm_scatter=1 cap=12.1 cap_ok=1 tp_rank=1 tp_size=4 prefill_layer_calls=24192 thin_calls=315 row_tile_calls=0 fallback_calls=kernel=0,batched=0,sorted=0,legacy=23876 fallback_reasons=legacy_default=23876,thin_only=315 fat_expert_runs=602758 direct_calls=0 scatter_calls=0 fat_layers=23877 fat_expert_slots=602775 max_rows=2048 fused_temps_allocs=1 fused_temps_bytes=14155776 fat_scratch_allocs=0 fat_scratch_bytes=0 fat_scratch_peak_bytes=0
(Worker_TP1 pid=1239) INFO 09-03 11:18:25 [exl3.py:451] exl3 fat-expert P0: layers=24234 fat_layers=23919 (98.7%) fat_expert_slots=603830 max_rows=2048 avg_max_rows=1416.7 hist_le128=315 hist_gt128=23919 hist=[0, 21, 56, 238, 132, 2004, 2880, 18903, 0]
(Worker_TP1 pid=1239) INFO 09-03 11:18:25 [exl3.py:464] exl3 e2 diag schema=1 configured_tier=legacy effective_tier=legacy tier_reason=none_requested shared_suh=1 shared_suh_layers=42/42 sym_exl3_moe=1 sym_fat_gemm=1 sym_fat_gemm_scatter=1 cap=12.1 cap_ok=1 tp_rank=1 tp_size=4 prefill_layer_calls=24234 thin_calls=315 row_tile_calls=0 fallback_calls=kernel=0,batched=0,sorted=0,legacy=23918 fallback_reasons=legacy_default=23918,thin_only=315 fat_expert_runs=603814 direct_calls=0 scatter_calls=0 fat_layers=23919 fat_expert_slots=603830 max_rows=2048 fused_temps_allocs=1 fused_temps_bytes=14155776 fat_scratch_allocs=0 fat_scratch_bytes=0 fat_scratch_peak_bytes=0
(Worker_TP1 pid=1239) INFO 09-03 11:18:27 [exl3.py:451] exl3 fat-expert P0: layers=24276 fat_layers=23961 (98.7%) fat_expert_slots=604862 max_rows=2048 avg_max_rows=1416.7 hist_le128=315 hist_gt128=23961 hist=[0, 21, 56, 238, 132, 2007, 2885, 18937, 0]
(Worker_TP1 pid=1239) INFO 09-03 11:18:27 [exl3.py:464] exl3 e2 diag schema=1 configured_tier=legacy effective_tier=legacy tier_reason=none_requested shared_suh=1 shared_suh_layers=42/42 sym_exl3_moe=1 sym_fat_gemm=1 sym_fat_gemm_scatter=1 cap=12.1 cap_ok=1 tp_rank=1 tp_size=4 prefill_layer_calls=24276 thin_calls=315 row_tile_calls=0 fallback_calls=kernel=0,batched=0,sorted=0,legacy=23960 fallback_reasons=legacy_default=23960,thin_only=315 fat_expert_runs=604843 direct_calls=0 scatter_calls=0 fat_layers=23961 fat_expert_slots=604862 max_rows=2048 fused_temps_allocs=1 fused_temps_bytes=14155776 fat_scratch_allocs=0 fat_scratch_bytes=0 fat_scratch_peak_bytes=0
(Worker_TP1 pid=1239) INFO 09-03 11:18:28 [exl3.py:451] exl3 fat-expert P0: layers=24318 fat_layers=24003 (98.7%) fat_expert_slots=605883 max_rows=2048 avg_max_rows=1416.8 hist_le128=315 hist_gt128=24003 hist=[0, 21, 56, 238, 132, 2010, 2890, 18971, 0]
(Worker_TP1 pid=1239) INFO 09-03 11:18:28 [exl3.py:464] exl3 e2 diag schema=1 configured_tier=legacy effective_tier=legacy tier_reason=none_requested shared_suh=1 shared_suh_layers=42/42 sym_exl3_moe=1 sym_fat_gemm=1 sym_fat_gemm_scatter=1 cap=12.1 cap_ok=1 tp_rank=1 tp_size=4 prefill_layer_calls=24318 thin_calls=315 row_tile_calls=0 fallback_calls=kernel=0,batched=0,sorted=0,legacy=24002 fallback_reasons=legacy_default=24002,thin_only=315 fat_expert_runs=605863 direct_calls=0 scatter_calls=0 fat_layers=24003 fat_expert_slots=605883 max_rows=2048 fused_temps_allocs=1 fused_temps_bytes=14155776 fat_scratch_allocs=0 fat_scratch_bytes=0 fat_scratch_peak_bytes=0
(Worker_TP1 pid=1239) INFO 09-03 11:18:29 [exl3.py:451] exl3 fat-expert P0: layers=24360 fat_layers=24033 (98.7%) fat_expert_slots=605983 max_rows=2048 avg_max_rows=1414.7 hist_le128=327 hist_gt128=24033 hist=[0, 21, 61, 245, 162, 2010, 2890, 18971, 0]
(Worker_TP1 pid=1239) INFO 09-03 11:18:29 [exl3.py:464] exl3 e2 diag schema=1 configured_tier=legacy effective_tier=legacy tier_reason=none_requested shared_suh=1 shared_suh_layers=42/42 sym_exl3_moe=1 sym_fat_gemm=1 sym_fat_gemm_scatter=1 cap=12.1 cap_ok=1 tp_rank=1 tp_size=4 prefill_layer_calls=24360 thin_calls=327 row_tile_calls=0 fallback_calls=kernel=0,batched=0,sorted=0,legacy=24032 fallback_reasons=legacy_default=24032,thin_only=327 fat_expert_runs=605978 direct_calls=0 scatter_calls=0 fat_layers=24033 fat_expert_slots=605983 max_rows=2048 fused_temps_allocs=1 fused_temps_bytes=14155776 fat_scratch_allocs=0 fat_scratch_bytes=0 fat_scratch_peak_bytes=0
(Worker_TP1 pid=1239) INFO 09-03 11:18:29 [exl3.py:451] exl3 fat-expert P0: layers=24402 fat_layers=24033 (98.5%) fat_expert_slots=605983 max_rows=2048 avg_max_rows=1412.4 hist_le128=369 hist_gt128=24033 hist=[0, 25, 67, 277, 162, 2010, 2890, 18971, 0]
(Worker_TP1 pid=1239) INFO 09-03 11:18:29 [exl3.py:464] exl3 e2 diag schema=1 configured_tier=legacy effective_tier=legacy tier_reason=none_requested shared_suh=1 shared_suh_layers=42/42 sym_exl3_moe=1 sym_fat_gemm=1 sym_fat_gemm_scatter=1 cap=12.1 cap_ok=1 tp_rank=1 tp_size=4 prefill_layer_calls=24402 thin_calls=368 row_tile_calls=0 fallback_calls=kernel=0,batched=0,sorted=0,legacy=24033 fallback_reasons=legacy_default=24033,thin_only=368 fat_expert_runs=605983 direct_calls=0 scatter_calls=0 fat_layers=24033 fat_expert_slots=605983 max_rows=2048 fused_temps_allocs=1 fused_temps_bytes=14155776 fat_scratch_allocs=0 fat_scratch_bytes=0 fat_scratch_peak_bytes=0
(Worker_TP1 pid=1239) INFO 09-03 11:19:41 [exl3.py:451] exl3 fat-expert P0: layers=24444 fat_layers=24075 (98.5%) fat_expert_slots=607050 max_rows=2048 avg_max_rows=1412.4 hist_le128=369 hist_gt128=24075 hist=[0, 25, 67, 277, 162, 2013, 2894, 19006, 0]
(Worker_TP1 pid=1239) INFO 09-03 11:19:41 [exl3.py:464] exl3 e2 diag schema=1 configured_tier=legacy effective_tier=legacy tier_reason=none_requested shared_suh=1 shared_suh_layers=42/42 sym_exl3_moe=1 sym_fat_gemm=1 sym_fat_gemm_scatter=1 cap=12.1 cap_ok=1 tp_rank=1 tp_size=4 prefill_layer_calls=24444 thin_calls=369 row_tile_calls=0 fallback_calls=kernel=0,batched=0,sorted=0,legacy=24074 fallback_reasons=legacy_default=24074,thin_only=369 fat_expert_runs=607026 direct_calls=0 scatter_calls=0 fat_layers=24075 fat_expert_slots=607050 max_rows=2048 fused_temps_allocs=1 fused_temps_bytes=14155776 fat_scratch_allocs=0 fat_scratch_bytes=0 fat_scratch_peak_bytes=0
(Worker_TP1 pid=1239) INFO 09-03 11:19:43 [exl3.py:451] exl3 fat-expert P0: layers=24486 fat_layers=24117 (98.5%) fat_expert_slots=608121 max_rows=2048 avg_max_rows=1412.4 hist_le128=369 hist_gt128=24117 hist=[0, 25, 67, 277, 162, 2017, 2898, 19040, 0]
(Worker_TP1 pid=1239) INFO 09-03 11:19:43 [exl3.py:464] exl3 e2 diag schema=1 configured_tier=legacy effective_tier=legacy tier_reason=none_requested shared_suh=1 shared_suh_layers=42/42 sym_exl3_moe=1 sym_fat_gemm=1 sym_fat_gemm_scatter=1 cap=12.1 cap_ok=1 tp_rank=1 tp_size=4 prefill_layer_calls=24486 thin_calls=369 row_tile_calls=0 fallback_calls=kernel=0,batched=0,sorted=0,legacy=24116 fallback_reasons=legacy_default=24116,thin_only=369 fat_expert_runs=608098 direct_calls=0 scatter_calls=0 fat_layers=24117 fat_expert_slots=608121 max_rows=2048 fused_temps_allocs=1 fused_temps_bytes=14155776 fat_scratch_allocs=0 fat_scratch_bytes=0 fat_scratch_peak_bytes=0
(Worker_TP1 pid=1239) INFO 09-03 11:19:44 [exl3.py:451] exl3 fat-expert P0: layers=24528 fat_layers=24159 (98.5%) fat_expert_slots=609200 max_rows=2048 avg_max_rows=1412.5 hist_le128=369 hist_gt128=24159 hist=[0, 25, 67, 277, 162, 2021, 2902, 19074, 0]
(Worker_TP1 pid=1239) INFO 09-03 11:19:44 [exl3.py:464] exl3 e2 diag schema=1 configured_tier=legacy effective_tier=legacy tier_reason=none_requested shared_suh=1 shared_suh_layers=42/42 sym_exl3_moe=1 sym_fat_gemm=1 sym_fat_gemm_scatter=1 cap=12.1 cap_ok=1 tp_rank=1 tp_size=4 prefill_layer_calls=24528 thin_calls=369 row_tile_calls=0 fallback_calls=kernel=0,batched=0,sorted=0,legacy=24158 fallback_reasons=legacy_default=24158,thin_only=369 fat_expert_runs=609178 direct_calls=0 scatter_calls=0 fat_layers=24159 fat_expert_slots=609200 max_rows=2048 fused_temps_allocs=1 fused_temps_bytes=14155776 fat_scratch_allocs=0 fat_scratch_bytes=0 fat_scratch_peak_bytes=0
(Worker_TP1 pid=1239) INFO 09-03 11:19:46 [exl3.py:451] exl3 fat-expert P0: layers=24570 fat_layers=24201 (98.5%) fat_expert_slots=610272 max_rows=2048 avg_max_rows=1412.6 hist_le128=369 hist_gt128=24201 hist=[0, 25, 67, 277, 162, 2024, 2907, 19108, 0]
(Worker_TP1 pid=1239) INFO 09-03 11:19:46 [exl3.py:464] exl3 e2 diag schema=1 configured_tier=legacy effective_tier=legacy tier_reason=none_requested shared_suh=1 shared_suh_layers=42/42 sym_exl3_moe=1 sym_fat_gemm=1 sym_fat_gemm_scatter=1 cap=12.1 cap_ok=1 tp_rank=1 tp_size=4 prefill_layer_calls=24570 thin_calls=369 row_tile_calls=0 fallback_calls=kernel=0,batched=0,sorted=0,legacy=24200 fallback_reasons=legacy_default=24200,thin_only=369 fat_expert_runs=610251 direct_calls=0 scatter_calls=0 fat_layers=24201 fat_expert_slots=610272 max_rows=2048 fused_temps_allocs=1 fused_temps_bytes=14155776 fat_scratch_allocs=0 fat_scratch_bytes=0 fat_scratch_peak_bytes=0
(Worker_TP1 pid=1239) INFO 09-03 11:19:48 [exl3.py:451] exl3 fat-expert P0: layers=24612 fat_layers=24243 (98.5%) fat_expert_slots=611326 max_rows=2048 avg_max_rows=1412.7 hist_le128=369 hist_gt128=24243 hist=[0, 25, 67, 277, 162, 2028, 2910, 19143, 0]
(Worker_TP1 pid=1239) INFO 09-03 11:19:48 [exl3.py:464] exl3 e2 diag schema=1 configured_tier=legacy effective_tier=legacy tier_reason=none_requested shared_suh=1 shared_suh_layers=42/42 sym_exl3_moe=1 sym_fat_gemm=1 sym_fat_gemm_scatter=1 cap=12.1 cap_ok=1 tp_rank=1 tp_size=4 prefill_layer_calls=24612 thin_calls=369 row_tile_calls=0 fallback_calls=kernel=0,batched=0,sorted=0,legacy=24242 fallback_reasons=legacy_default=24242,thin_only=369 fat_expert_runs=611304 direct_calls=0 scatter_calls=0 fat_layers=24243 fat_expert_slots=611326 max_rows=2048 fused_temps_allocs=1 fused_temps_bytes=14155776 fat_scratch_allocs=0 fat_scratch_bytes=0 fat_scratch_peak_bytes=0
(Worker_TP1 pid=1239) INFO 09-03 11:19:49 [exl3.py:451] exl3 fat-expert P0: layers=24654 fat_layers=24285 (98.5%) fat_expert_slots=612371 max_rows=2048 avg_max_rows=1412.8 hist_le128=369 hist_gt128=24285 hist=[0, 25, 67, 277, 162, 2032, 2912, 19179, 0]
(Worker_TP1 pid=1239) INFO 09-03 11:19:49 [exl3.py:464] exl3 e2 diag schema=1 configured_tier=legacy effective_tier=legacy tier_reason=none_requested shared_suh=1 shared_suh_layers=42/42 sym_exl3_moe=1 sym_fat_gemm=1 sym_fat_gemm_scatter=1 cap=12.1 cap_ok=1 tp_rank=1 tp_size=4 prefill_layer_calls=24654 thin_calls=369 row_tile_calls=0 fallback_calls=kernel=0,batched=0,sorted=0,legacy=24284 fallback_reasons=legacy_default=24284,thin_only=369 fat_expert_runs=612350 direct_calls=0 scatter_calls=0 fat_layers=24285 fat_expert_slots=612371 max_rows=2048 fused_temps_allocs=1 fused_temps_bytes=14155776 fat_scratch_allocs=0 fat_scratch_bytes=0 fat_scratch_peak_bytes=0
(Worker_TP1 pid=1239) INFO 09-03 11:19:51 [exl3.py:451] exl3 fat-expert P0: layers=24696 fat_layers=24327 (98.5%) fat_expert_slots=613405 max_rows=2048 avg_max_rows=1413.0 hist_le128=369 hist_gt128=24327 hist=[0, 25, 67, 277, 162, 2035, 2917, 19213, 0]
(Worker_TP1 pid=1239) INFO 09-03 11:19:51 [exl3.py:464] exl3 e2 diag schema=1 configured_tier=legacy effective_tier=legacy tier_reason=none_requested shared_suh=1 shared_suh_layers=42/42 sym_exl3_moe=1 sym_fat_gemm=1 sym_fat_gemm_scatter=1 cap=12.1 cap_ok=1 tp_rank=1 tp_size=4 prefill_layer_calls=24696 thin_calls=369 row_tile_calls=0 fallback_calls=kernel=0,batched=0,sorted=0,legacy=24326 fallback_reasons=legacy_default=24326,thin_only=369 fat_expert_runs=613386 direct_calls=0 scatter_calls=0 fat_layers=24327 fat_expert_slots=613405 max_rows=2048 fused_temps_allocs=1 fused_temps_bytes=14155776 fat_scratch_allocs=0 fat_scratch_bytes=0 fat_scratch_peak_bytes=0
(Worker_TP1 pid=1239) INFO 09-03 11:19:53 [exl3.py:451] exl3 fat-expert P0: layers=24738 fat_layers=24369 (98.5%) fat_expert_slots=614469 max_rows=2048 avg_max_rows=1413.1 hist_le128=369 hist_gt128=24369 hist=[0, 25, 67, 277, 162, 2039, 2920, 19248, 0]
(Worker_TP1 pid=1239) INFO 09-03 11:19:53 [exl3.py:464] exl3 e2 diag schema=1 configured_tier=legacy effective_tier=legacy tier_reason=none_requested shared_suh=1 shared_suh_layers=42/42 sym_exl3_moe=1 sym_fat_gemm=1 sym_fat_gemm_scatter=1 cap=12.1 cap_ok=1 tp_rank=1 tp_size=4 prefill_layer_calls=24738 thin_calls=369 row_tile_calls=0 fallback_calls=kernel=0,batched=0,sorted=0,legacy=24368 fallback_reasons=legacy_default=24368,thin_only=369 fat_expert_runs=614451 direct_calls=0 scatter_calls=0 fat_layers=24369 fat_expert_slots=614469 max_rows=2048 fused_temps_allocs=1 fused_temps_bytes=14155776 fat_scratch_allocs=0 fat_scratch_bytes=0 fat_scratch_peak_bytes=0
(Worker_TP1 pid=1239) INFO 09-03 11:19:55 [exl3.py:451] exl3 fat-expert P0: layers=24780 fat_layers=24411 (98.5%) fat_expert_slots=615519 max_rows=2048 avg_max_rows=1413.2 hist_le128=369 hist_gt128=24411 hist=[0, 25, 67, 277, 162, 2042, 2924, 19283, 0]
(Worker_TP1 pid=1239) INFO 09-03 11:19:55 [exl3.py:464] exl3 e2 diag schema=1 configured_tier=legacy effective_tier=legacy tier_reason=none_requested shared_suh=1 shared_suh_layers=42/42 sym_exl3_moe=1 sym_fat_gemm=1 sym_fat_gemm_scatter=1 cap=12.1 cap_ok=1 tp_rank=1 tp_size=4 prefill_layer_calls=24780 thin_calls=369 row_tile_calls=0 fallback_calls=kernel=0,batched=0,sorted=0,legacy=24410 fallback_reasons=legacy_default=24410,thin_only=369 fat_expert_runs=615499 direct_calls=0 scatter_calls=0 fat_layers=24411 fat_expert_slots=615519 max_rows=2048 fused_temps_allocs=1 fused_temps_bytes=14155776 fat_scratch_allocs=0 fat_scratch_bytes=0 fat_scratch_peak_bytes=0
(Worker_TP1 pid=1239) INFO 09-03 11:19:56 [exl3.py:451] exl3 fat-expert P0: layers=24822 fat_layers=24453 (98.5%) fat_expert_slots=616560 max_rows=2048 avg_max_rows=1413.4 hist_le128=369 hist_gt128=24453 hist=[0, 25, 67, 277, 162, 2045, 2929, 19317, 0]
(Worker_TP1 pid=1239) INFO 09-03 11:19:56 [exl3.py:464] exl3 e2 diag schema=1 configured_tier=legacy effective_tier=legacy tier_reason=none_requested shared_suh=1 shared_suh_layers=42/42 sym_exl3_moe=1 sym_fat_gemm=1 sym_fat_gemm_scatter=1 cap=12.1 cap_ok=1 tp_rank=1 tp_size=4 prefill_layer_calls=24822 thin_calls=369 row_tile_calls=0 fallback_calls=kernel=0,batched=0,sorted=0,legacy=24452 fallback_reasons=legacy_default=24452,thin_only=369 fat_expert_runs=616544 direct_calls=0 scatter_calls=0 fat_layers=24453 fat_expert_slots=616560 max_rows=2048 fused_temps_allocs=1 fused_temps_bytes=14155776 fat_scratch_allocs=0 fat_scratch_bytes=0 fat_scratch_peak_bytes=0
(Worker_TP1 pid=1239) INFO 09-03 11:19:58 [exl3.py:451] exl3 fat-expert P0: layers=24864 fat_layers=24495 (98.5%) fat_expert_slots=617612 max_rows=2048 avg_max_rows=1413.5 hist_le128=369 hist_gt128=24495 hist=[0, 25, 67, 277, 162, 2048, 2935, 19350, 0]
(Worker_TP1 pid=1239) INFO 09-03 11:19:58 [exl3.py:464] exl3 e2 diag schema=1 configured_tier=legacy effective_tier=legacy tier_reason=none_requested shared_suh=1 shared_suh_layers=42/42 sym_exl3_moe=1 sym_fat_gemm=1 sym_fat_gemm_scatter=1 cap=12.1 cap_ok=1 tp_rank=1 tp_size=4 prefill_layer_calls=24864 thin_calls=369 row_tile_calls=0 fallback_calls=kernel=0,batched=0,sorted=0,legacy=24494 fallback_reasons=legacy_default=24494,thin_only=369 fat_expert_runs=617592 direct_calls=0 scatter_calls=0 fat_layers=24495 fat_expert_slots=617612 max_rows=2048 fused_temps_allocs=1 fused_temps_bytes=14155776 fat_scratch_allocs=0 fat_scratch_bytes=0 fat_scratch_peak_bytes=0
(Worker_TP1 pid=1239) INFO 09-03 11:20:00 [exl3.py:451] exl3 fat-expert P0: layers=24906 fat_layers=24537 (98.5%) fat_expert_slots=618651 max_rows=2048 avg_max_rows=1413.6 hist_le128=369 hist_gt128=24537 hist=[0, 25, 67, 277, 162, 2051, 2942, 19382, 0]
(Worker_TP1 pid=1239) INFO 09-03 11:20:00 [exl3.py:464] exl3 e2 diag schema=1 configured_tier=legacy effective_tier=legacy tier_reason=none_requested shared_suh=1 shared_suh_layers=42/42 sym_exl3_moe=1 sym_fat_gemm=1 sym_fat_gemm_scatter=1 cap=12.1 cap_ok=1 tp_rank=1 tp_size=4 prefill_layer_calls=24906 thin_calls=369 row_tile_calls=0 fallback_calls=kernel=0,batched=0,sorted=0,legacy=24536 fallback_reasons=legacy_default=24536,thin_only=369 fat_expert_runs=618632 direct_calls=0 scatter_calls=0 fat_layers=24537 fat_expert_slots=618651 max_rows=2048 fused_temps_allocs=1 fused_temps_bytes=14155776 fat_scratch_allocs=0 fat_scratch_bytes=0 fat_scratch_peak_bytes=0
(Worker_TP1 pid=1239) INFO 09-03 11:20:00 [exl3.py:451] exl3 fat-expert P0: layers=24948 fat_layers=24539 (98.4%) fat_expert_slots=618653 max_rows=2048 avg_max_rows=1411.3 hist_le128=409 hist_gt128=24539 hist=[0, 28, 71, 310, 164, 2051, 2942, 19382, 0]
(Worker_TP1 pid=1239) INFO 09-03 11:20:00 [exl3.py:464] exl3 e2 diag schema=1 configured_tier=legacy effective_tier=legacy tier_reason=none_requested shared_suh=1 shared_suh_layers=42/42 sym_exl3_moe=1 sym_fat_gemm=1 sym_fat_gemm_scatter=1 cap=12.1 cap_ok=1 tp_rank=1 tp_size=4 prefill_layer_calls=24948 thin_calls=408 row_tile_calls=0 fallback_calls=kernel=0,batched=0,sorted=0,legacy=24539 fallback_reasons=legacy_default=24539,thin_only=408 fat_expert_runs=618653 direct_calls=0 scatter_calls=0 fat_layers=24539 fat_expert_slots=618653 max_rows=2048 fused_temps_allocs=1 fused_temps_bytes=14155776 fat_scratch_allocs=0 fat_scratch_bytes=0 fat_scratch_peak_bytes=0
(Worker_TP1 pid=1239) INFO 09-03 11:20:00 [exl3.py:451] exl3 fat-expert P0: layers=24990 fat_layers=24539 (98.2%) fat_expert_slots=618653 max_rows=2048 avg_max_rows=1409.1 hist_le128=451 hist_gt128=24539 hist=[0, 34, 78, 339, 164, 2051, 2942, 19382, 0]
(Worker_TP1 pid=1239) INFO 09-03 11:20:00 [exl3.py:464] exl3 e2 diag schema=1 configured_tier=legacy effective_tier=legacy tier_reason=none_requested shared_suh=1 shared_suh_layers=42/42 sym_exl3_moe=1 sym_fat_gemm=1 sym_fat_gemm_scatter=1 cap=12.1 cap_ok=1 tp_rank=1 tp_size=4 prefill_layer_calls=24990 thin_calls=450 row_tile_calls=0 fallback_calls=kernel=0,batched=0,sorted=0,legacy=24539 fallback_reasons=legacy_default=24539,thin_only=450 fat_expert_runs=618653 direct_calls=0 scatter_calls=0 fat_layers=24539 fat_expert_slots=618653 max_rows=2048 fused_temps_allocs=1 fused_temps_bytes=14155776 fat_scratch_allocs=0 fat_scratch_bytes=0 fat_scratch_peak_bytes=0
(Worker_TP1 pid=1239) INFO 09-03 11:20:30 [exl3.py:451] exl3 fat-expert P0: layers=25032 fat_layers=24581 (98.2%) fat_expert_slots=619721 max_rows=2048 avg_max_rows=1409.1 hist_le128=451 hist_gt128=24581 hist=[0, 34, 78, 339, 164, 2054, 2945, 19418, 0]
(Worker_TP1 pid=1239) INFO 09-03 11:20:30 [exl3.py:464] exl3 e2 diag schema=1 configured_tier=legacy effective_tier=legacy tier_reason=none_requested shared_suh=1 shared_suh_layers=42/42 sym_exl3_moe=1 sym_fat_gemm=1 sym_fat_gemm_scatter=1 cap=12.1 cap_ok=1 tp_rank=1 tp_size=4 prefill_layer_calls=25032 thin_calls=451 row_tile_calls=0 fallback_calls=kernel=0,batched=0,sorted=0,legacy=24580 fallback_reasons=legacy_default=24580,thin_only=451 fat_expert_runs=619697 direct_calls=0 scatter_calls=0 fat_layers=24581 fat_expert_slots=619721 max_rows=2048 fused_temps_allocs=1 fused_temps_bytes=14155776 fat_scratch_allocs=0 fat_scratch_bytes=0 fat_scratch_peak_bytes=0
(Worker_TP1 pid=1239) INFO 09-03 11:20:32 [exl3.py:451] exl3 fat-expert P0: layers=25074 fat_layers=24623 (98.2%) fat_expert_slots=620778 max_rows=2048 avg_max_rows=1409.2 hist_le128=451 hist_gt128=24623 hist=[0, 34, 78, 339, 164, 2058, 2948, 19453, 0]
(Worker_TP1 pid=1239) INFO 09-03 11:20:32 [exl3.py:464] exl3 e2 diag schema=1 configured_tier=legacy effective_tier=legacy tier_reason=none_requested shared_suh=1 shared_suh_layers=42/42 sym_exl3_moe=1 sym_fat_gemm=1 sym_fat_gemm_scatter=1 cap=12.1 cap_ok=1 tp_rank=1 tp_size=4 prefill_layer_calls=25074 thin_calls=451 row_tile_calls=0 fallback_calls=kernel=0,batched=0,sorted=0,legacy=24622 fallback_reasons=legacy_default=24622,thin_only=451 fat_expert_runs=620756 direct_calls=0 scatter_calls=0 fat_layers=24623 fat_expert_slots=620778 max_rows=2048 fused_temps_allocs=1 fused_temps_bytes=14155776 fat_scratch_allocs=0 fat_scratch_bytes=0 fat_scratch_peak_bytes=0
(Worker_TP1 pid=1239) INFO 09-03 11:20:33 [exl3.py:451] exl3 fat-expert P0: layers=25116 fat_layers=24665 (98.2%) fat_expert_slots=621817 max_rows=2048 avg_max_rows=1409.3 hist_le128=451 hist_gt128=24665 hist=[0, 34, 78, 339, 164, 2062, 2952, 19487, 0]
(Worker_TP1 pid=1239) INFO 09-03 11:20:33 [exl3.py:464] exl3 e2 diag schema=1 configured_tier=legacy effective_tier=legacy tier_reason=none_requested shared_suh=1 shared_suh_layers=42/42 sym_exl3_moe=1 sym_fat_gemm=1 sym_fat_gemm_scatter=1 cap=12.1 cap_ok=1 tp_rank=1 tp_size=4 prefill_layer_calls=25116 thin_calls=451 row_tile_calls=0 fallback_calls=kernel=0,batched=0,sorted=0,legacy=24664 fallback_reasons=legacy_default=24664,thin_only=451 fat_expert_runs=621795 direct_calls=0 scatter_calls=0 fat_layers=24665 fat_expert_slots=621817 max_rows=2048 fused_temps_allocs=1 fused_temps_bytes=14155776 fat_scratch_allocs=0 fat_scratch_bytes=0 fat_scratch_peak_bytes=0
(Worker_TP1 pid=1239) INFO 09-03 11:20:35 [exl3.py:451] exl3 fat-expert P0: layers=25158 fat_layers=24707 (98.2%) fat_expert_slots=622864 max_rows=2048 avg_max_rows=1409.4 hist_le128=451 hist_gt128=24707 hist=[0, 34, 78, 339, 164, 2066, 2955, 19522, 0]
(Worker_TP1 pid=1239) INFO 09-03 11:20:35 [exl3.py:464] exl3 e2 diag schema=1 configured_tier=legacy effective_tier=legacy tier_reason=none_requested shared_suh=1 shared_suh_layers=42/42 sym_exl3_moe=1 sym_fat_gemm=1 sym_fat_gemm_scatter=1 cap=12.1 cap_ok=1 tp_rank=1 tp_size=4 prefill_layer_calls=25158 thin_calls=451 row_tile_calls=0 fallback_calls=kernel=0,batched=0,sorted=0,legacy=24706 fallback_reasons=legacy_default=24706,thin_only=451 fat_expert_runs=622842 direct_calls=0 scatter_calls=0 fat_layers=24707 fat_expert_slots=622864 max_rows=2048 fused_temps_allocs=1 fused_temps_bytes=14155776 fat_scratch_allocs=0 fat_scratch_bytes=0 fat_scratch_peak_bytes=0
(Worker_TP1 pid=1239) INFO 09-03 11:20:37 [exl3.py:451] exl3 fat-expert P0: layers=25200 fat_layers=24749 (98.2%) fat_expert_slots=623916 max_rows=2048 avg_max_rows=1409.5 hist_le128=451 hist_gt128=24749 hist=[0, 34, 78, 339, 164, 2070, 2958, 19557, 0]
(Worker_TP1 pid=1239) INFO 09-03 11:20:37 [exl3.py:464] exl3 e2 diag schema=1 configured_tier=legacy effective_tier=legacy tier_reason=none_requested shared_suh=1 shared_suh_layers=42/42 sym_exl3_moe=1 sym_fat_gemm=1 sym_fat_gemm_scatter=1 cap=12.1 cap_ok=1 tp_rank=1 tp_size=4 prefill_layer_calls=25200 thin_calls=451 row_tile_calls=0 fallback_calls=kernel=0,batched=0,sorted=0,legacy=24748 fallback_reasons=legacy_default=24748,thin_only=451 fat_expert_runs=623896 direct_calls=0 scatter_calls=0 fat_layers=24749 fat_expert_slots=623916 max_rows=2048 fused_temps_allocs=1 fused_temps_bytes=14155776 fat_scratch_allocs=0 fat_scratch_bytes=0 fat_scratch_peak_bytes=0
(Worker_TP1 pid=1239) INFO 09-03 11:20:38 [exl3.py:451] exl3 fat-expert P0: layers=25242 fat_layers=24791 (98.2%) fat_expert_slots=624983 max_rows=2048 avg_max_rows=1409.6 hist_le128=451 hist_gt128=24791 hist=[0, 34, 78, 339, 164, 2074, 2962, 19591, 0]
(Worker_TP1 pid=1239) INFO 09-03 11:20:38 [exl3.py:464] exl3 e2 diag schema=1 configured_tier=legacy effective_tier=legacy tier_reason=none_requested shared_suh=1 shared_suh_layers=42/42 sym_exl3_moe=1 sym_fat_gemm=1 sym_fat_gemm_scatter=1 cap=12.1 cap_ok=1 tp_rank=1 tp_size=4 prefill_layer_calls=25242 thin_calls=451 row_tile_calls=0 fallback_calls=kernel=0,batched=0,sorted=0,legacy=24790 fallback_reasons=legacy_default=24790,thin_only=451 fat_expert_runs=624960 direct_calls=0 scatter_calls=0 fat_layers=24791 fat_expert_slots=624983 max_rows=2048 fused_temps_allocs=1 fused_temps_bytes=14155776 fat_scratch_allocs=0 fat_scratch_bytes=0 fat_scratch_peak_bytes=0
(Worker_TP1 pid=1239) INFO 09-03 11:20:40 [exl3.py:451] exl3 fat-expert P0: layers=25284 fat_layers=24833 (98.2%) fat_expert_slots=626023 max_rows=2048 avg_max_rows=1409.7 hist_le128=451 hist_gt128=24833 hist=[0, 34, 78, 339, 164, 2078, 2966, 19625, 0]
(Worker_TP1 pid=1239) INFO 09-03 11:20:40 [exl3.py:464] exl3 e2 diag schema=1 configured_tier=legacy effective_tier=legacy tier_reason=none_requested shared_suh=1 shared_suh_layers=42/42 sym_exl3_moe=1 sym_fat_gemm=1 sym_fat_gemm_scatter=1 cap=12.1 cap_ok=1 tp_rank=1 tp_size=4 prefill_layer_calls=25284 thin_calls=451 row_tile_calls=0 fallback_calls=kernel=0,batched=0,sorted=0,legacy=24832 fallback_reasons=legacy_default=24832,thin_only=451 fat_expert_runs=626001 direct_calls=0 scatter_calls=0 fat_layers=24833 fat_expert_slots=626023 max_rows=2048 fused_temps_allocs=1 fused_temps_bytes=14155776 fat_scratch_allocs=0 fat_scratch_bytes=0 fat_scratch_peak_bytes=0
(Worker_TP1 pid=1239) INFO 09-03 11:20:42 [exl3.py:451] exl3 fat-expert P0: layers=25326 fat_layers=24875 (98.2%) fat_expert_slots=627059 max_rows=2048 avg_max_rows=1409.8 hist_le128=451 hist_gt128=24875 hist=[0, 34, 78, 339, 164, 2082, 2969, 19660, 0]
(Worker_TP1 pid=1239) INFO 09-03 11:20:42 [exl3.py:464] exl3 e2 diag schema=1 configured_tier=legacy effective_tier=legacy tier_reason=none_requested shared_suh=1 shared_suh_layers=42/42 sym_exl3_moe=1 sym_fat_gemm=1 sym_fat_gemm_scatter=1 cap=12.1 cap_ok=1 tp_rank=1 tp_size=4 prefill_layer_calls=25326 thin_calls=451 row_tile_calls=0 fallback_calls=kernel=0,batched=0,sorted=0,legacy=24874 fallback_reasons=legacy_default=24874,thin_only=451 fat_expert_runs=627039 direct_calls=0 scatter_calls=0 fat_layers=24875 fat_expert_slots=627059 max_rows=2048 fused_temps_allocs=1 fused_temps_bytes=14155776 fat_scratch_allocs=0 fat_scratch_bytes=0 fat_scratch_peak_bytes=0
(Worker_TP1 pid=1239) INFO 09-03 11:20:44 [exl3.py:451] exl3 fat-expert P0: layers=25368 fat_layers=24917 (98.2%) fat_expert_slots=628110 max_rows=2048 avg_max_rows=1409.9 hist_le128=451 hist_gt128=24917 hist=[0, 34, 78, 339, 164, 2086, 2972, 19695, 0]
(Worker_TP1 pid=1239) INFO 09-03 11:20:44 [exl3.py:464] exl3 e2 diag schema=1 configured_tier=legacy effective_tier=legacy tier_reason=none_requested shared_suh=1 shared_suh_layers=42/42 sym_exl3_moe=1 sym_fat_gemm=1 sym_fat_gemm_scatter=1 cap=12.1 cap_ok=1 tp_rank=1 tp_size=4 prefill_layer_calls=25368 thin_calls=451 row_tile_calls=0 fallback_calls=kernel=0,batched=0,sorted=0,legacy=24916 fallback_reasons=legacy_default=24916,thin_only=451 fat_expert_runs=628095 direct_calls=0 scatter_calls=0 fat_layers=24917 fat_expert_slots=628110 max_rows=2048 fused_temps_allocs=1 fused_temps_bytes=14155776 fat_scratch_allocs=0 fat_scratch_bytes=0 fat_scratch_peak_bytes=0
(Worker_TP1 pid=1239) INFO 09-03 11:20:45 [exl3.py:451] exl3 fat-expert P0: layers=25410 fat_layers=24959 (98.2%) fat_expert_slots=629152 max_rows=2048 avg_max_rows=1410.0 hist_le128=451 hist_gt128=24959 hist=[0, 34, 78, 339, 164, 2089, 2977, 19729, 0]
(Worker_TP1 pid=1239) INFO 09-03 11:20:45 [exl3.py:464] exl3 e2 diag schema=1 configured_tier=legacy effective_tier=legacy tier_reason=none_requested shared_suh=1 shared_suh_layers=42/42 sym_exl3_moe=1 sym_fat_gemm=1 sym_fat_gemm_scatter=1 cap=12.1 cap_ok=1 tp_rank=1 tp_size=4 prefill_layer_calls=25410 thin_calls=451 row_tile_calls=0 fallback_calls=kernel=0,batched=0,sorted=0,legacy=24958 fallback_reasons=legacy_default=24958,thin_only=451 fat_expert_runs=629135 direct_calls=0 scatter_calls=0 fat_layers=24959 fat_expert_slots=629152 max_rows=2048 fused_temps_allocs=1 fused_temps_bytes=14155776 fat_scratch_allocs=0 fat_scratch_bytes=0 fat_scratch_peak_bytes=0
(Worker_TP1 pid=1239) INFO 09-03 11:20:47 [exl3.py:451] exl3 fat-expert P0: layers=25452 fat_layers=25001 (98.2%) fat_expert_slots=630187 max_rows=2048 avg_max_rows=1410.1 hist_le128=451 hist_gt128=25001 hist=[0, 34, 78, 339, 164, 2092, 2982, 19763, 0]
(Worker_TP1 pid=1239) INFO 09-03 11:20:47 [exl3.py:464] exl3 e2 diag schema=1 configured_tier=legacy effective_tier=legacy tier_reason=none_requested shared_suh=1 shared_suh_layers=42/42 sym_exl3_moe=1 sym_fat_gemm=1 sym_fat_gemm_scatter=1 cap=12.1 cap_ok=1 tp_rank=1 tp_size=4 prefill_layer_calls=25452 thin_calls=451 row_tile_calls=0 fallback_calls=kernel=0,batched=0,sorted=0,legacy=25000 fallback_reasons=legacy_default=25000,thin_only=451 fat_expert_runs=630169 direct_calls=0 scatter_calls=0 fat_layers=25001 fat_expert_slots=630187 max_rows=2048 fused_temps_allocs=1 fused_temps_bytes=14155776 fat_scratch_allocs=0 fat_scratch_bytes=0 fat_scratch_peak_bytes=0
(Worker_TP1 pid=1239) INFO 09-03 11:20:49 [exl3.py:451] exl3 fat-expert P0: layers=25494 fat_layers=25043 (98.2%) fat_expert_slots=631225 max_rows=2048 avg_max_rows=1410.2 hist_le128=451 hist_gt128=25043 hist=[0, 34, 78, 339, 164, 2095, 2987, 19797, 0]
(Worker_TP1 pid=1239) INFO 09-03 11:20:49 [exl3.py:464] exl3 e2 diag schema=1 configured_tier=legacy effective_tier=legacy tier_reason=none_requested shared_suh=1 shared_suh_layers=42/42 sym_exl3_moe=1 sym_fat_gemm=1 sym_fat_gemm_scatter=1 cap=12.1 cap_ok=1 tp_rank=1 tp_size=4 prefill_layer_calls=25494 thin_calls=451 row_tile_calls=0 fallback_calls=kernel=0,batched=0,sorted=0,legacy=25042 fallback_reasons=legacy_default=25042,thin_only=451 fat_expert_runs=631207 direct_calls=0 scatter_calls=0 fat_layers=25043 fat_expert_slots=631225 max_rows=2048 fused_temps_allocs=1 fused_temps_bytes=14155776 fat_scratch_allocs=0 fat_scratch_bytes=0 fat_scratch_peak_bytes=0
(Worker_TP1 pid=1239) INFO 09-03 11:20:50 [exl3.py:451] exl3 fat-expert P0: layers=25536 fat_layers=25085 (98.2%) fat_expert_slots=632352 max_rows=2048 avg_max_rows=1410.1 hist_le128=451 hist_gt128=25085 hist=[0, 34, 78, 339, 164, 2099, 2990, 19832, 0]
(Worker_TP1 pid=1239) INFO 09-03 11:20:50 [exl3.py:464] exl3 e2 diag schema=1 configured_tier=legacy effective_tier=legacy tier_reason=none_requested shared_suh=1 shared_suh_layers=42/42 sym_exl3_moe=1 sym_fat_gemm=1 sym_fat_gemm_scatter=1 cap=12.1 cap_ok=1 tp_rank=1 tp_size=4 prefill_layer_calls=25536 thin_calls=451 row_tile_calls=0 fallback_calls=kernel=0,batched=0,sorted=0,legacy=25084 fallback_reasons=legacy_default=25084,thin_only=451 fat_expert_runs=632327 direct_calls=0 scatter_calls=0 fat_layers=25085 fat_expert_slots=632352 max_rows=2048 fused_temps_allocs=1 fused_temps_bytes=14155776 fat_scratch_allocs=0 fat_scratch_bytes=0 fat_scratch_peak_bytes=0
(Worker_TP1 pid=1239) INFO 09-03 11:20:52 [exl3.py:451] exl3 fat-expert P0: layers=25578 fat_layers=25127 (98.2%) fat_expert_slots=633430 max_rows=2048 avg_max_rows=1410.2 hist_le128=451 hist_gt128=25127 hist=[0, 34, 78, 339, 164, 2103, 2994, 19866, 0]
(Worker_TP1 pid=1239) INFO 09-03 11:20:52 [exl3.py:464] exl3 e2 diag schema=1 configured_tier=legacy effective_tier=legacy tier_reason=none_requested shared_suh=1 shared_suh_layers=42/42 sym_exl3_moe=1 sym_fat_gemm=1 sym_fat_gemm_scatter=1 cap=12.1 cap_ok=1 tp_rank=1 tp_size=4 prefill_layer_calls=25578 thin_calls=451 row_tile_calls=0 fallback_calls=kernel=0,batched=0,sorted=0,legacy=25126 fallback_reasons=legacy_default=25126,thin_only=451 fat_expert_runs=633409 direct_calls=0 scatter_calls=0 fat_layers=25127 fat_expert_slots=633430 max_rows=2048 fused_temps_allocs=1 fused_temps_bytes=14155776 fat_scratch_allocs=0 fat_scratch_bytes=0 fat_scratch_peak_bytes=0
(Worker_TP1 pid=1239) INFO 09-03 11:20:54 [exl3.py:451] exl3 fat-expert P0: layers=25620 fat_layers=25169 (98.2%) fat_expert_slots=634492 max_rows=2048 avg_max_rows=1410.2 hist_le128=451 hist_gt128=25169 hist=[0, 34, 78, 339, 164, 2107, 2998, 19900, 0]
(Worker_TP1 pid=1239) INFO 09-03 11:20:54 [exl3.py:464] exl3 e2 diag schema=1 configured_tier=legacy effective_tier=legacy tier_reason=none_requested shared_suh=1 shared_suh_layers=42/42 sym_exl3_moe=1 sym_fat_gemm=1 sym_fat_gemm_scatter=1 cap=12.1 cap_ok=1 tp_rank=1 tp_size=4 prefill_layer_calls=25620 thin_calls=451 row_tile_calls=0 fallback_calls=kernel=0,batched=0,sorted=0,legacy=25168 fallback_reasons=legacy_default=25168,thin_only=451 fat_expert_runs=634471 direct_calls=0 scatter_calls=0 fat_layers=25169 fat_expert_slots=634492 max_rows=2048 fused_temps_allocs=1 fused_temps_bytes=14155776 fat_scratch_allocs=0 fat_scratch_bytes=0 fat_scratch_peak_bytes=0
(Worker_TP1 pid=1239) INFO 09-03 11:20:55 [exl3.py:451] exl3 fat-expert P0: layers=25662 fat_layers=25211 (98.2%) fat_expert_slots=635551 max_rows=2048 avg_max_rows=1410.3 hist_le128=451 hist_gt128=25211 hist=[0, 34, 78, 339, 164, 2111, 3001, 19935, 0]
(Worker_TP1 pid=1239) INFO 09-03 11:20:55 [exl3.py:464] exl3 e2 diag schema=1 configured_tier=legacy effective_tier=legacy tier_reason=none_requested shared_suh=1 shared_suh_layers=42/42 sym_exl3_moe=1 sym_fat_gemm=1 sym_fat_gemm_scatter=1 cap=12.1 cap_ok=1 tp_rank=1 tp_size=4 prefill_layer_calls=25662 thin_calls=451 row_tile_calls=0 fallback_calls=kernel=0,batched=0,sorted=0,legacy=25210 fallback_reasons=legacy_default=25210,thin_only=451 fat_expert_runs=635530 direct_calls=0 scatter_calls=0 fat_layers=25211 fat_expert_slots=635551 max_rows=2048 fused_temps_allocs=1 fused_temps_bytes=14155776 fat_scratch_allocs=0 fat_scratch_bytes=0 fat_scratch_peak_bytes=0
(Worker_TP1 pid=1239) INFO 09-03 11:20:57 [exl3.py:451] exl3 fat-expert P0: layers=25704 fat_layers=25253 (98.2%) fat_expert_slots=636614 max_rows=2048 avg_max_rows=1410.4 hist_le128=451 hist_gt128=25253 hist=[0, 34, 78, 339, 164, 2115, 3005, 19969, 0]
(Worker_TP1 pid=1239) INFO 09-03 11:20:57 [exl3.py:464] exl3 e2 diag schema=1 configured_tier=legacy effective_tier=legacy tier_reason=none_requested shared_suh=1 shared_suh_layers=42/42 sym_exl3_moe=1 sym_fat_gemm=1 sym_fat_gemm_scatter=1 cap=12.1 cap_ok=1 tp_rank=1 tp_size=4 prefill_layer_calls=25704 thin_calls=451 row_tile_calls=0 fallback_calls=kernel=0,batched=0,sorted=0,legacy=25252 fallback_reasons=legacy_default=25252,thin_only=451 fat_expert_runs=636591 direct_calls=0 scatter_calls=0 fat_layers=25253 fat_expert_slots=636614 max_rows=2048 fused_temps_allocs=1 fused_temps_bytes=14155776 fat_scratch_allocs=0 fat_scratch_bytes=0 fat_scratch_peak_bytes=0
(Worker_TP1 pid=1239) INFO 09-03 11:20:59 [exl3.py:451] exl3 fat-expert P0: layers=25746 fat_layers=25295 (98.2%) fat_expert_slots=637643 max_rows=2048 avg_max_rows=1410.5 hist_le128=451 hist_gt128=25295 hist=[0, 34, 78, 339, 164, 2119, 3008, 20004, 0]
(Worker_TP1 pid=1239) INFO 09-03 11:20:59 [exl3.py:464] exl3 e2 diag schema=1 configured_tier=legacy effective_tier=legacy tier_reason=none_requested shared_suh=1 shared_suh_layers=42/42 sym_exl3_moe=1 sym_fat_gemm=1 sym_fat_gemm_scatter=1 cap=12.1 cap_ok=1 tp_rank=1 tp_size=4 prefill_layer_calls=25746 thin_calls=451 row_tile_calls=0 fallback_calls=kernel=0,batched=0,sorted=0,legacy=25294 fallback_reasons=legacy_default=25294,thin_only=451 fat_expert_runs=637620 direct_calls=0 scatter_calls=0 fat_layers=25295 fat_expert_slots=637643 max_rows=2048 fused_temps_allocs=1 fused_temps_bytes=14155776 fat_scratch_allocs=0 fat_scratch_bytes=0 fat_scratch_peak_bytes=0
(Worker_TP1 pid=1239) INFO 09-03 11:21:01 [exl3.py:451] exl3 fat-expert P0: layers=25788 fat_layers=25337 (98.3%) fat_expert_slots=638678 max_rows=2048 avg_max_rows=1410.6 hist_le128=451 hist_gt128=25337 hist=[0, 34, 78, 339, 164, 2122, 3012, 20039, 0]
(Worker_TP1 pid=1239) INFO 09-03 11:21:01 [exl3.py:464] exl3 e2 diag schema=1 configured_tier=legacy effective_tier=legacy tier_reason=none_requested shared_suh=1 shared_suh_layers=42/42 sym_exl3_moe=1 sym_fat_gemm=1 sym_fat_gemm_scatter=1 cap=12.1 cap_ok=1 tp_rank=1 tp_size=4 prefill_layer_calls=25788 thin_calls=451 row_tile_calls=0 fallback_calls=kernel=0,batched=0,sorted=0,legacy=25336 fallback_reasons=legacy_default=25336,thin_only=451 fat_expert_runs=638654 direct_calls=0 scatter_calls=0 fat_layers=25337 fat_expert_slots=638678 max_rows=2048 fused_temps_allocs=1 fused_temps_bytes=14155776 fat_scratch_allocs=0 fat_scratch_bytes=0 fat_scratch_peak_bytes=0
(Worker_TP1 pid=1239) INFO 09-03 11:21:02 [exl3.py:451] exl3 fat-expert P0: layers=25830 fat_layers=25379 (98.3%) fat_expert_slots=639693 max_rows=2048 avg_max_rows=1410.7 hist_le128=451 hist_gt128=25379 hist=[0, 34, 78, 339, 164, 2126, 3016, 20073, 0]
(Worker_TP1 pid=1239) INFO 09-03 11:21:02 [exl3.py:464] exl3 e2 diag schema=1 configured_tier=legacy effective_tier=legacy tier_reason=none_requested shared_suh=1 shared_suh_layers=42/42 sym_exl3_moe=1 sym_fat_gemm=1 sym_fat_gemm_scatter=1 cap=12.1 cap_ok=1 tp_rank=1 tp_size=4 prefill_layer_calls=25830 thin_calls=451 row_tile_calls=0 fallback_calls=kernel=0,batched=0,sorted=0,legacy=25378 fallback_reasons=legacy_default=25378,thin_only=451 fat_expert_runs=639673 direct_calls=0 scatter_calls=0 fat_layers=25379 fat_expert_slots=639693 max_rows=2048 fused_temps_allocs=1 fused_temps_bytes=14155776 fat_scratch_allocs=0 fat_scratch_bytes=0 fat_scratch_peak_bytes=0
(Worker_TP1 pid=1239) INFO 09-03 11:21:04 [exl3.py:451] exl3 fat-expert P0: layers=25872 fat_layers=25421 (98.3%) fat_expert_slots=640739 max_rows=2048 avg_max_rows=1410.8 hist_le128=451 hist_gt128=25421 hist=[0, 34, 78, 339, 164, 2130, 3022, 20105, 0]
(Worker_TP1 pid=1239) INFO 09-03 11:21:04 [exl3.py:464] exl3 e2 diag schema=1 configured_tier=legacy effective_tier=legacy tier_reason=none_requested shared_suh=1 shared_suh_layers=42/42 sym_exl3_moe=1 sym_fat_gemm=1 sym_fat_gemm_scatter=1 cap=12.1 cap_ok=1 tp_rank=1 tp_size=4 prefill_layer_calls=25872 thin_calls=451 row_tile_calls=0 fallback_calls=kernel=0,batched=0,sorted=0,legacy=25420 fallback_reasons=legacy_default=25420,thin_only=451 fat_expert_runs=640721 direct_calls=0 scatter_calls=0 fat_layers=25421 fat_expert_slots=640739 max_rows=2048 fused_temps_allocs=1 fused_temps_bytes=14155776 fat_scratch_allocs=0 fat_scratch_bytes=0 fat_scratch_peak_bytes=0
(Worker_TP1 pid=1239) INFO 09-03 11:21:06 [exl3.py:451] exl3 fat-expert P0: layers=25914 fat_layers=25463 (98.3%) fat_expert_slots=641794 max_rows=2048 avg_max_rows=1410.9 hist_le128=451 hist_gt128=25463 hist=[0, 34, 78, 339, 164, 2134, 3027, 20138, 0]
(Worker_TP1 pid=1239) INFO 09-03 11:21:06 [exl3.py:464] exl3 e2 diag schema=1 configured_tier=legacy effective_tier=legacy tier_reason=none_requested shared_suh=1 shared_suh_layers=42/42 sym_exl3_moe=1 sym_fat_gemm=1 sym_fat_gemm_scatter=1 cap=12.1 cap_ok=1 tp_rank=1 tp_size=4 prefill_layer_calls=25914 thin_calls=451 row_tile_calls=0 fallback_calls=kernel=0,batched=0,sorted=0,legacy=25462 fallback_reasons=legacy_default=25462,thin_only=451 fat_expert_runs=641776 direct_calls=0 scatter_calls=0 fat_layers=25463 fat_expert_slots=641794 max_rows=2048 fused_temps_allocs=1 fused_temps_bytes=14155776 fat_scratch_allocs=0 fat_scratch_bytes=0 fat_scratch_peak_bytes=0
(Worker_TP1 pid=1239) INFO 09-03 11:21:07 [exl3.py:451] exl3 fat-expert P0: layers=25956 fat_layers=25505 (98.3%) fat_expert_slots=642854 max_rows=2048 avg_max_rows=1410.9 hist_le128=451 hist_gt128=25505 hist=[0, 34, 78, 339, 164, 2138, 3031, 20172, 0]
(Worker_TP1 pid=1239) INFO 09-03 11:21:07 [exl3.py:464] exl3 e2 diag schema=1 configured_tier=legacy effective_tier=legacy tier_reason=none_requested shared_suh=1 shared_suh_layers=42/42 sym_exl3_moe=1 sym_fat_gemm=1 sym_fat_gemm_scatter=1 cap=12.1 cap_ok=1 tp_rank=1 tp_size=4 prefill_layer_calls=25956 thin_calls=451 row_tile_calls=0 fallback_calls=kernel=0,batched=0,sorted=0,legacy=25504 fallback_reasons=legacy_default=25504,thin_only=451 fat_expert_runs=642838 direct_calls=0 scatter_calls=0 fat_layers=25505 fat_expert_slots=642854 max_rows=2048 fused_temps_allocs=1 fused_temps_bytes=14155776 fat_scratch_allocs=0 fat_scratch_bytes=0 fat_scratch_peak_bytes=0
(Worker_TP1 pid=1239) INFO 09-03 11:21:09 [exl3.py:451] exl3 fat-expert P0: layers=25998 fat_layers=25547 (98.3%) fat_expert_slots=643909 max_rows=2048 avg_max_rows=1411.0 hist_le128=451 hist_gt128=25547 hist=[0, 34, 78, 339, 164, 2141, 3038, 20204, 0]
(Worker_TP1 pid=1239) INFO 09-03 11:21:09 [exl3.py:464] exl3 e2 diag schema=1 configured_tier=legacy effective_tier=legacy tier_reason=none_requested shared_suh=1 shared_suh_layers=42/42 sym_exl3_moe=1 sym_fat_gemm=1 sym_fat_gemm_scatter=1 cap=12.1 cap_ok=1 tp_rank=1 tp_size=4 prefill_layer_calls=25998 thin_calls=451 row_tile_calls=0 fallback_calls=kernel=0,batched=0,sorted=0,legacy=25546 fallback_reasons=legacy_default=25546,thin_only=451 fat_expert_runs=643888 direct_calls=0 scatter_calls=0 fat_layers=25547 fat_expert_slots=643909 max_rows=2048 fused_temps_allocs=1 fused_temps_bytes=14155776 fat_scratch_allocs=0 fat_scratch_bytes=0 fat_scratch_peak_bytes=0
(Worker_TP1 pid=1239) INFO 09-03 11:21:10 [exl3.py:451] exl3 fat-expert P0: layers=26040 fat_layers=25583 (98.2%) fat_expert_slots=644150 max_rows=2048 avg_max_rows=1409.2 hist_le128=457 hist_gt128=25583 hist=[0, 34, 78, 345, 170, 2171, 3038, 20204, 0]
(Worker_TP1 pid=1239) INFO 09-03 11:21:10 [exl3.py:464] exl3 e2 diag schema=1 configured_tier=legacy effective_tier=legacy tier_reason=none_requested shared_suh=1 shared_suh_layers=42/42 sym_exl3_moe=1 sym_fat_gemm=1 sym_fat_gemm_scatter=1 cap=12.1 cap_ok=1 tp_rank=1 tp_size=4 prefill_layer_calls=26040 thin_calls=457 row_tile_calls=0 fallback_calls=kernel=0,batched=0,sorted=0,legacy=25582 fallback_reasons=legacy_default=25582,thin_only=457 fat_expert_runs=644144 direct_calls=0 scatter_calls=0 fat_layers=25583 fat_expert_slots=644150 max_rows=2048 fused_temps_allocs=1 fused_temps_bytes=14155776 fat_scratch_allocs=0 fat_scratch_bytes=0 fat_scratch_peak_bytes=0
(Worker_TP1 pid=1239) INFO 09-03 11:21:10 [exl3.py:451] exl3 fat-expert P0: layers=26082 fat_layers=25583 (98.1%) fat_expert_slots=644150 max_rows=2048 avg_max_rows=1407.1 hist_le128=499 hist_gt128=25583 hist=[0, 39, 84, 376, 170, 2171, 3038, 20204, 0]
(Worker_TP1 pid=1239) INFO 09-03 11:21:10 [exl3.py:464] exl3 e2 diag schema=1 configured_tier=legacy effective_tier=legacy tier_reason=none_requested shared_suh=1 shared_suh_layers=42/42 sym_exl3_moe=1 sym_fat_gemm=1 sym_fat_gemm_scatter=1 cap=12.1 cap_ok=1 tp_rank=1 tp_size=4 prefill_layer_calls=26082 thin_calls=498 row_tile_calls=0 fallback_calls=kernel=0,batched=0,sorted=0,legacy=25583 fallback_reasons=legacy_default=25583,thin_only=498 fat_expert_runs=644150 direct_calls=0 scatter_calls=0 fat_layers=25583 fat_expert_slots=644150 max_rows=2048 fused_temps_allocs=1 fused_temps_bytes=14155776 fat_scratch_allocs=0 fat_scratch_bytes=0 fat_scratch_peak_bytes=0
(Worker_TP1 pid=1239) INFO 09-03 11:21:27 [exl3.py:451] exl3 fat-expert P0: layers=26124 fat_layers=25625 (98.1%) fat_expert_slots=645248 max_rows=2048 avg_max_rows=1407.0 hist_le128=499 hist_gt128=25625 hist=[0, 39, 84, 376, 170, 2175, 3042, 20238, 0]
(Worker_TP1 pid=1239) INFO 09-03 11:21:27 [exl3.py:464] exl3 e2 diag schema=1 configured_tier=legacy effective_tier=legacy tier_reason=none_requested shared_suh=1 shared_suh_layers=42/42 sym_exl3_moe=1 sym_fat_gemm=1 sym_fat_gemm_scatter=1 cap=12.1 cap_ok=1 tp_rank=1 tp_size=4 prefill_layer_calls=26124 thin_calls=499 row_tile_calls=0 fallback_calls=kernel=0,batched=0,sorted=0,legacy=25624 fallback_reasons=legacy_default=25624,thin_only=499 fat_expert_runs=645227 direct_calls=0 scatter_calls=0 fat_layers=25625 fat_expert_slots=645248 max_rows=2048 fused_temps_allocs=1 fused_temps_bytes=14155776 fat_scratch_allocs=0 fat_scratch_bytes=0 fat_scratch_peak_bytes=0
(Worker_TP1 pid=1239) INFO 09-03 11:21:29 [exl3.py:451] exl3 fat-expert P0: layers=26166 fat_layers=25667 (98.1%) fat_expert_slots=646338 max_rows=2048 avg_max_rows=1407.1 hist_le128=499 hist_gt128=25667 hist=[0, 39, 84, 376, 170, 2179, 3045, 20273, 0]
(Worker_TP1 pid=1239) INFO 09-03 11:21:29 [exl3.py:464] exl3 e2 diag schema=1 configured_tier=legacy effective_tier=legacy tier_reason=none_requested shared_suh=1 shared_suh_layers=42/42 sym_exl3_moe=1 sym_fat_gemm=1 sym_fat_gemm_scatter=1 cap=12.1 cap_ok=1 tp_rank=1 tp_size=4 prefill_layer_calls=26166 thin_calls=499 row_tile_calls=0 fallback_calls=kernel=0,batched=0,sorted=0,legacy=25666 fallback_reasons=legacy_default=25666,thin_only=499 fat_expert_runs=646317 direct_calls=0 scatter_calls=0 fat_layers=25667 fat_expert_slots=646338 max_rows=2048 fused_temps_allocs=1 fused_temps_bytes=14155776 fat_scratch_allocs=0 fat_scratch_bytes=0 fat_scratch_peak_bytes=0
(Worker_TP1 pid=1239) INFO 09-03 11:21:30 [exl3.py:451] exl3 fat-expert P0: layers=26208 fat_layers=25709 (98.1%) fat_expert_slots=647369 max_rows=2048 avg_max_rows=1407.2 hist_le128=499 hist_gt128=25709 hist=[0, 39, 84, 376, 170, 2183, 3048, 20308, 0]
(Worker_TP1 pid=1239) INFO 09-03 11:21:30 [exl3.py:464] exl3 e2 diag schema=1 configured_tier=legacy effective_tier=legacy tier_reason=none_requested shared_suh=1 shared_suh_layers=42/42 sym_exl3_moe=1 sym_fat_gemm=1 sym_fat_gemm_scatter=1 cap=12.1 cap_ok=1 tp_rank=1 tp_size=4 prefill_layer_calls=26208 thin_calls=499 row_tile_calls=0 fallback_calls=kernel=0,batched=0,sorted=0,legacy=25708 fallback_reasons=legacy_default=25708,thin_only=499 fat_expert_runs=647347 direct_calls=0 scatter_calls=0 fat_layers=25709 fat_expert_slots=647369 max_rows=2048 fused_temps_allocs=1 fused_temps_bytes=14155776 fat_scratch_allocs=0 fat_scratch_bytes=0 fat_scratch_peak_bytes=0
(Worker_TP1 pid=1239) INFO 09-03 11:21:32 [exl3.py:451] exl3 fat-expert P0: layers=26250 fat_layers=25751 (98.1%) fat_expert_slots=648418 max_rows=2048 avg_max_rows=1407.3 hist_le128=499 hist_gt128=25751 hist=[0, 39, 84, 376, 170, 2187, 3051, 20343, 0]
(Worker_TP1 pid=1239) INFO 09-03 11:21:32 [exl3.py:464] exl3 e2 diag schema=1 configured_tier=legacy effective_tier=legacy tier_reason=none_requested shared_suh=1 shared_suh_layers=42/42 sym_exl3_moe=1 sym_fat_gemm=1 sym_fat_gemm_scatter=1 cap=12.1 cap_ok=1 tp_rank=1 tp_size=4 prefill_layer_calls=26250 thin_calls=499 row_tile_calls=0 fallback_calls=kernel=0,batched=0,sorted=0,legacy=25750 fallback_reasons=legacy_default=25750,thin_only=499 fat_expert_runs=648395 direct_calls=0 scatter_calls=0 fat_layers=25751 fat_expert_slots=648418 max_rows=2048 fused_temps_allocs=1 fused_temps_bytes=14155776 fat_scratch_allocs=0 fat_scratch_bytes=0 fat_scratch_peak_bytes=0
(Worker_TP1 pid=1239) INFO 09-03 11:21:34 [exl3.py:451] exl3 fat-expert P0: layers=26292 fat_layers=25793 (98.1%) fat_expert_slots=649457 max_rows=2048 avg_max_rows=1407.4 hist_le128=499 hist_gt128=25793 hist=[0, 39, 84, 376, 170, 2190, 3055, 20378, 0]
(Worker_TP1 pid=1239) INFO 09-03 11:21:34 [exl3.py:464] exl3 e2 diag schema=1 configured_tier=legacy effective_tier=legacy tier_reason=none_requested shared_suh=1 shared_suh_layers=42/42 sym_exl3_moe=1 sym_fat_gemm=1 sym_fat_gemm_scatter=1 cap=12.1 cap_ok=1 tp_rank=1 tp_size=4 prefill_layer_calls=26292 thin_calls=499 row_tile_calls=0 fallback_calls=kernel=0,batched=0,sorted=0,legacy=25792 fallback_reasons=legacy_default=25792,thin_only=499 fat_expert_runs=649437 direct_calls=0 scatter_calls=0 fat_layers=25793 fat_expert_slots=649457 max_rows=2048 fused_temps_allocs=1 fused_temps_bytes=14155776 fat_scratch_allocs=0 fat_scratch_bytes=0 fat_scratch_peak_bytes=0
(Worker_TP1 pid=1239) INFO 09-03 11:21:36 [exl3.py:451] exl3 fat-expert P0: layers=26334 fat_layers=25835 (98.1%) fat_expert_slots=650500 max_rows=2048 avg_max_rows=1407.5 hist_le128=499 hist_gt128=25835 hist=[0, 39, 84, 376, 170, 2193, 3059, 20413, 0]
(Worker_TP1 pid=1239) INFO 09-03 11:21:36 [exl3.py:464] exl3 e2 diag schema=1 configured_tier=legacy effective_tier=legacy tier_reason=none_requested shared_suh=1 shared_suh_layers=42/42 sym_exl3_moe=1 sym_fat_gemm=1 sym_fat_gemm_scatter=1 cap=12.1 cap_ok=1 tp_rank=1 tp_size=4 prefill_layer_calls=26334 thin_calls=499 row_tile_calls=0 fallback_calls=kernel=0,batched=0,sorted=0,legacy=25834 fallback_reasons=legacy_default=25834,thin_only=499 fat_expert_runs=650477 direct_calls=0 scatter_calls=0 fat_layers=25835 fat_expert_slots=650500 max_rows=2048 fused_temps_allocs=1 fused_temps_bytes=14155776 fat_scratch_allocs=0 fat_scratch_bytes=0 fat_scratch_peak_bytes=0
(Worker_TP1 pid=1239) INFO 09-03 11:21:37 [exl3.py:451] exl3 fat-expert P0: layers=26376 fat_layers=25877 (98.1%) fat_expert_slots=651510 max_rows=2048 avg_max_rows=1407.6 hist_le128=499 hist_gt128=25877 hist=[0, 39, 84, 376, 170, 2196, 3063, 20448, 0]
(Worker_TP1 pid=1239) INFO 09-03 11:21:37 [exl3.py:464] exl3 e2 diag schema=1 configured_tier=legacy effective_tier=legacy tier_reason=none_requested shared_suh=1 shared_suh_layers=42/42 sym_exl3_moe=1 sym_fat_gemm=1 sym_fat_gemm_scatter=1 cap=12.1 cap_ok=1 tp_rank=1 tp_size=4 prefill_layer_calls=26376 thin_calls=499 row_tile_calls=0 fallback_calls=kernel=0,batched=0,sorted=0,legacy=25876 fallback_reasons=legacy_default=25876,thin_only=499 fat_expert_runs=651489 direct_calls=0 scatter_calls=0 fat_layers=25877 fat_expert_slots=651510 max_rows=2048 fused_temps_allocs=1 fused_temps_bytes=14155776 fat_scratch_allocs=0 fat_scratch_bytes=0 fat_scratch_peak_bytes=0
(Worker_TP1 pid=1239) INFO 09-03 11:21:39 [exl3.py:451] exl3 fat-expert P0: layers=26418 fat_layers=25919 (98.1%) fat_expert_slots=652553 max_rows=2048 avg_max_rows=1407.8 hist_le128=499 hist_gt128=25919 hist=[0, 39, 84, 376, 170, 2199, 3068, 20482, 0]
(Worker_TP1 pid=1239) INFO 09-03 11:21:39 [exl3.py:464] exl3 e2 diag schema=1 configured_tier=legacy effective_tier=legacy tier_reason=none_requested shared_suh=1 shared_suh_layers=42/42 sym_exl3_moe=1 sym_fat_gemm=1 sym_fat_gemm_scatter=1 cap=12.1 cap_ok=1 tp_rank=1 tp_size=4 prefill_layer_calls=26418 thin_calls=499 row_tile_calls=0 fallback_calls=kernel=0,batched=0,sorted=0,legacy=25918 fallback_reasons=legacy_default=25918,thin_only=499 fat_expert_runs=652534 direct_calls=0 scatter_calls=0 fat_layers=25919 fat_expert_slots=652553 max_rows=2048 fused_temps_allocs=1 fused_temps_bytes=14155776 fat_scratch_allocs=0 fat_scratch_bytes=0 fat_scratch_peak_bytes=0
(Worker_TP1 pid=1239) INFO 09-03 11:21:41 [exl3.py:451] exl3 fat-expert P0: layers=26460 fat_layers=25961 (98.1%) fat_expert_slots=653588 max_rows=2048 avg_max_rows=1407.9 hist_le128=499 hist_gt128=25961 hist=[0, 39, 84, 376, 170, 2202, 3073, 20516, 0]
(Worker_TP1 pid=1239) INFO 09-03 11:21:41 [exl3.py:464] exl3 e2 diag schema=1 configured_tier=legacy effective_tier=legacy tier_reason=none_requested shared_suh=1 shared_suh_layers=42/42 sym_exl3_moe=1 sym_fat_gemm=1 sym_fat_gemm_scatter=1 cap=12.1 cap_ok=1 tp_rank=1 tp_size=4 prefill_layer_calls=26460 thin_calls=499 row_tile_calls=0 fallback_calls=kernel=0,batched=0,sorted=0,legacy=25960 fallback_reasons=legacy_default=25960,thin_only=499 fat_expert_runs=653569 direct_calls=0 scatter_calls=0 fat_layers=25961 fat_expert_slots=653588 max_rows=2048 fused_temps_allocs=1 fused_temps_bytes=14155776 fat_scratch_allocs=0 fat_scratch_bytes=0 fat_scratch_peak_bytes=0
(Worker_TP1 pid=1239) INFO 09-03 11:21:42 [exl3.py:451] exl3 fat-expert P0: layers=26502 fat_layers=26003 (98.1%) fat_expert_slots=654644 max_rows=2048 avg_max_rows=1408.0 hist_le128=499 hist_gt128=26003 hist=[0, 39, 84, 376, 170, 2205, 3078, 20550, 0]
(Worker_TP1 pid=1239) INFO 09-03 11:21:42 [exl3.py:464] exl3 e2 diag schema=1 configured_tier=legacy effective_tier=legacy tier_reason=none_requested shared_suh=1 shared_suh_layers=42/42 sym_exl3_moe=1 sym_fat_gemm=1 sym_fat_gemm_scatter=1 cap=12.1 cap_ok=1 tp_rank=1 tp_size=4 prefill_layer_calls=26502 thin_calls=499 row_tile_calls=0 fallback_calls=kernel=0,batched=0,sorted=0,legacy=26002 fallback_reasons=legacy_default=26002,thin_only=499 fat_expert_runs=654626 direct_calls=0 scatter_calls=0 fat_layers=26003 fat_expert_slots=654644 max_rows=2048 fused_temps_allocs=1 fused_temps_bytes=14155776 fat_scratch_allocs=0 fat_scratch_bytes=0 fat_scratch_peak_bytes=0
(Worker_TP1 pid=1239) INFO 09-03 11:21:44 [exl3.py:451] exl3 fat-expert P0: layers=26544 fat_layers=26045 (98.1%) fat_expert_slots=655714 max_rows=2048 avg_max_rows=1408.1 hist_le128=499 hist_gt128=26045 hist=[0, 39, 84, 376, 170, 2208, 3084, 20583, 0]
(Worker_TP1 pid=1239) INFO 09-03 11:21:44 [exl3.py:464] exl3 e2 diag schema=1 configured_tier=legacy effective_tier=legacy tier_reason=none_requested shared_suh=1 shared_suh_layers=42/42 sym_exl3_moe=1 sym_fat_gemm=1 sym_fat_gemm_scatter=1 cap=12.1 cap_ok=1 tp_rank=1 tp_size=4 prefill_layer_calls=26544 thin_calls=499 row_tile_calls=0 fallback_calls=kernel=0,batched=0,sorted=0,legacy=26044 fallback_reasons=legacy_default=26044,thin_only=499 fat_expert_runs=655693 direct_calls=0 scatter_calls=0 fat_layers=26045 fat_expert_slots=655714 max_rows=2048 fused_temps_allocs=1 fused_temps_bytes=14155776 fat_scratch_allocs=0 fat_scratch_bytes=0 fat_scratch_peak_bytes=0
(Worker_TP1 pid=1239) INFO 09-03 11:21:46 [exl3.py:451] exl3 fat-expert P0: layers=26586 fat_layers=26087 (98.1%) fat_expert_slots=656764 max_rows=2048 avg_max_rows=1408.2 hist_le128=499 hist_gt128=26087 hist=[0, 39, 84, 376, 170, 2211, 3090, 20616, 0]
(Worker_TP1 pid=1239) INFO 09-03 11:21:46 [exl3.py:464] exl3 e2 diag schema=1 configured_tier=legacy effective_tier=legacy tier_reason=none_requested shared_suh=1 shared_suh_layers=42/42 sym_exl3_moe=1 sym_fat_gemm=1 sym_fat_gemm_scatter=1 cap=12.1 cap_ok=1 tp_rank=1 tp_size=4 prefill_layer_calls=26586 thin_calls=499 row_tile_calls=0 fallback_calls=kernel=0,batched=0,sorted=0,legacy=26086 fallback_reasons=legacy_default=26086,thin_only=499 fat_expert_runs=656746 direct_calls=0 scatter_calls=0 fat_layers=26087 fat_expert_slots=656764 max_rows=2048 fused_temps_allocs=1 fused_temps_bytes=14155776 fat_scratch_allocs=0 fat_scratch_bytes=0 fat_scratch_peak_bytes=0
(Worker_TP1 pid=1239) INFO 09-03 11:21:46 [exl3.py:451] exl3 fat-expert P0: layers=26628 fat_layers=26117 (98.1%) fat_expert_slots=656858 max_rows=2048 avg_max_rows=1406.2 hist_le128=511 hist_gt128=26117 hist=[0, 39, 89, 383, 200, 2211, 3090, 20616, 0]
(Worker_TP1 pid=1239) INFO 09-03 11:21:46 [exl3.py:464] exl3 e2 diag schema=1 configured_tier=legacy effective_tier=legacy tier_reason=none_requested shared_suh=1 shared_suh_layers=42/42 sym_exl3_moe=1 sym_fat_gemm=1 sym_fat_gemm_scatter=1 cap=12.1 cap_ok=1 tp_rank=1 tp_size=4 prefill_layer_calls=26628 thin_calls=511 row_tile_calls=0 fallback_calls=kernel=0,batched=0,sorted=0,legacy=26116 fallback_reasons=legacy_default=26116,thin_only=511 fat_expert_runs=656855 direct_calls=0 scatter_calls=0 fat_layers=26117 fat_expert_slots=656858 max_rows=2048 fused_temps_allocs=1 fused_temps_bytes=14155776 fat_scratch_allocs=0 fat_scratch_bytes=0 fat_scratch_peak_bytes=0
(Worker_TP1 pid=1239) INFO 09-03 11:23:09 [exl3.py:451] exl3 fat-expert P0: layers=26670 fat_layers=26159 (98.1%) fat_expert_slots=657938 max_rows=2048 avg_max_rows=1406.2 hist_le128=511 hist_gt128=26159 hist=[0, 39, 89, 383, 200, 2213, 3095, 20651, 0]
(Worker_TP1 pid=1239) INFO 09-03 11:23:09 [exl3.py:464] exl3 e2 diag schema=1 configured_tier=legacy effective_tier=legacy tier_reason=none_requested shared_suh=1 shared_suh_layers=42/42 sym_exl3_moe=1 sym_fat_gemm=1 sym_fat_gemm_scatter=1 cap=12.1 cap_ok=1 tp_rank=1 tp_size=4 prefill_layer_calls=26670 thin_calls=511 row_tile_calls=0 fallback_calls=kernel=0,batched=0,sorted=0,legacy=26158 fallback_reasons=legacy_default=26158,thin_only=511 fat_expert_runs=657914 direct_calls=0 scatter_calls=0 fat_layers=26159 fat_expert_slots=657938 max_rows=2048 fused_temps_allocs=1 fused_temps_bytes=14155776 fat_scratch_allocs=0 fat_scratch_bytes=0 fat_scratch_peak_bytes=0
(Worker_TP1 pid=1239) INFO 09-03 11:23:11 [exl3.py:451] exl3 fat-expert P0: layers=26712 fat_layers=26201 (98.1%) fat_expert_slots=658998 max_rows=2048 avg_max_rows=1406.2 hist_le128=511 hist_gt128=26201 hist=[0, 39, 89, 383, 200, 2217, 3098, 20686, 0]
(Worker_TP1 pid=1239) INFO 09-03 11:23:11 [exl3.py:464] exl3 e2 diag schema=1 configured_tier=legacy effective_tier=legacy tier_reason=none_requested shared_suh=1 shared_suh_layers=42/42 sym_exl3_moe=1 sym_fat_gemm=1 sym_fat_gemm_scatter=1 cap=12.1 cap_ok=1 tp_rank=1 tp_size=4 prefill_layer_calls=26712 thin_calls=511 row_tile_calls=0 fallback_calls=kernel=0,batched=0,sorted=0,legacy=26200 fallback_reasons=legacy_default=26200,thin_only=511 fat_expert_runs=658977 direct_calls=0 scatter_calls=0 fat_layers=26201 fat_expert_slots=658998 max_rows=2048 fused_temps_allocs=1 fused_temps_bytes=14155776 fat_scratch_allocs=0 fat_scratch_bytes=0 fat_scratch_peak_bytes=0
(Worker_TP1 pid=1239) INFO 09-03 11:23:13 [exl3.py:451] exl3 fat-expert P0: layers=26754 fat_layers=26243 (98.1%) fat_expert_slots=660056 max_rows=2048 avg_max_rows=1406.3 hist_le128=511 hist_gt128=26243 hist=[0, 39, 89, 383, 200, 2221, 3101, 20721, 0]
(Worker_TP1 pid=1239) INFO 09-03 11:23:13 [exl3.py:464] exl3 e2 diag schema=1 configured_tier=legacy effective_tier=legacy tier_reason=none_requested shared_suh=1 shared_suh_layers=42/42 sym_exl3_moe=1 sym_fat_gemm=1 sym_fat_gemm_scatter=1 cap=12.1 cap_ok=1 tp_rank=1 tp_size=4 prefill_layer_calls=26754 thin_calls=511 row_tile_calls=0 fallback_calls=kernel=0,batched=0,sorted=0,legacy=26242 fallback_reasons=legacy_default=26242,thin_only=511 fat_expert_runs=660032 direct_calls=0 scatter_calls=0 fat_layers=26243 fat_expert_slots=660056 max_rows=2048 fused_temps_allocs=1 fused_temps_bytes=14155776 fat_scratch_allocs=0 fat_scratch_bytes=0 fat_scratch_peak_bytes=0
(Worker_TP1 pid=1239) INFO 09-03 11:23:14 [exl3.py:451] exl3 fat-expert P0: layers=26796 fat_layers=26285 (98.1%) fat_expert_slots=661114 max_rows=2048 avg_max_rows=1406.4 hist_le128=511 hist_gt128=26285 hist=[0, 39, 89, 383, 200, 2225, 3104, 20756, 0]
(Worker_TP1 pid=1239) INFO 09-03 11:23:14 [exl3.py:464] exl3 e2 diag schema=1 configured_tier=legacy effective_tier=legacy tier_reason=none_requested shared_suh=1 shared_suh_layers=42/42 sym_exl3_moe=1 sym_fat_gemm=1 sym_fat_gemm_scatter=1 cap=12.1 cap_ok=1 tp_rank=1 tp_size=4 prefill_layer_calls=26796 thin_calls=511 row_tile_calls=0 fallback_calls=kernel=0,batched=0,sorted=0,legacy=26284 fallback_reasons=legacy_default=26284,thin_only=511 fat_expert_runs=661093 direct_calls=0 scatter_calls=0 fat_layers=26285 fat_expert_slots=661114 max_rows=2048 fused_temps_allocs=1 fused_temps_bytes=14155776 fat_scratch_allocs=0 fat_scratch_bytes=0 fat_scratch_peak_bytes=0
(Worker_TP1 pid=1239) INFO 09-03 11:23:16 [exl3.py:451] exl3 fat-expert P0: layers=26838 fat_layers=26327 (98.1%) fat_expert_slots=662172 max_rows=2048 avg_max_rows=1406.6 hist_le128=511 hist_gt128=26327 hist=[0, 39, 89, 383, 200, 2229, 3107, 20791, 0]
(Worker_TP1 pid=1239) INFO 09-03 11:23:16 [exl3.py:464] exl3 e2 diag schema=1 configured_tier=legacy effective_tier=legacy tier_reason=none_requested shared_suh=1 shared_suh_layers=42/42 sym_exl3_moe=1 sym_fat_gemm=1 sym_fat_gemm_scatter=1 cap=12.1 cap_ok=1 tp_rank=1 tp_size=4 prefill_layer_calls=26838 thin_calls=511 row_tile_calls=0 fallback_calls=kernel=0,batched=0,sorted=0,legacy=26326 fallback_reasons=legacy_default=26326,thin_only=511 fat_expert_runs=662150 direct_calls=0 scatter_calls=0 fat_layers=26327 fat_expert_slots=662172 max_rows=2048 fused_temps_allocs=1 fused_temps_bytes=14155776 fat_scratch_allocs=0 fat_scratch_bytes=0 fat_scratch_peak_bytes=0
(Worker_TP1 pid=1239) INFO 09-03 11:23:18 [exl3.py:451] exl3 fat-expert P0: layers=26880 fat_layers=26369 (98.1%) fat_expert_slots=663238 max_rows=2048 avg_max_rows=1406.7 hist_le128=511 hist_gt128=26369 hist=[0, 39, 89, 383, 200, 2232, 3112, 20825, 0]
(Worker_TP1 pid=1239) INFO 09-03 11:23:18 [exl3.py:464] exl3 e2 diag schema=1 configured_tier=legacy effective_tier=legacy tier_reason=none_requested shared_suh=1 shared_suh_layers=42/42 sym_exl3_moe=1 sym_fat_gemm=1 sym_fat_gemm_scatter=1 cap=12.1 cap_ok=1 tp_rank=1 tp_size=4 prefill_layer_calls=26880 thin_calls=511 row_tile_calls=0 fallback_calls=kernel=0,batched=0,sorted=0,legacy=26368 fallback_reasons=legacy_default=26368,thin_only=511 fat_expert_runs=663220 direct_calls=0 scatter_calls=0 fat_layers=26369 fat_expert_slots=663238 max_rows=2048 fused_temps_allocs=1 fused_temps_bytes=14155776 fat_scratch_allocs=0 fat_scratch_bytes=0 fat_scratch_peak_bytes=0
(Worker_TP1 pid=1239) INFO 09-03 11:23:19 [exl3.py:451] exl3 fat-expert P0: layers=26922 fat_layers=26411 (98.1%) fat_expert_slots=664280 max_rows=2048 avg_max_rows=1406.7 hist_le128=511 hist_gt128=26411 hist=[0, 39, 89, 383, 200, 2235, 3117, 20859, 0]
(Worker_TP1 pid=1239) INFO 09-03 11:23:19 [exl3.py:464] exl3 e2 diag schema=1 configured_tier=legacy effective_tier=legacy tier_reason=none_requested shared_suh=1 shared_suh_layers=42/42 sym_exl3_moe=1 sym_fat_gemm=1 sym_fat_gemm_scatter=1 cap=12.1 cap_ok=1 tp_rank=1 tp_size=4 prefill_layer_calls=26922 thin_calls=511 row_tile_calls=0 fallback_calls=kernel=0,batched=0,sorted=0,legacy=26410 fallback_reasons=legacy_default=26410,thin_only=511 fat_expert_runs=664262 direct_calls=0 scatter_calls=0 fat_layers=26411 fat_expert_slots=664280 max_rows=2048 fused_temps_allocs=1 fused_temps_bytes=14155776 fat_scratch_allocs=0 fat_scratch_bytes=0 fat_scratch_peak_bytes=0
(Worker_TP1 pid=1239) INFO 09-03 11:23:21 [exl3.py:451] exl3 fat-expert P0: layers=26964 fat_layers=26453 (98.1%) fat_expert_slots=665320 max_rows=2048 avg_max_rows=1406.9 hist_le128=511 hist_gt128=26453 hist=[0, 39, 89, 383, 200, 2239, 3121, 20893, 0]
(Worker_TP1 pid=1239) INFO 09-03 11:23:21 [exl3.py:464] exl3 e2 diag schema=1 configured_tier=legacy effective_tier=legacy tier_reason=none_requested shared_suh=1 shared_suh_layers=42/42 sym_exl3_moe=1 sym_fat_gemm=1 sym_fat_gemm_scatter=1 cap=12.1 cap_ok=1 tp_rank=1 tp_size=4 prefill_layer_calls=26964 thin_calls=511 row_tile_calls=0 fallback_calls=kernel=0,batched=0,sorted=0,legacy=26452 fallback_reasons=legacy_default=26452,thin_only=511 fat_expert_runs=665303 direct_calls=0 scatter_calls=0 fat_layers=26453 fat_expert_slots=665320 max_rows=2048 fused_temps_allocs=1 fused_temps_bytes=14155776 fat_scratch_allocs=0 fat_scratch_bytes=0 fat_scratch_peak_bytes=0
(Worker_TP1 pid=1239) INFO 09-03 11:23:23 [exl3.py:451] exl3 fat-expert P0: layers=27006 fat_layers=26495 (98.1%) fat_expert_slots=666370 max_rows=2048 avg_max_rows=1407.0 hist_le128=511 hist_gt128=26495 hist=[0, 39, 89, 383, 200, 2243, 3126, 20926, 0]
(Worker_TP1 pid=1239) INFO 09-03 11:23:23 [exl3.py:464] exl3 e2 diag schema=1 configured_tier=legacy effective_tier=legacy tier_reason=none_requested shared_suh=1 shared_suh_layers=42/42 sym_exl3_moe=1 sym_fat_gemm=1 sym_fat_gemm_scatter=1 cap=12.1 cap_ok=1 tp_rank=1 tp_size=4 prefill_layer_calls=27006 thin_calls=511 row_tile_calls=0 fallback_calls=kernel=0,batched=0,sorted=0,legacy=26494 fallback_reasons=legacy_default=26494,thin_only=511 fat_expert_runs=666352 direct_calls=0 scatter_calls=0 fat_layers=26495 fat_expert_slots=666370 max_rows=2048 fused_temps_allocs=1 fused_temps_bytes=14155776 fat_scratch_allocs=0 fat_scratch_bytes=0 fat_scratch_peak_bytes=0
(Worker_TP1 pid=1239) INFO 09-03 11:23:25 [exl3.py:451] exl3 fat-expert P0: layers=27048 fat_layers=26537 (98.1%) fat_expert_slots=667412 max_rows=2048 avg_max_rows=1407.1 hist_le128=511 hist_gt128=26537 hist=[0, 39, 89, 383, 200, 2247, 3131, 20959, 0]
(Worker_TP1 pid=1239) INFO 09-03 11:23:25 [exl3.py:464] exl3 e2 diag schema=1 configured_tier=legacy effective_tier=legacy tier_reason=none_requested shared_suh=1 shared_suh_layers=42/42 sym_exl3_moe=1 sym_fat_gemm=1 sym_fat_gemm_scatter=1 cap=12.1 cap_ok=1 tp_rank=1 tp_size=4 prefill_layer_calls=27048 thin_calls=511 row_tile_calls=0 fallback_calls=kernel=0,batched=0,sorted=0,legacy=26536 fallback_reasons=legacy_default=26536,thin_only=511 fat_expert_runs=667394 direct_calls=0 scatter_calls=0 fat_layers=26537 fat_expert_slots=667412 max_rows=2048 fused_temps_allocs=1 fused_temps_bytes=14155776 fat_scratch_allocs=0 fat_scratch_bytes=0 fat_scratch_peak_bytes=0
(Worker_TP1 pid=1239) INFO 09-03 11:23:26 [exl3.py:451] exl3 fat-expert P0: layers=27090 fat_layers=26579 (98.1%) fat_expert_slots=668476 max_rows=2048 avg_max_rows=1407.2 hist_le128=511 hist_gt128=26579 hist=[0, 39, 89, 383, 200, 2250, 3136, 20993, 0]
(Worker_TP1 pid=1239) INFO 09-03 11:23:26 [exl3.py:464] exl3 e2 diag schema=1 configured_tier=legacy effective_tier=legacy tier_reason=none_requested shared_suh=1 shared_suh_layers=42/42 sym_exl3_moe=1 sym_fat_gemm=1 sym_fat_gemm_scatter=1 cap=12.1 cap_ok=1 tp_rank=1 tp_size=4 prefill_layer_calls=27090 thin_calls=511 row_tile_calls=0 fallback_calls=kernel=0,batched=0,sorted=0,legacy=26578 fallback_reasons=legacy_default=26578,thin_only=511 fat_expert_runs=668456 direct_calls=0 scatter_calls=0 fat_layers=26579 fat_expert_slots=668476 max_rows=2048 fused_temps_allocs=1 fused_temps_bytes=14155776 fat_scratch_allocs=0 fat_scratch_bytes=0 fat_scratch_peak_bytes=0
(Worker_TP1 pid=1239) INFO 09-03 11:23:28 [exl3.py:451] exl3 fat-expert P0: layers=27132 fat_layers=26621 (98.1%) fat_expert_slots=669504 max_rows=2048 avg_max_rows=1407.3 hist_le128=511 hist_gt128=26621 hist=[0, 39, 89, 383, 200, 2253, 3143, 21025, 0]
(Worker_TP1 pid=1239) INFO 09-03 11:23:28 [exl3.py:464] exl3 e2 diag schema=1 configured_tier=legacy effective_tier=legacy tier_reason=none_requested shared_suh=1 shared_suh_layers=42/42 sym_exl3_moe=1 sym_fat_gemm=1 sym_fat_gemm_scatter=1 cap=12.1 cap_ok=1 tp_rank=1 tp_size=4 prefill_layer_calls=27132 thin_calls=511 row_tile_calls=0 fallback_calls=kernel=0,batched=0,sorted=0,legacy=26620 fallback_reasons=legacy_default=26620,thin_only=511 fat_expert_runs=669484 direct_calls=0 scatter_calls=0 fat_layers=26621 fat_expert_slots=669504 max_rows=2048 fused_temps_allocs=1 fused_temps_bytes=14155776 fat_scratch_allocs=0 fat_scratch_bytes=0 fat_scratch_peak_bytes=0
(Worker_TP1 pid=1239) INFO 09-03 11:23:30 [exl3.py:451] exl3 fat-expert P0: layers=27174 fat_layers=26663 (98.1%) fat_expert_slots=670563 max_rows=2048 avg_max_rows=1407.4 hist_le128=511 hist_gt128=26663 hist=[0, 39, 89, 383, 200, 2256, 3148, 21059, 0]
(Worker_TP1 pid=1239) INFO 09-03 11:23:30 [exl3.py:464] exl3 e2 diag schema=1 configured_tier=legacy effective_tier=legacy tier_reason=none_requested shared_suh=1 shared_suh_layers=42/42 sym_exl3_moe=1 sym_fat_gemm=1 sym_fat_gemm_scatter=1 cap=12.1 cap_ok=1 tp_rank=1 tp_size=4 prefill_layer_calls=27174 thin_calls=511 row_tile_calls=0 fallback_calls=kernel=0,batched=0,sorted=0,legacy=26662 fallback_reasons=legacy_default=26662,thin_only=511 fat_expert_runs=670546 direct_calls=0 scatter_calls=0 fat_layers=26663 fat_expert_slots=670563 max_rows=2048 fused_temps_allocs=1 fused_temps_bytes=14155776 fat_scratch_allocs=0 fat_scratch_bytes=0 fat_scratch_peak_bytes=0
(Worker_TP1 pid=1239) INFO 09-03 11:23:31 [exl3.py:451] exl3 fat-expert P0: layers=27216 fat_layers=26705 (98.1%) fat_expert_slots=671619 max_rows=2048 avg_max_rows=1407.4 hist_le128=511 hist_gt128=26705 hist=[0, 39, 89, 383, 200, 2259, 3153, 21093, 0]
(Worker_TP1 pid=1239) INFO 09-03 11:23:31 [exl3.py:464] exl3 e2 diag schema=1 configured_tier=legacy effective_tier=legacy tier_reason=none_requested shared_suh=1 shared_suh_layers=42/42 sym_exl3_moe=1 sym_fat_gemm=1 sym_fat_gemm_scatter=1 cap=12.1 cap_ok=1 tp_rank=1 tp_size=4 prefill_layer_calls=27216 thin_calls=511 row_tile_calls=0 fallback_calls=kernel=0,batched=0,sorted=0,legacy=26704 fallback_reasons=legacy_default=26704,thin_only=511 fat_expert_runs=671601 direct_calls=0 scatter_calls=0 fat_layers=26705 fat_expert_slots=671619 max_rows=2048 fused_temps_allocs=1 fused_temps_bytes=14155776 fat_scratch_allocs=0 fat_scratch_bytes=0 fat_scratch_peak_bytes=0
(Worker_TP1 pid=1239) INFO 09-03 11:23:33 [exl3.py:451] exl3 fat-expert P0: layers=27258 fat_layers=26747 (98.1%) fat_expert_slots=672677 max_rows=2048 avg_max_rows=1407.5 hist_le128=511 hist_gt128=26747 hist=[0, 39, 89, 383, 200, 2262, 3158, 21127, 0]
(Worker_TP1 pid=1239) INFO 09-03 11:23:33 [exl3.py:464] exl3 e2 diag schema=1 configured_tier=legacy effective_tier=legacy tier_reason=none_requested shared_suh=1 shared_suh_layers=42/42 sym_exl3_moe=1 sym_fat_gemm=1 sym_fat_gemm_scatter=1 cap=12.1 cap_ok=1 tp_rank=1 tp_size=4 prefill_layer_calls=27258 thin_calls=511 row_tile_calls=0 fallback_calls=kernel=0,batched=0,sorted=0,legacy=26746 fallback_reasons=legacy_default=26746,thin_only=511 fat_expert_runs=672661 direct_calls=0 scatter_calls=0 fat_layers=26747 fat_expert_slots=672677 max_rows=2048 fused_temps_allocs=1 fused_temps_bytes=14155776 fat_scratch_allocs=0 fat_scratch_bytes=0 fat_scratch_peak_bytes=0
(Worker_TP1 pid=1239) INFO 09-03 11:23:35 [exl3.py:451] exl3 fat-expert P0: layers=27300 fat_layers=26789 (98.1%) fat_expert_slots=673734 max_rows=2048 avg_max_rows=1407.6 hist_le128=511 hist_gt128=26789 hist=[0, 39, 89, 383, 200, 2265, 3163, 21161, 0]
(Worker_TP1 pid=1239) INFO 09-03 11:23:35 [exl3.py:464] exl3 e2 diag schema=1 configured_tier=legacy effective_tier=legacy tier_reason=none_requested shared_suh=1 shared_suh_layers=42/42 sym_exl3_moe=1 sym_fat_gemm=1 sym_fat_gemm_scatter=1 cap=12.1 cap_ok=1 tp_rank=1 tp_size=4 prefill_layer_calls=27300 thin_calls=511 row_tile_calls=0 fallback_calls=kernel=0,batched=0,sorted=0,legacy=26788 fallback_reasons=legacy_default=26788,thin_only=511 fat_expert_runs=673720 direct_calls=0 scatter_calls=0 fat_layers=26789 fat_expert_slots=673734 max_rows=2048 fused_temps_allocs=1 fused_temps_bytes=14155776 fat_scratch_allocs=0 fat_scratch_bytes=0 fat_scratch_peak_bytes=0
(Worker_TP1 pid=1239) INFO 09-03 11:23:37 [exl3.py:451] exl3 fat-expert P0: layers=27342 fat_layers=26831 (98.1%) fat_expert_slots=674789 max_rows=2048 avg_max_rows=1407.7 hist_le128=511 hist_gt128=26831 hist=[0, 39, 89, 383, 200, 2268, 3168, 21195, 0]
(Worker_TP1 pid=1239) INFO 09-03 11:23:37 [exl3.py:464] exl3 e2 diag schema=1 configured_tier=legacy effective_tier=legacy tier_reason=none_requested shared_suh=1 shared_suh_layers=42/42 sym_exl3_moe=1 sym_fat_gemm=1 sym_fat_gemm_scatter=1 cap=12.1 cap_ok=1 tp_rank=1 tp_size=4 prefill_layer_calls=27342 thin_calls=511 row_tile_calls=0 fallback_calls=kernel=0,batched=0,sorted=0,legacy=26830 fallback_reasons=legacy_default=26830,thin_only=511 fat_expert_runs=674773 direct_calls=0 scatter_calls=0 fat_layers=26831 fat_expert_slots=674789 max_rows=2048 fused_temps_allocs=1 fused_temps_bytes=14155776 fat_scratch_allocs=0 fat_scratch_bytes=0 fat_scratch_peak_bytes=0
(Worker_TP1 pid=1239) INFO 09-03 11:23:38 [exl3.py:451] exl3 fat-expert P0: layers=27384 fat_layers=26873 (98.1%) fat_expert_slots=675837 max_rows=2048 avg_max_rows=1407.7 hist_le128=511 hist_gt128=26873 hist=[0, 39, 89, 383, 200, 2271, 3174, 21228, 0]
(Worker_TP1 pid=1239) INFO 09-03 11:23:38 [exl3.py:464] exl3 e2 diag schema=1 configured_tier=legacy effective_tier=legacy tier_reason=none_requested shared_suh=1 shared_suh_layers=42/42 sym_exl3_moe=1 sym_fat_gemm=1 sym_fat_gemm_scatter=1 cap=12.1 cap_ok=1 tp_rank=1 tp_size=4 prefill_layer_calls=27384 thin_calls=511 row_tile_calls=0 fallback_calls=kernel=0,batched=0,sorted=0,legacy=26872 fallback_reasons=legacy_default=26872,thin_only=511 fat_expert_runs=675823 direct_calls=0 scatter_calls=0 fat_layers=26873 fat_expert_slots=675837 max_rows=2048 fused_temps_allocs=1 fused_temps_bytes=14155776 fat_scratch_allocs=0 fat_scratch_bytes=0 fat_scratch_peak_bytes=0
(Worker_TP1 pid=1239) INFO 09-03 11:23:40 [exl3.py:451] exl3 fat-expert P0: layers=27426 fat_layers=26915 (98.1%) fat_expert_slots=676898 max_rows=2048 avg_max_rows=1407.8 hist_le128=511 hist_gt128=26915 hist=[0, 39, 89, 383, 200, 2274, 3180, 21261, 0]
(Worker_TP1 pid=1239) INFO 09-03 11:23:40 [exl3.py:464] exl3 e2 diag schema=1 configured_tier=legacy effective_tier=legacy tier_reason=none_requested shared_suh=1 shared_suh_layers=42/42 sym_exl3_moe=1 sym_fat_gemm=1 sym_fat_gemm_scatter=1 cap=12.1 cap_ok=1 tp_rank=1 tp_size=4 prefill_layer_calls=27426 thin_calls=511 row_tile_calls=0 fallback_calls=kernel=0,batched=0,sorted=0,legacy=26914 fallback_reasons=legacy_default=26914,thin_only=511 fat_expert_runs=676883 direct_calls=0 scatter_calls=0 fat_layers=26915 fat_expert_slots=676898 max_rows=2048 fused_temps_allocs=1 fused_temps_bytes=14155776 fat_scratch_allocs=0 fat_scratch_bytes=0 fat_scratch_peak_bytes=0
(Worker_TP1 pid=1239) INFO 09-03 11:23:42 [exl3.py:451] exl3 fat-expert P0: layers=27468 fat_layers=26957 (98.1%) fat_expert_slots=678003 max_rows=2048 avg_max_rows=1407.8 hist_le128=511 hist_gt128=26957 hist=[0, 39, 89, 383, 200, 2278, 3183, 21296, 0]
(Worker_TP1 pid=1239) INFO 09-03 11:23:42 [exl3.py:464] exl3 e2 diag schema=1 configured_tier=legacy effective_tier=legacy tier_reason=none_requested shared_suh=1 shared_suh_layers=42/42 sym_exl3_moe=1 sym_fat_gemm=1 sym_fat_gemm_scatter=1 cap=12.1 cap_ok=1 tp_rank=1 tp_size=4 prefill_layer_calls=27468 thin_calls=511 row_tile_calls=0 fallback_calls=kernel=0,batched=0,sorted=0,legacy=26956 fallback_reasons=legacy_default=26956,thin_only=511 fat_expert_runs=677987 direct_calls=0 scatter_calls=0 fat_layers=26957 fat_expert_slots=678003 max_rows=2048 fused_temps_allocs=1 fused_temps_bytes=14155776 fat_scratch_allocs=0 fat_scratch_bytes=0 fat_scratch_peak_bytes=0
(Worker_TP1 pid=1239) INFO 09-03 11:23:44 [exl3.py:451] exl3 fat-expert P0: layers=27510 fat_layers=26999 (98.1%) fat_expert_slots=679084 max_rows=2048 avg_max_rows=1407.9 hist_le128=511 hist_gt128=26999 hist=[0, 39, 89, 383, 200, 2282, 3188, 21329, 0]
(Worker_TP1 pid=1239) INFO 09-03 11:23:44 [exl3.py:464] exl3 e2 diag schema=1 configured_tier=legacy effective_tier=legacy tier_reason=none_requested shared_suh=1 shared_suh_layers=42/42 sym_exl3_moe=1 sym_fat_gemm=1 sym_fat_gemm_scatter=1 cap=12.1 cap_ok=1 tp_rank=1 tp_size=4 prefill_layer_calls=27510 thin_calls=511 row_tile_calls=0 fallback_calls=kernel=0,batched=0,sorted=0,legacy=26998 fallback_reasons=legacy_default=26998,thin_only=511 fat_expert_runs=679067 direct_calls=0 scatter_calls=0 fat_layers=26999 fat_expert_slots=679084 max_rows=2048 fused_temps_allocs=1 fused_temps_bytes=14155776 fat_scratch_allocs=0 fat_scratch_bytes=0 fat_scratch_peak_bytes=0
(Worker_TP1 pid=1239) INFO 09-03 11:23:45 [exl3.py:451] exl3 fat-expert P0: layers=27552 fat_layers=27041 (98.1%) fat_expert_slots=680168 max_rows=2048 avg_max_rows=1407.9 hist_le128=511 hist_gt128=27041 hist=[0, 39, 89, 383, 200, 2286, 3192, 21363, 0]
(Worker_TP1 pid=1239) INFO 09-03 11:23:45 [exl3.py:464] exl3 e2 diag schema=1 configured_tier=legacy effective_tier=legacy tier_reason=none_requested shared_suh=1 shared_suh_layers=42/42 sym_exl3_moe=1 sym_fat_gemm=1 sym_fat_gemm_scatter=1 cap=12.1 cap_ok=1 tp_rank=1 tp_size=4 prefill_layer_calls=27552 thin_calls=511 row_tile_calls=0 fallback_calls=kernel=0,batched=0,sorted=0,legacy=27040 fallback_reasons=legacy_default=27040,thin_only=511 fat_expert_runs=680153 direct_calls=0 scatter_calls=0 fat_layers=27041 fat_expert_slots=680168 max_rows=2048 fused_temps_allocs=1 fused_temps_bytes=14155776 fat_scratch_allocs=0 fat_scratch_bytes=0 fat_scratch_peak_bytes=0
(Worker_TP1 pid=1239) INFO 09-03 11:23:47 [exl3.py:451] exl3 fat-expert P0: layers=27594 fat_layers=27083 (98.1%) fat_expert_slots=681253 max_rows=2048 avg_max_rows=1408.0 hist_le128=511 hist_gt128=27083 hist=[0, 39, 89, 383, 200, 2289, 3198, 21396, 0]
(Worker_TP1 pid=1239) INFO 09-03 11:23:47 [exl3.py:464] exl3 e2 diag schema=1 configured_tier=legacy effective_tier=legacy tier_reason=none_requested shared_suh=1 shared_suh_layers=42/42 sym_exl3_moe=1 sym_fat_gemm=1 sym_fat_gemm_scatter=1 cap=12.1 cap_ok=1 tp_rank=1 tp_size=4 prefill_layer_calls=27594 thin_calls=511 row_tile_calls=0 fallback_calls=kernel=0,batched=0,sorted=0,legacy=27082 fallback_reasons=legacy_default=27082,thin_only=511 fat_expert_runs=681238 direct_calls=0 scatter_calls=0 fat_layers=27083 fat_expert_slots=681253 max_rows=2048 fused_temps_allocs=1 fused_temps_bytes=14155776 fat_scratch_allocs=0 fat_scratch_bytes=0 fat_scratch_peak_bytes=0
(Worker_TP1 pid=1239) INFO 09-03 11:23:49 [exl3.py:451] exl3 fat-expert P0: layers=27636 fat_layers=27125 (98.2%) fat_expert_slots=682340 max_rows=2048 avg_max_rows=1408.0 hist_le128=511 hist_gt128=27125 hist=[0, 39, 89, 383, 200, 2293, 3203, 21429, 0]
(Worker_TP1 pid=1239) INFO 09-03 11:23:49 [exl3.py:464] exl3 e2 diag schema=1 configured_tier=legacy effective_tier=legacy tier_reason=none_requested shared_suh=1 shared_suh_layers=42/42 sym_exl3_moe=1 sym_fat_gemm=1 sym_fat_gemm_scatter=1 cap=12.1 cap_ok=1 tp_rank=1 tp_size=4 prefill_layer_calls=27636 thin_calls=511 row_tile_calls=0 fallback_calls=kernel=0,batched=0,sorted=0,legacy=27124 fallback_reasons=legacy_default=27124,thin_only=511 fat_expert_runs=682328 direct_calls=0 scatter_calls=0 fat_layers=27125 fat_expert_slots=682340 max_rows=2048 fused_temps_allocs=1 fused_temps_bytes=14155776 fat_scratch_allocs=0 fat_scratch_bytes=0 fat_scratch_peak_bytes=0
(Worker_TP1 pid=1239) INFO 09-03 11:23:51 [exl3.py:451] exl3 fat-expert P0: layers=27678 fat_layers=27167 (98.2%) fat_expert_slots=683422 max_rows=2048 avg_max_rows=1408.1 hist_le128=511 hist_gt128=27167 hist=[0, 39, 89, 383, 200, 2297, 3208, 21462, 0]
(Worker_TP1 pid=1239) INFO 09-03 11:23:51 [exl3.py:464] exl3 e2 diag schema=1 configured_tier=legacy effective_tier=legacy tier_reason=none_requested shared_suh=1 shared_suh_layers=42/42 sym_exl3_moe=1 sym_fat_gemm=1 sym_fat_gemm_scatter=1 cap=12.1 cap_ok=1 tp_rank=1 tp_size=4 prefill_layer_calls=27678 thin_calls=511 row_tile_calls=0 fallback_calls=kernel=0,batched=0,sorted=0,legacy=27166 fallback_reasons=legacy_default=27166,thin_only=511 fat_expert_runs=683410 direct_calls=0 scatter_calls=0 fat_layers=27167 fat_expert_slots=683422 max_rows=2048 fused_temps_allocs=1 fused_temps_bytes=14155776 fat_scratch_allocs=0 fat_scratch_bytes=0 fat_scratch_peak_bytes=0
(Worker_TP1 pid=1239) INFO 09-03 11:23:52 [exl3.py:451] exl3 fat-expert P0: layers=27720 fat_layers=27209 (98.2%) fat_expert_slots=684485 max_rows=2048 avg_max_rows=1408.2 hist_le128=511 hist_gt128=27209 hist=[0, 39, 89, 383, 200, 2301, 3213, 21495, 0]
(Worker_TP1 pid=1239) INFO 09-03 11:23:52 [exl3.py:464] exl3 e2 diag schema=1 configured_tier=legacy effective_tier=legacy tier_reason=none_requested shared_suh=1 shared_suh_layers=42/42 sym_exl3_moe=1 sym_fat_gemm=1 sym_fat_gemm_scatter=1 cap=12.1 cap_ok=1 tp_rank=1 tp_size=4 prefill_layer_calls=27720 thin_calls=511 row_tile_calls=0 fallback_calls=kernel=0,batched=0,sorted=0,legacy=27208 fallback_reasons=legacy_default=27208,thin_only=511 fat_expert_runs=684472 direct_calls=0 scatter_calls=0 fat_layers=27209 fat_expert_slots=684485 max_rows=2048 fused_temps_allocs=1 fused_temps_bytes=14155776 fat_scratch_allocs=0 fat_scratch_bytes=0 fat_scratch_peak_bytes=0
(Worker_TP1 pid=1239) INFO 09-03 11:23:54 [exl3.py:451] exl3 fat-expert P0: layers=27762 fat_layers=27251 (98.2%) fat_expert_slots=685560 max_rows=2048 avg_max_rows=1408.2 hist_le128=511 hist_gt128=27251 hist=[0, 39, 89, 383, 200, 2305, 3218, 21528, 0]
(Worker_TP1 pid=1239) INFO 09-03 11:23:54 [exl3.py:464] exl3 e2 diag schema=1 configured_tier=legacy effective_tier=legacy tier_reason=none_requested shared_suh=1 shared_suh_layers=42/42 sym_exl3_moe=1 sym_fat_gemm=1 sym_fat_gemm_scatter=1 cap=12.1 cap_ok=1 tp_rank=1 tp_size=4 prefill_layer_calls=27762 thin_calls=511 row_tile_calls=0 fallback_calls=kernel=0,batched=0,sorted=0,legacy=27250 fallback_reasons=legacy_default=27250,thin_only=511 fat_expert_runs=685548 direct_calls=0 scatter_calls=0 fat_layers=27251 fat_expert_slots=685560 max_rows=2048 fused_temps_allocs=1 fused_temps_bytes=14155776 fat_scratch_allocs=0 fat_scratch_bytes=0 fat_scratch_peak_bytes=0
(Worker_TP1 pid=1239) INFO 09-03 11:23:56 [exl3.py:451] exl3 fat-expert P0: layers=27804 fat_layers=27293 (98.2%) fat_expert_slots=686631 max_rows=2048 avg_max_rows=1408.3 hist_le128=511 hist_gt128=27293 hist=[0, 39, 89, 383, 200, 2310, 3222, 21561, 0]
(Worker_TP1 pid=1239) INFO 09-03 11:23:56 [exl3.py:464] exl3 e2 diag schema=1 configured_tier=legacy effective_tier=legacy tier_reason=none_requested shared_suh=1 shared_suh_layers=42/42 sym_exl3_moe=1 sym_fat_gemm=1 sym_fat_gemm_scatter=1 cap=12.1 cap_ok=1 tp_rank=1 tp_size=4 prefill_layer_calls=27804 thin_calls=511 row_tile_calls=0 fallback_calls=kernel=0,batched=0,sorted=0,legacy=27292 fallback_reasons=legacy_default=27292,thin_only=511 fat_expert_runs=686619 direct_calls=0 scatter_calls=0 fat_layers=27293 fat_expert_slots=686631 max_rows=2048 fused_temps_allocs=1 fused_temps_bytes=14155776 fat_scratch_allocs=0 fat_scratch_bytes=0 fat_scratch_peak_bytes=0
(Worker_TP1 pid=1239) INFO 09-03 11:23:58 [exl3.py:451] exl3 fat-expert P0: layers=27846 fat_layers=27335 (98.2%) fat_expert_slots=687719 max_rows=2048 avg_max_rows=1408.3 hist_le128=511 hist_gt128=27335 hist=[0, 39, 89, 383, 200, 2314, 3226, 21595, 0]
(Worker_TP1 pid=1239) INFO 09-03 11:23:58 [exl3.py:464] exl3 e2 diag schema=1 configured_tier=legacy effective_tier=legacy tier_reason=none_requested shared_suh=1 shared_suh_layers=42/42 sym_exl3_moe=1 sym_fat_gemm=1 sym_fat_gemm_scatter=1 cap=12.1 cap_ok=1 tp_rank=1 tp_size=4 prefill_layer_calls=27846 thin_calls=511 row_tile_calls=0 fallback_calls=kernel=0,batched=0,sorted=0,legacy=27334 fallback_reasons=legacy_default=27334,thin_only=511 fat_expert_runs=687707 direct_calls=0 scatter_calls=0 fat_layers=27335 fat_expert_slots=687719 max_rows=2048 fused_temps_allocs=1 fused_temps_bytes=14155776 fat_scratch_allocs=0 fat_scratch_bytes=0 fat_scratch_peak_bytes=0
(Worker_TP1 pid=1239) INFO 09-03 11:23:59 [exl3.py:451] exl3 fat-expert P0: layers=27888 fat_layers=27377 (98.2%) fat_expert_slots=688801 max_rows=2048 avg_max_rows=1408.4 hist_le128=511 hist_gt128=27377 hist=[0, 39, 89, 383, 200, 2317, 3231, 21629, 0]
(Worker_TP1 pid=1239) INFO 09-03 11:23:59 [exl3.py:464] exl3 e2 diag schema=1 configured_tier=legacy effective_tier=legacy tier_reason=none_requested shared_suh=1 shared_suh_layers=42/42 sym_exl3_moe=1 sym_fat_gemm=1 sym_fat_gemm_scatter=1 cap=12.1 cap_ok=1 tp_rank=1 tp_size=4 prefill_layer_calls=27888 thin_calls=511 row_tile_calls=0 fallback_calls=kernel=0,batched=0,sorted=0,legacy=27376 fallback_reasons=legacy_default=27376,thin_only=511 fat_expert_runs=688789 direct_calls=0 scatter_calls=0 fat_layers=27377 fat_expert_slots=688801 max_rows=2048 fused_temps_allocs=1 fused_temps_bytes=14155776 fat_scratch_allocs=0 fat_scratch_bytes=0 fat_scratch_peak_bytes=0
(Worker_TP1 pid=1239) INFO 09-03 11:24:01 [exl3.py:451] exl3 fat-expert P0: layers=27930 fat_layers=27419 (98.2%) fat_expert_slots=689874 max_rows=2048 avg_max_rows=1408.5 hist_le128=511 hist_gt128=27419 hist=[0, 39, 89, 383, 200, 2320, 3236, 21663, 0]
(Worker_TP1 pid=1239) INFO 09-03 11:24:01 [exl3.py:464] exl3 e2 diag schema=1 configured_tier=legacy effective_tier=legacy tier_reason=none_requested shared_suh=1 shared_suh_layers=42/42 sym_exl3_moe=1 sym_fat_gemm=1 sym_fat_gemm_scatter=1 cap=12.1 cap_ok=1 tp_rank=1 tp_size=4 prefill_layer_calls=27930 thin_calls=511 row_tile_calls=0 fallback_calls=kernel=0,batched=0,sorted=0,legacy=27418 fallback_reasons=legacy_default=27418,thin_only=511 fat_expert_runs=689861 direct_calls=0 scatter_calls=0 fat_layers=27419 fat_expert_slots=689874 max_rows=2048 fused_temps_allocs=1 fused_temps_bytes=14155776 fat_scratch_allocs=0 fat_scratch_bytes=0 fat_scratch_peak_bytes=0
(Worker_TP1 pid=1239) INFO 09-03 11:24:03 [exl3.py:451] exl3 fat-expert P0: layers=27972 fat_layers=27461 (98.2%) fat_expert_slots=690951 max_rows=2048 avg_max_rows=1408.5 hist_le128=511 hist_gt128=27461 hist=[0, 39, 89, 383, 200, 2323, 3242, 21696, 0]
(Worker_TP1 pid=1239) INFO 09-03 11:24:03 [exl3.py:464] exl3 e2 diag schema=1 configured_tier=legacy effective_tier=legacy tier_reason=none_requested shared_suh=1 shared_suh_layers=42/42 sym_exl3_moe=1 sym_fat_gemm=1 sym_fat_gemm_scatter=1 cap=12.1 cap_ok=1 tp_rank=1 tp_size=4 prefill_layer_calls=27972 thin_calls=511 row_tile_calls=0 fallback_calls=kernel=0,batched=0,sorted=0,legacy=27460 fallback_reasons=legacy_default=27460,thin_only=511 fat_expert_runs=690940 direct_calls=0 scatter_calls=0 fat_layers=27461 fat_expert_slots=690951 max_rows=2048 fused_temps_allocs=1 fused_temps_bytes=14155776 fat_scratch_allocs=0 fat_scratch_bytes=0 fat_scratch_peak_bytes=0
(Worker_TP1 pid=1239) INFO 09-03 11:24:04 [exl3.py:451] exl3 fat-expert P0: layers=28014 fat_layers=27503 (98.2%) fat_expert_slots=692055 max_rows=2048 avg_max_rows=1408.6 hist_le128=511 hist_gt128=27503 hist=[0, 39, 89, 383, 200, 2326, 3247, 21730, 0]
(Worker_TP1 pid=1239) INFO 09-03 11:24:04 [exl3.py:464] exl3 e2 diag schema=1 configured_tier=legacy effective_tier=legacy tier_reason=none_requested shared_suh=1 shared_suh_layers=42/42 sym_exl3_moe=1 sym_fat_gemm=1 sym_fat_gemm_scatter=1 cap=12.1 cap_ok=1 tp_rank=1 tp_size=4 prefill_layer_calls=28014 thin_calls=511 row_tile_calls=0 fallback_calls=kernel=0,batched=0,sorted=0,legacy=27502 fallback_reasons=legacy_default=27502,thin_only=511 fat_expert_runs=692044 direct_calls=0 scatter_calls=0 fat_layers=27503 fat_expert_slots=692055 max_rows=2048 fused_temps_allocs=1 fused_temps_bytes=14155776 fat_scratch_allocs=0 fat_scratch_bytes=0 fat_scratch_peak_bytes=0
(Worker_TP1 pid=1239) INFO 09-03 11:24:06 [exl3.py:451] exl3 fat-expert P0: layers=28056 fat_layers=27545 (98.2%) fat_expert_slots=693124 max_rows=2048 avg_max_rows=1408.6 hist_le128=511 hist_gt128=27545 hist=[0, 39, 89, 383, 200, 2329, 3253, 21763, 0]
(Worker_TP1 pid=1239) INFO 09-03 11:24:06 [exl3.py:464] exl3 e2 diag schema=1 configured_tier=legacy effective_tier=legacy tier_reason=none_requested shared_suh=1 shared_suh_layers=42/42 sym_exl3_moe=1 sym_fat_gemm=1 sym_fat_gemm_scatter=1 cap=12.1 cap_ok=1 tp_rank=1 tp_size=4 prefill_layer_calls=28056 thin_calls=511 row_tile_calls=0 fallback_calls=kernel=0,batched=0,sorted=0,legacy=27544 fallback_reasons=legacy_default=27544,thin_only=511 fat_expert_runs=693113 direct_calls=0 scatter_calls=0 fat_layers=27545 fat_expert_slots=693124 max_rows=2048 fused_temps_allocs=1 fused_temps_bytes=14155776 fat_scratch_allocs=0 fat_scratch_bytes=0 fat_scratch_peak_bytes=0
(Worker_TP1 pid=1239) INFO 09-03 11:24:08 [exl3.py:451] exl3 fat-expert P0: layers=28098 fat_layers=27587 (98.2%) fat_expert_slots=694215 max_rows=2048 avg_max_rows=1408.7 hist_le128=511 hist_gt128=27587 hist=[0, 39, 89, 383, 200, 2332, 3259, 21796, 0]
(Worker_TP1 pid=1239) INFO 09-03 11:24:08 [exl3.py:464] exl3 e2 diag schema=1 configured_tier=legacy effective_tier=legacy tier_reason=none_requested shared_suh=1 shared_suh_layers=42/42 sym_exl3_moe=1 sym_fat_gemm=1 sym_fat_gemm_scatter=1 cap=12.1 cap_ok=1 tp_rank=1 tp_size=4 prefill_layer_calls=28098 thin_calls=511 row_tile_calls=0 fallback_calls=kernel=0,batched=0,sorted=0,legacy=27586 fallback_reasons=legacy_default=27586,thin_only=511 fat_expert_runs=694204 direct_calls=0 scatter_calls=0 fat_layers=27587 fat_expert_slots=694215 max_rows=2048 fused_temps_allocs=1 fused_temps_bytes=14155776 fat_scratch_allocs=0 fat_scratch_bytes=0 fat_scratch_peak_bytes=0
(Worker_TP1 pid=1239) INFO 09-03 11:24:10 [exl3.py:451] exl3 fat-expert P0: layers=28140 fat_layers=27629 (98.2%) fat_expert_slots=695343 max_rows=2048 avg_max_rows=1408.6 hist_le128=511 hist_gt128=27629 hist=[0, 39, 89, 383, 200, 2336, 3264, 21829, 0]
(Worker_TP1 pid=1239) INFO 09-03 11:24:10 [exl3.py:464] exl3 e2 diag schema=1 configured_tier=legacy effective_tier=legacy tier_reason=none_requested shared_suh=1 shared_suh_layers=42/42 sym_exl3_moe=1 sym_fat_gemm=1 sym_fat_gemm_scatter=1 cap=12.1 cap_ok=1 tp_rank=1 tp_size=4 prefill_layer_calls=28140 thin_calls=511 row_tile_calls=0 fallback_calls=kernel=0,batched=0,sorted=0,legacy=27628 fallback_reasons=legacy_default=27628,thin_only=511 fat_expert_runs=695332 direct_calls=0 scatter_calls=0 fat_layers=27629 fat_expert_slots=695343 max_rows=2048 fused_temps_allocs=1 fused_temps_bytes=14155776 fat_scratch_allocs=0 fat_scratch_bytes=0 fat_scratch_peak_bytes=0
(Worker_TP1 pid=1239) INFO 09-03 11:24:11 [exl3.py:451] exl3 fat-expert P0: layers=28182 fat_layers=27671 (98.2%) fat_expert_slots=696454 max_rows=2048 avg_max_rows=1408.7 hist_le128=511 hist_gt128=27671 hist=[0, 39, 89, 383, 200, 2340, 3268, 21863, 0]
(Worker_TP1 pid=1239) INFO 09-03 11:24:11 [exl3.py:464] exl3 e2 diag schema=1 configured_tier=legacy effective_tier=legacy tier_reason=none_requested shared_suh=1 shared_suh_layers=42/42 sym_exl3_moe=1 sym_fat_gemm=1 sym_fat_gemm_scatter=1 cap=12.1 cap_ok=1 tp_rank=1 tp_size=4 prefill_layer_calls=28182 thin_calls=511 row_tile_calls=0 fallback_calls=kernel=0,batched=0,sorted=0,legacy=27670 fallback_reasons=legacy_default=27670,thin_only=511 fat_expert_runs=696444 direct_calls=0 scatter_calls=0 fat_layers=27671 fat_expert_slots=696454 max_rows=2048 fused_temps_allocs=1 fused_temps_bytes=14155776 fat_scratch_allocs=0 fat_scratch_bytes=0 fat_scratch_peak_bytes=0
(Worker_TP1 pid=1239) INFO 09-03 11:24:13 [exl3.py:451] exl3 fat-expert P0: layers=28224 fat_layers=27713 (98.2%) fat_expert_slots=697549 max_rows=2048 avg_max_rows=1408.7 hist_le128=511 hist_gt128=27713 hist=[0, 39, 89, 383, 200, 2344, 3273, 21896, 0]
(Worker_TP1 pid=1239) INFO 09-03 11:24:13 [exl3.py:464] exl3 e2 diag schema=1 configured_tier=legacy effective_tier=legacy tier_reason=none_requested shared_suh=1 shared_suh_layers=42/42 sym_exl3_moe=1 sym_fat_gemm=1 sym_fat_gemm_scatter=1 cap=12.1 cap_ok=1 tp_rank=1 tp_size=4 prefill_layer_calls=28224 thin_calls=511 row_tile_calls=0 fallback_calls=kernel=0,batched=0,sorted=0,legacy=27712 fallback_reasons=legacy_default=27712,thin_only=511 fat_expert_runs=697538 direct_calls=0 scatter_calls=0 fat_layers=27713 fat_expert_slots=697549 max_rows=2048 fused_temps_allocs=1 fused_temps_bytes=14155776 fat_scratch_allocs=0 fat_scratch_bytes=0 fat_scratch_peak_bytes=0
(Worker_TP1 pid=1239) INFO 09-03 11:24:15 [exl3.py:451] exl3 fat-expert P0: layers=28266 fat_layers=27755 (98.2%) fat_expert_slots=698644 max_rows=2048 avg_max_rows=1408.7 hist_le128=511 hist_gt128=27755 hist=[0, 39, 89, 383, 200, 2347, 3280, 21928, 0]
(Worker_TP1 pid=1239) INFO 09-03 11:24:15 [exl3.py:464] exl3 e2 diag schema=1 configured_tier=legacy effective_tier=legacy tier_reason=none_requested shared_suh=1 shared_suh_layers=42/42 sym_exl3_moe=1 sym_fat_gemm=1 sym_fat_gemm_scatter=1 cap=12.1 cap_ok=1 tp_rank=1 tp_size=4 prefill_layer_calls=28266 thin_calls=511 row_tile_calls=0 fallback_calls=kernel=0,batched=0,sorted=0,legacy=27754 fallback_reasons=legacy_default=27754,thin_only=511 fat_expert_runs=698633 direct_calls=0 scatter_calls=0 fat_layers=27755 fat_expert_slots=698644 max_rows=2048 fused_temps_allocs=1 fused_temps_bytes=14155776 fat_scratch_allocs=0 fat_scratch_bytes=0 fat_scratch_peak_bytes=0
(Worker_TP1 pid=1239) INFO 09-03 11:24:17 [exl3.py:451] exl3 fat-expert P0: layers=28308 fat_layers=27797 (98.2%) fat_expert_slots=699722 max_rows=2048 avg_max_rows=1408.8 hist_le128=511 hist_gt128=27797 hist=[0, 39, 89, 383, 200, 2351, 3284, 21962, 0]
(Worker_TP1 pid=1239) INFO 09-03 11:24:17 [exl3.py:464] exl3 e2 diag schema=1 configured_tier=legacy effective_tier=legacy tier_reason=none_requested shared_suh=1 shared_suh_layers=42/42 sym_exl3_moe=1 sym_fat_gemm=1 sym_fat_gemm_scatter=1 cap=12.1 cap_ok=1 tp_rank=1 tp_size=4 prefill_layer_calls=28308 thin_calls=511 row_tile_calls=0 fallback_calls=kernel=0,batched=0,sorted=0,legacy=27796 fallback_reasons=legacy_default=27796,thin_only=511 fat_expert_runs=699711 direct_calls=0 scatter_calls=0 fat_layers=27797 fat_expert_slots=699722 max_rows=2048 fused_temps_allocs=1 fused_temps_bytes=14155776 fat_scratch_allocs=0 fat_scratch_bytes=0 fat_scratch_peak_bytes=0
(Worker_TP1 pid=1239) INFO 09-03 11:24:18 [exl3.py:451] exl3 fat-expert P0: layers=28350 fat_layers=27839 (98.2%) fat_expert_slots=700816 max_rows=2048 avg_max_rows=1408.8 hist_le128=511 hist_gt128=27839 hist=[0, 39, 89, 383, 200, 2354, 3290, 21995, 0]
(Worker_TP1 pid=1239) INFO 09-03 11:24:18 [exl3.py:464] exl3 e2 diag schema=1 configured_tier=legacy effective_tier=legacy tier_reason=none_requested shared_suh=1 shared_suh_layers=42/42 sym_exl3_moe=1 sym_fat_gemm=1 sym_fat_gemm_scatter=1 cap=12.1 cap_ok=1 tp_rank=1 tp_size=4 prefill_layer_calls=28350 thin_calls=511 row_tile_calls=0 fallback_calls=kernel=0,batched=0,sorted=0,legacy=27838 fallback_reasons=legacy_default=27838,thin_only=511 fat_expert_runs=700805 direct_calls=0 scatter_calls=0 fat_layers=27839 fat_expert_slots=700816 max_rows=2048 fused_temps_allocs=1 fused_temps_bytes=14155776 fat_scratch_allocs=0 fat_scratch_bytes=0 fat_scratch_peak_bytes=0
(Worker_TP1 pid=1239) INFO 09-03 11:24:20 [exl3.py:451] exl3 fat-expert P0: layers=28392 fat_layers=27881 (98.2%) fat_expert_slots=701916 max_rows=2048 avg_max_rows=1408.8 hist_le128=511 hist_gt128=27881 hist=[0, 39, 89, 383, 200, 2358, 3294, 22029, 0]
(Worker_TP1 pid=1239) INFO 09-03 11:24:20 [exl3.py:464] exl3 e2 diag schema=1 configured_tier=legacy effective_tier=legacy tier_reason=none_requested shared_suh=1 shared_suh_layers=42/42 sym_exl3_moe=1 sym_fat_gemm=1 sym_fat_gemm_scatter=1 cap=12.1 cap_ok=1 tp_rank=1 tp_size=4 prefill_layer_calls=28392 thin_calls=511 row_tile_calls=0 fallback_calls=kernel=0,batched=0,sorted=0,legacy=27880 fallback_reasons=legacy_default=27880,thin_only=511 fat_expert_runs=701905 direct_calls=0 scatter_calls=0 fat_layers=27881 fat_expert_slots=701916 max_rows=2048 fused_temps_allocs=1 fused_temps_bytes=14155776 fat_scratch_allocs=0 fat_scratch_bytes=0 fat_scratch_peak_bytes=0
(Worker_TP1 pid=1239) INFO 09-03 11:24:22 [exl3.py:451] exl3 fat-expert P0: layers=28434 fat_layers=27923 (98.2%) fat_expert_slots=703024 max_rows=2048 avg_max_rows=1408.9 hist_le128=511 hist_gt128=27923 hist=[0, 39, 89, 383, 200, 2362, 3299, 22062, 0]
(Worker_TP1 pid=1239) INFO 09-03 11:24:22 [exl3.py:464] exl3 e2 diag schema=1 configured_tier=legacy effective_tier=legacy tier_reason=none_requested shared_suh=1 shared_suh_layers=42/42 sym_exl3_moe=1 sym_fat_gemm=1 sym_fat_gemm_scatter=1 cap=12.1 cap_ok=1 tp_rank=1 tp_size=4 prefill_layer_calls=28434 thin_calls=511 row_tile_calls=0 fallback_calls=kernel=0,batched=0,sorted=0,legacy=27922 fallback_reasons=legacy_default=27922,thin_only=511 fat_expert_runs=703014 direct_calls=0 scatter_calls=0 fat_layers=27923 fat_expert_slots=703024 max_rows=2048 fused_temps_allocs=1 fused_temps_bytes=14155776 fat_scratch_allocs=0 fat_scratch_bytes=0 fat_scratch_peak_bytes=0
(Worker_TP1 pid=1239) INFO 09-03 11:24:24 [exl3.py:451] exl3 fat-expert P0: layers=28476 fat_layers=27965 (98.2%) fat_expert_slots=704161 max_rows=2048 avg_max_rows=1408.9 hist_le128=511 hist_gt128=27965 hist=[0, 39, 89, 383, 200, 2365, 3304, 22096, 0]
(Worker_TP1 pid=1239) INFO 09-03 11:24:24 [exl3.py:464] exl3 e2 diag schema=1 configured_tier=legacy effective_tier=legacy tier_reason=none_requested shared_suh=1 shared_suh_layers=42/42 sym_exl3_moe=1 sym_fat_gemm=1 sym_fat_gemm_scatter=1 cap=12.1 cap_ok=1 tp_rank=1 tp_size=4 prefill_layer_calls=28476 thin_calls=511 row_tile_calls=0 fallback_calls=kernel=0,batched=0,sorted=0,legacy=27964 fallback_reasons=legacy_default=27964,thin_only=511 fat_expert_runs=704151 direct_calls=0 scatter_calls=0 fat_layers=27965 fat_expert_slots=704161 max_rows=2048 fused_temps_allocs=1 fused_temps_bytes=14155776 fat_scratch_allocs=0 fat_scratch_bytes=0 fat_scratch_peak_bytes=0
(Worker_TP1 pid=1239) INFO 09-03 11:24:25 [exl3.py:451] exl3 fat-expert P0: layers=28518 fat_layers=28007 (98.2%) fat_expert_slots=705294 max_rows=2048 avg_max_rows=1408.9 hist_le128=511 hist_gt128=28007 hist=[0, 39, 89, 383, 200, 2368, 3310, 22129, 0]
(Worker_TP1 pid=1239) INFO 09-03 11:24:25 [exl3.py:464] exl3 e2 diag schema=1 configured_tier=legacy effective_tier=legacy tier_reason=none_requested shared_suh=1 shared_suh_layers=42/42 sym_exl3_moe=1 sym_fat_gemm=1 sym_fat_gemm_scatter=1 cap=12.1 cap_ok=1 tp_rank=1 tp_size=4 prefill_layer_calls=28518 thin_calls=511 row_tile_calls=0 fallback_calls=kernel=0,batched=0,sorted=0,legacy=28006 fallback_reasons=legacy_default=28006,thin_only=511 fat_expert_runs=705283 direct_calls=0 scatter_calls=0 fat_layers=28007 fat_expert_slots=705294 max_rows=2048 fused_temps_allocs=1 fused_temps_bytes=14155776 fat_scratch_allocs=0 fat_scratch_bytes=0 fat_scratch_peak_bytes=0
(Worker_TP1 pid=1239) INFO 09-03 11:24:27 [exl3.py:451] exl3 fat-expert P0: layers=28560 fat_layers=28049 (98.2%) fat_expert_slots=706409 max_rows=2048 avg_max_rows=1408.9 hist_le128=511 hist_gt128=28049 hist=[0, 39, 89, 383, 200, 2371, 3317, 22161, 0]
(Worker_TP1 pid=1239) INFO 09-03 11:24:27 [exl3.py:464] exl3 e2 diag schema=1 configured_tier=legacy effective_tier=legacy tier_reason=none_requested shared_suh=1 shared_suh_layers=42/42 sym_exl3_moe=1 sym_fat_gemm=1 sym_fat_gemm_scatter=1 cap=12.1 cap_ok=1 tp_rank=1 tp_size=4 prefill_layer_calls=28560 thin_calls=511 row_tile_calls=0 fallback_calls=kernel=0,batched=0,sorted=0,legacy=28048 fallback_reasons=legacy_default=28048,thin_only=511 fat_expert_runs=706399 direct_calls=0 scatter_calls=0 fat_layers=28049 fat_expert_slots=706409 max_rows=2048 fused_temps_allocs=1 fused_temps_bytes=14155776 fat_scratch_allocs=0 fat_scratch_bytes=0 fat_scratch_peak_bytes=0
(Worker_TP1 pid=1239) INFO 09-03 11:24:29 [exl3.py:451] exl3 fat-expert P0: layers=28602 fat_layers=28091 (98.2%) fat_expert_slots=707513 max_rows=2048 avg_max_rows=1408.9 hist_le128=511 hist_gt128=28091 hist=[0, 39, 89, 383, 200, 2375, 3323, 22193, 0]
(Worker_TP1 pid=1239) INFO 09-03 11:24:29 [exl3.py:464] exl3 e2 diag schema=1 configured_tier=legacy effective_tier=legacy tier_reason=none_requested shared_suh=1 shared_suh_layers=42/42 sym_exl3_moe=1 sym_fat_gemm=1 sym_fat_gemm_scatter=1 cap=12.1 cap_ok=1 tp_rank=1 tp_size=4 prefill_layer_calls=28602 thin_calls=511 row_tile_calls=0 fallback_calls=kernel=0,batched=0,sorted=0,legacy=28090 fallback_reasons=legacy_default=28090,thin_only=511 fat_expert_runs=707502 direct_calls=0 scatter_calls=0 fat_layers=28091 fat_expert_slots=707513 max_rows=2048 fused_temps_allocs=1 fused_temps_bytes=14155776 fat_scratch_allocs=0 fat_scratch_bytes=0 fat_scratch_peak_bytes=0
(Worker_TP1 pid=1239) INFO 09-03 11:24:31 [exl3.py:451] exl3 fat-expert P0: layers=28644 fat_layers=28133 (98.2%) fat_expert_slots=708619 max_rows=2048 avg_max_rows=1408.9 hist_le128=511 hist_gt128=28133 hist=[0, 39, 89, 383, 200, 2379, 3328, 22226, 0]
(Worker_TP1 pid=1239) INFO 09-03 11:24:31 [exl3.py:464] exl3 e2 diag schema=1 configured_tier=legacy effective_tier=legacy tier_reason=none_requested shared_suh=1 shared_suh_layers=42/42 sym_exl3_moe=1 sym_fat_gemm=1 sym_fat_gemm_scatter=1 cap=12.1 cap_ok=1 tp_rank=1 tp_size=4 prefill_layer_calls=28644 thin_calls=511 row_tile_calls=0 fallback_calls=kernel=0,batched=0,sorted=0,legacy=28132 fallback_reasons=legacy_default=28132,thin_only=511 fat_expert_runs=708607 direct_calls=0 scatter_calls=0 fat_layers=28133 fat_expert_slots=708619 max_rows=2048 fused_temps_allocs=1 fused_temps_bytes=14155776 fat_scratch_allocs=0 fat_scratch_bytes=0 fat_scratch_peak_bytes=0
(Worker_TP1 pid=1239) INFO 09-03 11:24:32 [exl3.py:451] exl3 fat-expert P0: layers=28686 fat_layers=28175 (98.2%) fat_expert_slots=709522 max_rows=2048 avg_max_rows=1408.4 hist_le128=511 hist_gt128=28175 hist=[0, 39, 89, 383, 200, 2384, 3336, 22255, 0]
(Worker_TP1 pid=1239) INFO 09-03 11:24:32 [exl3.py:464] exl3 e2 diag schema=1 configured_tier=legacy effective_tier=legacy tier_reason=none_requested shared_suh=1 shared_suh_layers=42/42 sym_exl3_moe=1 sym_fat_gemm=1 sym_fat_gemm_scatter=1 cap=12.1 cap_ok=1 tp_rank=1 tp_size=4 prefill_layer_calls=28686 thin_calls=511 row_tile_calls=0 fallback_calls=kernel=0,batched=0,sorted=0,legacy=28174 fallback_reasons=legacy_default=28174,thin_only=511 fat_expert_runs=709511 direct_calls=0 scatter_calls=0 fat_layers=28175 fat_expert_slots=709522 max_rows=2048 fused_temps_allocs=1 fused_temps_bytes=14155776 fat_scratch_allocs=0 fat_scratch_bytes=0 fat_scratch_peak_bytes=0
(Worker_TP1 pid=1239) INFO 09-03 11:25:06 [exl3.py:451] exl3 fat-expert P0: layers=28728 fat_layers=28217 (98.2%) fat_expert_slots=710629 max_rows=2048 avg_max_rows=1408.4 hist_le128=511 hist_gt128=28217 hist=[0, 39, 89, 383, 200, 2387, 3341, 22289, 0]
(Worker_TP1 pid=1239) INFO 09-03 11:25:06 [exl3.py:464] exl3 e2 diag schema=1 configured_tier=legacy effective_tier=legacy tier_reason=none_requested shared_suh=1 shared_suh_layers=42/42 sym_exl3_moe=1 sym_fat_gemm=1 sym_fat_gemm_scatter=1 cap=12.1 cap_ok=1 tp_rank=1 tp_size=4 prefill_layer_calls=28728 thin_calls=511 row_tile_calls=0 fallback_calls=kernel=0,batched=0,sorted=0,legacy=28216 fallback_reasons=legacy_default=28216,thin_only=511 fat_expert_runs=710606 direct_calls=0 scatter_calls=0 fat_layers=28217 fat_expert_slots=710629 max_rows=2048 fused_temps_allocs=1 fused_temps_bytes=14155776 fat_scratch_allocs=0 fat_scratch_bytes=0 fat_scratch_peak_bytes=0
(Worker_TP1 pid=1239) INFO 09-03 11:25:08 [exl3.py:451] exl3 fat-expert P0: layers=28770 fat_layers=28259 (98.2%) fat_expert_slots=711672 max_rows=2048 avg_max_rows=1408.5 hist_le128=511 hist_gt128=28259 hist=[0, 39, 89, 383, 200, 2391, 3344, 22324, 0]
(Worker_TP1 pid=1239) INFO 09-03 11:25:08 [exl3.py:464] exl3 e2 diag schema=1 configured_tier=legacy effective_tier=legacy tier_reason=none_requested shared_suh=1 shared_suh_layers=42/42 sym_exl3_moe=1 sym_fat_gemm=1 sym_fat_gemm_scatter=1 cap=12.1 cap_ok=1 tp_rank=1 tp_size=4 prefill_layer_calls=28770 thin_calls=511 row_tile_calls=0 fallback_calls=kernel=0,batched=0,sorted=0,legacy=28258 fallback_reasons=legacy_default=28258,thin_only=511 fat_expert_runs=711651 direct_calls=0 scatter_calls=0 fat_layers=28259 fat_expert_slots=711672 max_rows=2048 fused_temps_allocs=1 fused_temps_bytes=14155776 fat_scratch_allocs=0 fat_scratch_bytes=0 fat_scratch_peak_bytes=0
(Worker_TP1 pid=1239) INFO 09-03 11:25:10 [exl3.py:451] exl3 fat-expert P0: layers=28812 fat_layers=28301 (98.2%) fat_expert_slots=712716 max_rows=2048 avg_max_rows=1408.6 hist_le128=511 hist_gt128=28301 hist=[0, 39, 89, 383, 200, 2395, 3347, 22359, 0]
(Worker_TP1 pid=1239) INFO 09-03 11:25:10 [exl3.py:464] exl3 e2 diag schema=1 configured_tier=legacy effective_tier=legacy tier_reason=none_requested shared_suh=1 shared_suh_layers=42/42 sym_exl3_moe=1 sym_fat_gemm=1 sym_fat_gemm_scatter=1 cap=12.1 cap_ok=1 tp_rank=1 tp_size=4 prefill_layer_calls=28812 thin_calls=511 row_tile_calls=0 fallback_calls=kernel=0,batched=0,sorted=0,legacy=28300 fallback_reasons=legacy_default=28300,thin_only=511 fat_expert_runs=712695 direct_calls=0 scatter_calls=0 fat_layers=28301 fat_expert_slots=712716 max_rows=2048 fused_temps_allocs=1 fused_temps_bytes=14155776 fat_scratch_allocs=0 fat_scratch_bytes=0 fat_scratch_peak_bytes=0
(Worker_TP1 pid=1239) INFO 09-03 11:25:12 [exl3.py:451] exl3 fat-expert P0: layers=28854 fat_layers=28343 (98.2%) fat_expert_slots=713772 max_rows=2048 avg_max_rows=1408.7 hist_le128=511 hist_gt128=28343 hist=[0, 39, 89, 383, 200, 2398, 3351, 22394, 0]
(Worker_TP1 pid=1239) INFO 09-03 11:25:12 [exl3.py:464] exl3 e2 diag schema=1 configured_tier=legacy effective_tier=legacy tier_reason=none_requested shared_suh=1 shared_suh_layers=42/42 sym_exl3_moe=1 sym_fat_gemm=1 sym_fat_gemm_scatter=1 cap=12.1 cap_ok=1 tp_rank=1 tp_size=4 prefill_layer_calls=28854 thin_calls=511 row_tile_calls=0 fallback_calls=kernel=0,batched=0,sorted=0,legacy=28342 fallback_reasons=legacy_default=28342,thin_only=511 fat_expert_runs=713752 direct_calls=0 scatter_calls=0 fat_layers=28343 fat_expert_slots=713772 max_rows=2048 fused_temps_allocs=1 fused_temps_bytes=14155776 fat_scratch_allocs=0 fat_scratch_bytes=0 fat_scratch_peak_bytes=0
(Worker_TP1 pid=1239) INFO 09-03 11:25:13 [exl3.py:451] exl3 fat-expert P0: layers=28896 fat_layers=28385 (98.2%) fat_expert_slots=714837 max_rows=2048 avg_max_rows=1408.8 hist_le128=511 hist_gt128=28385 hist=[0, 39, 89, 383, 200, 2401, 3355, 22429, 0]
(Worker_TP1 pid=1239) INFO 09-03 11:25:13 [exl3.py:464] exl3 e2 diag schema=1 configured_tier=legacy effective_tier=legacy tier_reason=none_requested shared_suh=1 shared_suh_layers=42/42 sym_exl3_moe=1 sym_fat_gemm=1 sym_fat_gemm_scatter=1 cap=12.1 cap_ok=1 tp_rank=1 tp_size=4 prefill_layer_calls=28896 thin_calls=511 row_tile_calls=0 fallback_calls=kernel=0,batched=0,sorted=0,legacy=28384 fallback_reasons=legacy_default=28384,thin_only=511 fat_expert_runs=714818 direct_calls=0 scatter_calls=0 fat_layers=28385 fat_expert_slots=714837 max_rows=2048 fused_temps_allocs=1 fused_temps_bytes=14155776 fat_scratch_allocs=0 fat_scratch_bytes=0 fat_scratch_peak_bytes=0
(Worker_TP1 pid=1239) INFO 09-03 11:25:15 [exl3.py:451] exl3 fat-expert P0: layers=28938 fat_layers=28427 (98.2%) fat_expert_slots=715915 max_rows=2048 avg_max_rows=1408.9 hist_le128=511 hist_gt128=28427 hist=[0, 39, 89, 383, 200, 2404, 3359, 22464, 0]
(Worker_TP1 pid=1239) INFO 09-03 11:25:15 [exl3.py:464] exl3 e2 diag schema=1 configured_tier=legacy effective_tier=legacy tier_reason=none_requested shared_suh=1 shared_suh_layers=42/42 sym_exl3_moe=1 sym_fat_gemm=1 sym_fat_gemm_scatter=1 cap=12.1 cap_ok=1 tp_rank=1 tp_size=4 prefill_layer_calls=28938 thin_calls=511 row_tile_calls=0 fallback_calls=kernel=0,batched=0,sorted=0,legacy=28426 fallback_reasons=legacy_default=28426,thin_only=511 fat_expert_runs=715896 direct_calls=0 scatter_calls=0 fat_layers=28427 fat_expert_slots=715915 max_rows=2048 fused_temps_allocs=1 fused_temps_bytes=14155776 fat_scratch_allocs=0 fat_scratch_bytes=0 fat_scratch_peak_bytes=0
(Worker_TP1 pid=1239) INFO 09-03 11:25:17 [exl3.py:451] exl3 fat-expert P0: layers=28980 fat_layers=28469 (98.2%) fat_expert_slots=716984 max_rows=2048 avg_max_rows=1408.9 hist_le128=511 hist_gt128=28469 hist=[0, 39, 89, 383, 200, 2407, 3364, 22498, 0]
(Worker_TP1 pid=1239) INFO 09-03 11:25:17 [exl3.py:464] exl3 e2 diag schema=1 configured_tier=legacy effective_tier=legacy tier_reason=none_requested shared_suh=1 shared_suh_layers=42/42 sym_exl3_moe=1 sym_fat_gemm=1 sym_fat_gemm_scatter=1 cap=12.1 cap_ok=1 tp_rank=1 tp_size=4 prefill_layer_calls=28980 thin_calls=511 row_tile_calls=0 fallback_calls=kernel=0,batched=0,sorted=0,legacy=28468 fallback_reasons=legacy_default=28468,thin_only=511 fat_expert_runs=716967 direct_calls=0 scatter_calls=0 fat_layers=28469 fat_expert_slots=716984 max_rows=2048 fused_temps_allocs=1 fused_temps_bytes=14155776 fat_scratch_allocs=0 fat_scratch_bytes=0 fat_scratch_peak_bytes=0
(Worker_TP1 pid=1239) INFO 09-03 11:25:18 [exl3.py:451] exl3 fat-expert P0: layers=29022 fat_layers=28511 (98.2%) fat_expert_slots=718042 max_rows=2048 avg_max_rows=1409.0 hist_le128=511 hist_gt128=28511 hist=[0, 39, 89, 383, 200, 2410, 3368, 22533, 0]
(Worker_TP1 pid=1239) INFO 09-03 11:25:18 [exl3.py:464] exl3 e2 diag schema=1 configured_tier=legacy effective_tier=legacy tier_reason=none_requested shared_suh=1 shared_suh_layers=42/42 sym_exl3_moe=1 sym_fat_gemm=1 sym_fat_gemm_scatter=1 cap=12.1 cap_ok=1 tp_rank=1 tp_size=4 prefill_layer_calls=29022 thin_calls=511 row_tile_calls=0 fallback_calls=kernel=0,batched=0,sorted=0,legacy=28510 fallback_reasons=legacy_default=28510,thin_only=511 fat_expert_runs=718021 direct_calls=0 scatter_calls=0 fat_layers=28511 fat_expert_slots=718042 max_rows=2048 fused_temps_allocs=1 fused_temps_bytes=14155776 fat_scratch_allocs=0 fat_scratch_bytes=0 fat_scratch_peak_bytes=0
(Worker_TP1 pid=1239) INFO 09-03 11:25:20 [exl3.py:451] exl3 fat-expert P0: layers=29064 fat_layers=28553 (98.2%) fat_expert_slots=719114 max_rows=2048 avg_max_rows=1409.1 hist_le128=511 hist_gt128=28553 hist=[0, 39, 89, 383, 200, 2413, 3373, 22567, 0]
(Worker_TP1 pid=1239) INFO 09-03 11:25:20 [exl3.py:464] exl3 e2 diag schema=1 configured_tier=legacy effective_tier=legacy tier_reason=none_requested shared_suh=1 shared_suh_layers=42/42 sym_exl3_moe=1 sym_fat_gemm=1 sym_fat_gemm_scatter=1 cap=12.1 cap_ok=1 tp_rank=1 tp_size=4 prefill_layer_calls=29064 thin_calls=511 row_tile_calls=0 fallback_calls=kernel=0,batched=0,sorted=0,legacy=28552 fallback_reasons=legacy_default=28552,thin_only=511 fat_expert_runs=719097 direct_calls=0 scatter_calls=0 fat_layers=28553 fat_expert_slots=719114 max_rows=2048 fused_temps_allocs=1 fused_temps_bytes=14155776 fat_scratch_allocs=0 fat_scratch_bytes=0 fat_scratch_peak_bytes=0
(Worker_TP1 pid=1239) INFO 09-03 11:25:22 [exl3.py:451] exl3 fat-expert P0: layers=29106 fat_layers=28595 (98.2%) fat_expert_slots=720174 max_rows=2048 avg_max_rows=1409.1 hist_le128=511 hist_gt128=28595 hist=[0, 39, 89, 383, 200, 2416, 3379, 22600, 0]
(Worker_TP1 pid=1239) INFO 09-03 11:25:22 [exl3.py:464] exl3 e2 diag schema=1 configured_tier=legacy effective_tier=legacy tier_reason=none_requested shared_suh=1 shared_suh_layers=42/42 sym_exl3_moe=1 sym_fat_gemm=1 sym_fat_gemm_scatter=1 cap=12.1 cap_ok=1 tp_rank=1 tp_size=4 prefill_layer_calls=29106 thin_calls=511 row_tile_calls=0 fallback_calls=kernel=0,batched=0,sorted=0,legacy=28594 fallback_reasons=legacy_default=28594,thin_only=511 fat_expert_runs=720158 direct_calls=0 scatter_calls=0 fat_layers=28595 fat_expert_slots=720174 max_rows=2048 fused_temps_allocs=1 fused_temps_bytes=14155776 fat_scratch_allocs=0 fat_scratch_bytes=0 fat_scratch_peak_bytes=0
(Worker_TP1 pid=1239) INFO 09-03 11:25:24 [exl3.py:451] exl3 fat-expert P0: layers=29148 fat_layers=28637 (98.2%) fat_expert_slots=721224 max_rows=2048 avg_max_rows=1409.2 hist_le128=511 hist_gt128=28637 hist=[0, 39, 89, 383, 200, 2419, 3386, 22632, 0]
(Worker_TP1 pid=1239) INFO 09-03 11:25:24 [exl3.py:464] exl3 e2 diag schema=1 configured_tier=legacy effective_tier=legacy tier_reason=none_requested shared_suh=1 shared_suh_layers=42/42 sym_exl3_moe=1 sym_fat_gemm=1 sym_fat_gemm_scatter=1 cap=12.1 cap_ok=1 tp_rank=1 tp_size=4 prefill_layer_calls=29148 thin_calls=511 row_tile_calls=0 fallback_calls=kernel=0,batched=0,sorted=0,legacy=28636 fallback_reasons=legacy_default=28636,thin_only=511 fat_expert_runs=721206 direct_calls=0 scatter_calls=0 fat_layers=28637 fat_expert_slots=721224 max_rows=2048 fused_temps_allocs=1 fused_temps_bytes=14155776 fat_scratch_allocs=0 fat_scratch_bytes=0 fat_scratch_peak_bytes=0
(Worker_TP1 pid=1239) INFO 09-03 11:25:25 [exl3.py:451] exl3 fat-expert P0: layers=29190 fat_layers=28679 (98.2%) fat_expert_slots=722279 max_rows=2048 avg_max_rows=1409.2 hist_le128=511 hist_gt128=28679 hist=[0, 39, 89, 383, 200, 2422, 3392, 22665, 0]
(Worker_TP1 pid=1239) INFO 09-03 11:25:25 [exl3.py:464] exl3 e2 diag schema=1 configured_tier=legacy effective_tier=legacy tier_reason=none_requested shared_suh=1 shared_suh_layers=42/42 sym_exl3_moe=1 sym_fat_gemm=1 sym_fat_gemm_scatter=1 cap=12.1 cap_ok=1 tp_rank=1 tp_size=4 prefill_layer_calls=29190 thin_calls=511 row_tile_calls=0 fallback_calls=kernel=0,batched=0,sorted=0,legacy=28678 fallback_reasons=legacy_default=28678,thin_only=511 fat_expert_runs=722259 direct_calls=0 scatter_calls=0 fat_layers=28679 fat_expert_slots=722279 max_rows=2048 fused_temps_allocs=1 fused_temps_bytes=14155776 fat_scratch_allocs=0 fat_scratch_bytes=0 fat_scratch_peak_bytes=0
(Worker_TP1 pid=1239) INFO 09-03 11:25:27 [exl3.py:451] exl3 fat-expert P0: layers=29232 fat_layers=28721 (98.3%) fat_expert_slots=723320 max_rows=2048 avg_max_rows=1409.3 hist_le128=511 hist_gt128=28721 hist=[0, 39, 89, 383, 200, 2425, 3399, 22697, 0]
(Worker_TP1 pid=1239) INFO 09-03 11:25:27 [exl3.py:464] exl3 e2 diag schema=1 configured_tier=legacy effective_tier=legacy tier_reason=none_requested shared_suh=1 shared_suh_layers=42/42 sym_exl3_moe=1 sym_fat_gemm=1 sym_fat_gemm_scatter=1 cap=12.1 cap_ok=1 tp_rank=1 tp_size=4 prefill_layer_calls=29232 thin_calls=511 row_tile_calls=0 fallback_calls=kernel=0,batched=0,sorted=0,legacy=28720 fallback_reasons=legacy_default=28720,thin_only=511 fat_expert_runs=723302 direct_calls=0 scatter_calls=0 fat_layers=28721 fat_expert_slots=723320 max_rows=2048 fused_temps_allocs=1 fused_temps_bytes=14155776 fat_scratch_allocs=0 fat_scratch_bytes=0 fat_scratch_peak_bytes=0
(Worker_TP1 pid=1239) INFO 09-03 11:25:29 [exl3.py:451] exl3 fat-expert P0: layers=29274 fat_layers=28763 (98.3%) fat_expert_slots=724374 max_rows=2048 avg_max_rows=1409.3 hist_le128=511 hist_gt128=28763 hist=[0, 39, 89, 383, 200, 2428, 3404, 22731, 0]
(Worker_TP1 pid=1239) INFO 09-03 11:25:29 [exl3.py:464] exl3 e2 diag schema=1 configured_tier=legacy effective_tier=legacy tier_reason=none_requested shared_suh=1 shared_suh_layers=42/42 sym_exl3_moe=1 sym_fat_gemm=1 sym_fat_gemm_scatter=1 cap=12.1 cap_ok=1 tp_rank=1 tp_size=4 prefill_layer_calls=29274 thin_calls=511 row_tile_calls=0 fallback_calls=kernel=0,batched=0,sorted=0,legacy=28762 fallback_reasons=legacy_default=28762,thin_only=511 fat_expert_runs=724359 direct_calls=0 scatter_calls=0 fat_layers=28763 fat_expert_slots=724374 max_rows=2048 fused_temps_allocs=1 fused_temps_bytes=14155776 fat_scratch_allocs=0 fat_scratch_bytes=0 fat_scratch_peak_bytes=0
(Worker_TP1 pid=1239) INFO 09-03 11:25:31 [exl3.py:451] exl3 fat-expert P0: layers=29316 fat_layers=28805 (98.3%) fat_expert_slots=725435 max_rows=2048 avg_max_rows=1409.4 hist_le128=511 hist_gt128=28805 hist=[0, 39, 89, 383, 200, 2431, 3410, 22764, 0]
(Worker_TP1 pid=1239) INFO 09-03 11:25:31 [exl3.py:464] exl3 e2 diag schema=1 configured_tier=legacy effective_tier=legacy tier_reason=none_requested shared_suh=1 shared_suh_layers=42/42 sym_exl3_moe=1 sym_fat_gemm=1 sym_fat_gemm_scatter=1 cap=12.1 cap_ok=1 tp_rank=1 tp_size=4 prefill_layer_calls=29316 thin_calls=511 row_tile_calls=0 fallback_calls=kernel=0,batched=0,sorted=0,legacy=28804 fallback_reasons=legacy_default=28804,thin_only=511 fat_expert_runs=725422 direct_calls=0 scatter_calls=0 fat_layers=28805 fat_expert_slots=725435 max_rows=2048 fused_temps_allocs=1 fused_temps_bytes=14155776 fat_scratch_allocs=0 fat_scratch_bytes=0 fat_scratch_peak_bytes=0
(Worker_TP1 pid=1239) INFO 09-03 11:25:32 [exl3.py:451] exl3 fat-expert P0: layers=29358 fat_layers=28847 (98.3%) fat_expert_slots=726482 max_rows=2048 avg_max_rows=1409.5 hist_le128=511 hist_gt128=28847 hist=[0, 39, 89, 383, 200, 2434, 3415, 22798, 0]
(Worker_TP1 pid=1239) INFO 09-03 11:25:32 [exl3.py:464] exl3 e2 diag schema=1 configured_tier=legacy effective_tier=legacy tier_reason=none_requested shared_suh=1 shared_suh_layers=42/42 sym_exl3_moe=1 sym_fat_gemm=1 sym_fat_gemm_scatter=1 cap=12.1 cap_ok=1 tp_rank=1 tp_size=4 prefill_layer_calls=29358 thin_calls=511 row_tile_calls=0 fallback_calls=kernel=0,batched=0,sorted=0,legacy=28846 fallback_reasons=legacy_default=28846,thin_only=511 fat_expert_runs=726470 direct_calls=0 scatter_calls=0 fat_layers=28847 fat_expert_slots=726482 max_rows=2048 fused_temps_allocs=1 fused_temps_bytes=14155776 fat_scratch_allocs=0 fat_scratch_bytes=0 fat_scratch_peak_bytes=0
(Worker_TP1 pid=1239) INFO 09-03 11:25:34 [exl3.py:451] exl3 fat-expert P0: layers=29400 fat_layers=28889 (98.3%) fat_expert_slots=727539 max_rows=2048 avg_max_rows=1409.5 hist_le128=511 hist_gt128=28889 hist=[0, 39, 89, 383, 200, 2437, 3422, 22830, 0]
(Worker_TP1 pid=1239) INFO 09-03 11:25:34 [exl3.py:464] exl3 e2 diag schema=1 configured_tier=legacy effective_tier=legacy tier_reason=none_requested shared_suh=1 shared_suh_layers=42/42 sym_exl3_moe=1 sym_fat_gemm=1 sym_fat_gemm_scatter=1 cap=12.1 cap_ok=1 tp_rank=1 tp_size=4 prefill_layer_calls=29400 thin_calls=511 row_tile_calls=0 fallback_calls=kernel=0,batched=0,sorted=0,legacy=28888 fallback_reasons=legacy_default=28888,thin_only=511 fat_expert_runs=727524 direct_calls=0 scatter_calls=0 fat_layers=28889 fat_expert_slots=727539 max_rows=2048 fused_temps_allocs=1 fused_temps_bytes=14155776 fat_scratch_allocs=0 fat_scratch_bytes=0 fat_scratch_peak_bytes=0
(Worker_TP1 pid=1239) INFO 09-03 11:25:36 [exl3.py:451] exl3 fat-expert P0: layers=29442 fat_layers=28931 (98.3%) fat_expert_slots=728591 max_rows=2048 avg_max_rows=1409.5 hist_le128=511 hist_gt128=28931 hist=[0, 39, 89, 383, 200, 2440, 3429, 22862, 0]
(Worker_TP1 pid=1239) INFO 09-03 11:25:36 [exl3.py:464] exl3 e2 diag schema=1 configured_tier=legacy effective_tier=legacy tier_reason=none_requested shared_suh=1 shared_suh_layers=42/42 sym_exl3_moe=1 sym_fat_gemm=1 sym_fat_gemm_scatter=1 cap=12.1 cap_ok=1 tp_rank=1 tp_size=4 prefill_layer_calls=29442 thin_calls=511 row_tile_calls=0 fallback_calls=kernel=0,batched=0,sorted=0,legacy=28930 fallback_reasons=legacy_default=28930,thin_only=511 fat_expert_runs=728577 direct_calls=0 scatter_calls=0 fat_layers=28931 fat_expert_slots=728591 max_rows=2048 fused_temps_allocs=1 fused_temps_bytes=14155776 fat_scratch_allocs=0 fat_scratch_bytes=0 fat_scratch_peak_bytes=0
(Worker_TP1 pid=1239) INFO 09-03 11:25:37 [exl3.py:451] exl3 fat-expert P0: layers=29484 fat_layers=28973 (98.3%) fat_expert_slots=729644 max_rows=2048 avg_max_rows=1409.6 hist_le128=511 hist_gt128=28973 hist=[0, 39, 89, 383, 200, 2443, 3436, 22894, 0]
(Worker_TP1 pid=1239) INFO 09-03 11:25:37 [exl3.py:464] exl3 e2 diag schema=1 configured_tier=legacy effective_tier=legacy tier_reason=none_requested shared_suh=1 shared_suh_layers=42/42 sym_exl3_moe=1 sym_fat_gemm=1 sym_fat_gemm_scatter=1 cap=12.1 cap_ok=1 tp_rank=1 tp_size=4 prefill_layer_calls=29484 thin_calls=511 row_tile_calls=0 fallback_calls=kernel=0,batched=0,sorted=0,legacy=28972 fallback_reasons=legacy_default=28972,thin_only=511 fat_expert_runs=729630 direct_calls=0 scatter_calls=0 fat_layers=28973 fat_expert_slots=729644 max_rows=2048 fused_temps_allocs=1 fused_temps_bytes=14155776 fat_scratch_allocs=0 fat_scratch_bytes=0 fat_scratch_peak_bytes=0
(Worker_TP1 pid=1239) INFO 09-03 11:25:39 [exl3.py:451] exl3 fat-expert P0: layers=29526 fat_layers=29015 (98.3%) fat_expert_slots=730711 max_rows=2048 avg_max_rows=1409.6 hist_le128=511 hist_gt128=29015 hist=[0, 39, 89, 383, 200, 2447, 3439, 22929, 0]
(Worker_TP1 pid=1239) INFO 09-03 11:25:39 [exl3.py:464] exl3 e2 diag schema=1 configured_tier=legacy effective_tier=legacy tier_reason=none_requested shared_suh=1 shared_suh_layers=42/42 sym_exl3_moe=1 sym_fat_gemm=1 sym_fat_gemm_scatter=1 cap=12.1 cap_ok=1 tp_rank=1 tp_size=4 prefill_layer_calls=29526 thin_calls=511 row_tile_calls=0 fallback_calls=kernel=0,batched=0,sorted=0,legacy=29014 fallback_reasons=legacy_default=29014,thin_only=511 fat_expert_runs=730696 direct_calls=0 scatter_calls=0 fat_layers=29015 fat_expert_slots=730711 max_rows=2048 fused_temps_allocs=1 fused_temps_bytes=14155776 fat_scratch_allocs=0 fat_scratch_bytes=0 fat_scratch_peak_bytes=0
(Worker_TP1 pid=1239) INFO 09-03 11:25:41 [exl3.py:451] exl3 fat-expert P0: layers=29568 fat_layers=29057 (98.3%) fat_expert_slots=731779 max_rows=2048 avg_max_rows=1409.7 hist_le128=511 hist_gt128=29057 hist=[0, 39, 89, 383, 200, 2452, 3441, 22964, 0]
(Worker_TP1 pid=1239) INFO 09-03 11:25:41 [exl3.py:464] exl3 e2 diag schema=1 configured_tier=legacy effective_tier=legacy tier_reason=none_requested shared_suh=1 shared_suh_layers=42/42 sym_exl3_moe=1 sym_fat_gemm=1 sym_fat_gemm_scatter=1 cap=12.1 cap_ok=1 tp_rank=1 tp_size=4 prefill_layer_calls=29568 thin_calls=511 row_tile_calls=0 fallback_calls=kernel=0,batched=0,sorted=0,legacy=29056 fallback_reasons=legacy_default=29056,thin_only=511 fat_expert_runs=731763 direct_calls=0 scatter_calls=0 fat_layers=29057 fat_expert_slots=731779 max_rows=2048 fused_temps_allocs=1 fused_temps_bytes=14155776 fat_scratch_allocs=0 fat_scratch_bytes=0 fat_scratch_peak_bytes=0
(Worker_TP1 pid=1239) INFO 09-03 11:25:43 [exl3.py:451] exl3 fat-expert P0: layers=29610 fat_layers=29099 (98.3%) fat_expert_slots=732841 max_rows=2048 avg_max_rows=1409.7 hist_le128=511 hist_gt128=29099 hist=[0, 39, 89, 383, 200, 2456, 3445, 22998, 0]
(Worker_TP1 pid=1239) INFO 09-03 11:25:43 [exl3.py:464] exl3 e2 diag schema=1 configured_tier=legacy effective_tier=legacy tier_reason=none_requested shared_suh=1 shared_suh_layers=42/42 sym_exl3_moe=1 sym_fat_gemm=1 sym_fat_gemm_scatter=1 cap=12.1 cap_ok=1 tp_rank=1 tp_size=4 prefill_layer_calls=29610 thin_calls=511 row_tile_calls=0 fallback_calls=kernel=0,batched=0,sorted=0,legacy=29098 fallback_reasons=legacy_default=29098,thin_only=511 fat_expert_runs=732826 direct_calls=0 scatter_calls=0 fat_layers=29099 fat_expert_slots=732841 max_rows=2048 fused_temps_allocs=1 fused_temps_bytes=14155776 fat_scratch_allocs=0 fat_scratch_bytes=0 fat_scratch_peak_bytes=0
(Worker_TP1 pid=1239) INFO 09-03 11:25:44 [exl3.py:451] exl3 fat-expert P0: layers=29652 fat_layers=29141 (98.3%) fat_expert_slots=733889 max_rows=2048 avg_max_rows=1409.8 hist_le128=511 hist_gt128=29141 hist=[0, 39, 89, 383, 200, 2461, 3449, 23031, 0]
(Worker_TP1 pid=1239) INFO 09-03 11:25:44 [exl3.py:464] exl3 e2 diag schema=1 configured_tier=legacy effective_tier=legacy tier_reason=none_requested shared_suh=1 shared_suh_layers=42/42 sym_exl3_moe=1 sym_fat_gemm=1 sym_fat_gemm_scatter=1 cap=12.1 cap_ok=1 tp_rank=1 tp_size=4 prefill_layer_calls=29652 thin_calls=511 row_tile_calls=0 fallback_calls=kernel=0,batched=0,sorted=0,legacy=29140 fallback_reasons=legacy_default=29140,thin_only=511 fat_expert_runs=733875 direct_calls=0 scatter_calls=0 fat_layers=29141 fat_expert_slots=733889 max_rows=2048 fused_temps_allocs=1 fused_temps_bytes=14155776 fat_scratch_allocs=0 fat_scratch_bytes=0 fat_scratch_peak_bytes=0
(Worker_TP1 pid=1239) INFO 09-03 11:25:46 [exl3.py:451] exl3 fat-expert P0: layers=29694 fat_layers=29183 (98.3%) fat_expert_slots=734947 max_rows=2048 avg_max_rows=1409.9 hist_le128=511 hist_gt128=29183 hist=[0, 39, 89, 383, 200, 2464, 3455, 23064, 0]
(Worker_TP1 pid=1239) INFO 09-03 11:25:46 [exl3.py:464] exl3 e2 diag schema=1 configured_tier=legacy effective_tier=legacy tier_reason=none_requested shared_suh=1 shared_suh_layers=42/42 sym_exl3_moe=1 sym_fat_gemm=1 sym_fat_gemm_scatter=1 cap=12.1 cap_ok=1 tp_rank=1 tp_size=4 prefill_layer_calls=29694 thin_calls=511 row_tile_calls=0 fallback_calls=kernel=0,batched=0,sorted=0,legacy=29182 fallback_reasons=legacy_default=29182,thin_only=511 fat_expert_runs=734934 direct_calls=0 scatter_calls=0 fat_layers=29183 fat_expert_slots=734947 max_rows=2048 fused_temps_allocs=1 fused_temps_bytes=14155776 fat_scratch_allocs=0 fat_scratch_bytes=0 fat_scratch_peak_bytes=0
(Worker_TP1 pid=1239) INFO 09-03 11:25:48 [exl3.py:451] exl3 fat-expert P0: layers=29736 fat_layers=29225 (98.3%) fat_expert_slots=736007 max_rows=2048 avg_max_rows=1410.0 hist_le128=511 hist_gt128=29225 hist=[0, 39, 89, 383, 200, 2467, 3460, 23098, 0]
(Worker_TP1 pid=1239) INFO 09-03 11:25:48 [exl3.py:464] exl3 e2 diag schema=1 configured_tier=legacy effective_tier=legacy tier_reason=none_requested shared_suh=1 shared_suh_layers=42/42 sym_exl3_moe=1 sym_fat_gemm=1 sym_fat_gemm_scatter=1 cap=12.1 cap_ok=1 tp_rank=1 tp_size=4 prefill_layer_calls=29736 thin_calls=511 row_tile_calls=0 fallback_calls=kernel=0,batched=0,sorted=0,legacy=29224 fallback_reasons=legacy_default=29224,thin_only=511 fat_expert_runs=735995 direct_calls=0 scatter_calls=0 fat_layers=29225 fat_expert_slots=736007 max_rows=2048 fused_temps_allocs=1 fused_temps_bytes=14155776 fat_scratch_allocs=0 fat_scratch_bytes=0 fat_scratch_peak_bytes=0
(Worker_TP1 pid=1239) INFO 09-03 11:25:49 [exl3.py:451] exl3 fat-expert P0: layers=29778 fat_layers=29267 (98.3%) fat_expert_slots=737077 max_rows=2048 avg_max_rows=1410.1 hist_le128=511 hist_gt128=29267 hist=[0, 39, 89, 383, 200, 2471, 3465, 23131, 0]
(Worker_TP1 pid=1239) INFO 09-03 11:25:49 [exl3.py:464] exl3 e2 diag schema=1 configured_tier=legacy effective_tier=legacy tier_reason=none_requested shared_suh=1 shared_suh_layers=42/42 sym_exl3_moe=1 sym_fat_gemm=1 sym_fat_gemm_scatter=1 cap=12.1 cap_ok=1 tp_rank=1 tp_size=4 prefill_layer_calls=29778 thin_calls=511 row_tile_calls=0 fallback_calls=kernel=0,batched=0,sorted=0,legacy=29266 fallback_reasons=legacy_default=29266,thin_only=511 fat_expert_runs=737066 direct_calls=0 scatter_calls=0 fat_layers=29267 fat_expert_slots=737077 max_rows=2048 fused_temps_allocs=1 fused_temps_bytes=14155776 fat_scratch_allocs=0 fat_scratch_bytes=0 fat_scratch_peak_bytes=0
(Worker_TP1 pid=1239) INFO 09-03 11:25:51 [exl3.py:451] exl3 fat-expert P0: layers=29820 fat_layers=29309 (98.3%) fat_expert_slots=738134 max_rows=2048 avg_max_rows=1410.1 hist_le128=511 hist_gt128=29309 hist=[0, 39, 89, 383, 200, 2475, 3469, 23165, 0]
(Worker_TP1 pid=1239) INFO 09-03 11:25:51 [exl3.py:464] exl3 e2 diag schema=1 configured_tier=legacy effective_tier=legacy tier_reason=none_requested shared_suh=1 shared_suh_layers=42/42 sym_exl3_moe=1 sym_fat_gemm=1 sym_fat_gemm_scatter=1 cap=12.1 cap_ok=1 tp_rank=1 tp_size=4 prefill_layer_calls=29820 thin_calls=511 row_tile_calls=0 fallback_calls=kernel=0,batched=0,sorted=0,legacy=29308 fallback_reasons=legacy_default=29308,thin_only=511 fat_expert_runs=738123 direct_calls=0 scatter_calls=0 fat_layers=29309 fat_expert_slots=738134 max_rows=2048 fused_temps_allocs=1 fused_temps_bytes=14155776 fat_scratch_allocs=0 fat_scratch_bytes=0 fat_scratch_peak_bytes=0
(Worker_TP1 pid=1239) INFO 09-03 11:25:53 [exl3.py:451] exl3 fat-expert P0: layers=29862 fat_layers=29351 (98.3%) fat_expert_slots=739214 max_rows=2048 avg_max_rows=1410.2 hist_le128=511 hist_gt128=29351 hist=[0, 39, 89, 383, 200, 2479, 3474, 23198, 0]
(Worker_TP1 pid=1239) INFO 09-03 11:25:53 [exl3.py:464] exl3 e2 diag schema=1 configured_tier=legacy effective_tier=legacy tier_reason=none_requested shared_suh=1 shared_suh_layers=42/42 sym_exl3_moe=1 sym_fat_gemm=1 sym_fat_gemm_scatter=1 cap=12.1 cap_ok=1 tp_rank=1 tp_size=4 prefill_layer_calls=29862 thin_calls=511 row_tile_calls=0 fallback_calls=kernel=0,batched=0,sorted=0,legacy=29350 fallback_reasons=legacy_default=29350,thin_only=511 fat_expert_runs=739203 direct_calls=0 scatter_calls=0 fat_layers=29351 fat_expert_slots=739214 max_rows=2048 fused_temps_allocs=1 fused_temps_bytes=14155776 fat_scratch_allocs=0 fat_scratch_bytes=0 fat_scratch_peak_bytes=0
(Worker_TP1 pid=1239) INFO 09-03 11:25:55 [exl3.py:451] exl3 fat-expert P0: layers=29904 fat_layers=29393 (98.3%) fat_expert_slots=740289 max_rows=2048 avg_max_rows=1410.2 hist_le128=511 hist_gt128=29393 hist=[0, 39, 89, 383, 200, 2484, 3478, 23231, 0]
(Worker_TP1 pid=1239) INFO 09-03 11:25:55 [exl3.py:464] exl3 e2 diag schema=1 configured_tier=legacy effective_tier=legacy tier_reason=none_requested shared_suh=1 shared_suh_layers=42/42 sym_exl3_moe=1 sym_fat_gemm=1 sym_fat_gemm_scatter=1 cap=12.1 cap_ok=1 tp_rank=1 tp_size=4 prefill_layer_calls=29904 thin_calls=511 row_tile_calls=0 fallback_calls=kernel=0,batched=0,sorted=0,legacy=29392 fallback_reasons=legacy_default=29392,thin_only=511 fat_expert_runs=740276 direct_calls=0 scatter_calls=0 fat_layers=29393 fat_expert_slots=740289 max_rows=2048 fused_temps_allocs=1 fused_temps_bytes=14155776 fat_scratch_allocs=0 fat_scratch_bytes=0 fat_scratch_peak_bytes=0
(Worker_TP1 pid=1239) INFO 09-03 11:25:57 [exl3.py:451] exl3 fat-expert P0: layers=29946 fat_layers=29435 (98.3%) fat_expert_slots=741374 max_rows=2048 avg_max_rows=1410.3 hist_le128=511 hist_gt128=29435 hist=[0, 39, 89, 383, 200, 2488, 3482, 23265, 0]
(Worker_TP1 pid=1239) INFO 09-03 11:25:57 [exl3.py:464] exl3 e2 diag schema=1 configured_tier=legacy effective_tier=legacy tier_reason=none_requested shared_suh=1 shared_suh_layers=42/42 sym_exl3_moe=1 sym_fat_gemm=1 sym_fat_gemm_scatter=1 cap=12.1 cap_ok=1 tp_rank=1 tp_size=4 prefill_layer_calls=29946 thin_calls=511 row_tile_calls=0 fallback_calls=kernel=0,batched=0,sorted=0,legacy=29434 fallback_reasons=legacy_default=29434,thin_only=511 fat_expert_runs=741362 direct_calls=0 scatter_calls=0 fat_layers=29435 fat_expert_slots=741374 max_rows=2048 fused_temps_allocs=1 fused_temps_bytes=14155776 fat_scratch_allocs=0 fat_scratch_bytes=0 fat_scratch_peak_bytes=0
(Worker_TP1 pid=1239) INFO 09-03 11:25:58 [exl3.py:451] exl3 fat-expert P0: layers=29988 fat_layers=29477 (98.3%) fat_expert_slots=742458 max_rows=2048 avg_max_rows=1410.4 hist_le128=511 hist_gt128=29477 hist=[0, 39, 89, 383, 200, 2491, 3488, 23298, 0]
(Worker_TP1 pid=1239) INFO 09-03 11:25:58 [exl3.py:464] exl3 e2 diag schema=1 configured_tier=legacy effective_tier=legacy tier_reason=none_requested shared_suh=1 shared_suh_layers=42/42 sym_exl3_moe=1 sym_fat_gemm=1 sym_fat_gemm_scatter=1 cap=12.1 cap_ok=1 tp_rank=1 tp_size=4 prefill_layer_calls=29988 thin_calls=511 row_tile_calls=0 fallback_calls=kernel=0,batched=0,sorted=0,legacy=29476 fallback_reasons=legacy_default=29476,thin_only=511 fat_expert_runs=742446 direct_calls=0 scatter_calls=0 fat_layers=29477 fat_expert_slots=742458 max_rows=2048 fused_temps_allocs=1 fused_temps_bytes=14155776 fat_scratch_allocs=0 fat_scratch_bytes=0 fat_scratch_peak_bytes=0
(Worker_TP1 pid=1239) INFO 09-03 11:26:00 [exl3.py:451] exl3 fat-expert P0: layers=30030 fat_layers=29519 (98.3%) fat_expert_slots=743549 max_rows=2048 avg_max_rows=1410.4 hist_le128=511 hist_gt128=29519 hist=[0, 39, 89, 383, 200, 2495, 3494, 23330, 0]
(Worker_TP1 pid=1239) INFO 09-03 11:26:00 [exl3.py:464] exl3 e2 diag schema=1 configured_tier=legacy effective_tier=legacy tier_reason=none_requested shared_suh=1 shared_suh_layers=42/42 sym_exl3_moe=1 sym_fat_gemm=1 sym_fat_gemm_scatter=1 cap=12.1 cap_ok=1 tp_rank=1 tp_size=4 prefill_layer_calls=30030 thin_calls=511 row_tile_calls=0 fallback_calls=kernel=0,batched=0,sorted=0,legacy=29518 fallback_reasons=legacy_default=29518,thin_only=511 fat_expert_runs=743538 direct_calls=0 scatter_calls=0 fat_layers=29519 fat_expert_slots=743549 max_rows=2048 fused_temps_allocs=1 fused_temps_bytes=14155776 fat_scratch_allocs=0 fat_scratch_bytes=0 fat_scratch_peak_bytes=0
(Worker_TP1 pid=1239) INFO 09-03 11:26:02 [exl3.py:451] exl3 fat-expert P0: layers=30072 fat_layers=29561 (98.3%) fat_expert_slots=744638 max_rows=2048 avg_max_rows=1410.4 hist_le128=511 hist_gt128=29561 hist=[0, 39, 89, 383, 200, 2498, 3499, 23364, 0]
(Worker_TP1 pid=1239) INFO 09-03 11:26:02 [exl3.py:464] exl3 e2 diag schema=1 configured_tier=legacy effective_tier=legacy tier_reason=none_requested shared_suh=1 shared_suh_layers=42/42 sym_exl3_moe=1 sym_fat_gemm=1 sym_fat_gemm_scatter=1 cap=12.1 cap_ok=1 tp_rank=1 tp_size=4 prefill_layer_calls=30072 thin_calls=511 row_tile_calls=0 fallback_calls=kernel=0,batched=0,sorted=0,legacy=29560 fallback_reasons=legacy_default=29560,thin_only=511 fat_expert_runs=744627 direct_calls=0 scatter_calls=0 fat_layers=29561 fat_expert_slots=744638 max_rows=2048 fused_temps_allocs=1 fused_temps_bytes=14155776 fat_scratch_allocs=0 fat_scratch_bytes=0 fat_scratch_peak_bytes=0
(Worker_TP1 pid=1239) INFO 09-03 11:26:03 [exl3.py:451] exl3 fat-expert P0: layers=30114 fat_layers=29603 (98.3%) fat_expert_slots=745735 max_rows=2048 avg_max_rows=1410.5 hist_le128=511 hist_gt128=29603 hist=[0, 39, 89, 383, 200, 2501, 3506, 23396, 0]
(Worker_TP1 pid=1239) INFO 09-03 11:26:03 [exl3.py:464] exl3 e2 diag schema=1 configured_tier=legacy effective_tier=legacy tier_reason=none_requested shared_suh=1 shared_suh_layers=42/42 sym_exl3_moe=1 sym_fat_gemm=1 sym_fat_gemm_scatter=1 cap=12.1 cap_ok=1 tp_rank=1 tp_size=4 prefill_layer_calls=30114 thin_calls=511 row_tile_calls=0 fallback_calls=kernel=0,batched=0,sorted=0,legacy=29602 fallback_reasons=legacy_default=29602,thin_only=511 fat_expert_runs=745723 direct_calls=0 scatter_calls=0 fat_layers=29603 fat_expert_slots=745735 max_rows=2048 fused_temps_allocs=1 fused_temps_bytes=14155776 fat_scratch_allocs=0 fat_scratch_bytes=0 fat_scratch_peak_bytes=0
(Worker_TP1 pid=1239) INFO 09-03 11:26:05 [exl3.py:451] exl3 fat-expert P0: layers=30156 fat_layers=29645 (98.3%) fat_expert_slots=746824 max_rows=2048 avg_max_rows=1410.5 hist_le128=511 hist_gt128=29645 hist=[0, 39, 89, 383, 200, 2504, 3512, 23429, 0]
(Worker_TP1 pid=1239) INFO 09-03 11:26:05 [exl3.py:464] exl3 e2 diag schema=1 configured_tier=legacy effective_tier=legacy tier_reason=none_requested shared_suh=1 shared_suh_layers=42/42 sym_exl3_moe=1 sym_fat_gemm=1 sym_fat_gemm_scatter=1 cap=12.1 cap_ok=1 tp_rank=1 tp_size=4 prefill_layer_calls=30156 thin_calls=511 row_tile_calls=0 fallback_calls=kernel=0,batched=0,sorted=0,legacy=29644 fallback_reasons=legacy_default=29644,thin_only=511 fat_expert_runs=746813 direct_calls=0 scatter_calls=0 fat_layers=29645 fat_expert_slots=746824 max_rows=2048 fused_temps_allocs=1 fused_temps_bytes=14155776 fat_scratch_allocs=0 fat_scratch_bytes=0 fat_scratch_peak_bytes=0
(Worker_TP1 pid=1239) INFO 09-03 11:26:07 [exl3.py:451] exl3 fat-expert P0: layers=30198 fat_layers=29687 (98.3%) fat_expert_slots=747914 max_rows=2048 avg_max_rows=1410.5 hist_le128=511 hist_gt128=29687 hist=[0, 39, 89, 383, 200, 2507, 3518, 23462, 0]
(Worker_TP1 pid=1239) INFO 09-03 11:26:07 [exl3.py:464] exl3 e2 diag schema=1 configured_tier=legacy effective_tier=legacy tier_reason=none_requested shared_suh=1 shared_suh_layers=42/42 sym_exl3_moe=1 sym_fat_gemm=1 sym_fat_gemm_scatter=1 cap=12.1 cap_ok=1 tp_rank=1 tp_size=4 prefill_layer_calls=30198 thin_calls=511 row_tile_calls=0 fallback_calls=kernel=0,batched=0,sorted=0,legacy=29686 fallback_reasons=legacy_default=29686,thin_only=511 fat_expert_runs=747903 direct_calls=0 scatter_calls=0 fat_layers=29687 fat_expert_slots=747914 max_rows=2048 fused_temps_allocs=1 fused_temps_bytes=14155776 fat_scratch_allocs=0 fat_scratch_bytes=0 fat_scratch_peak_bytes=0
(Worker_TP1 pid=1239) INFO 09-03 11:26:09 [exl3.py:451] exl3 fat-expert P0: layers=30240 fat_layers=29729 (98.3%) fat_expert_slots=749017 max_rows=2048 avg_max_rows=1410.5 hist_le128=511 hist_gt128=29729 hist=[0, 39, 89, 383, 200, 2511, 3522, 23496, 0]
(Worker_TP1 pid=1239) INFO 09-03 11:26:09 [exl3.py:464] exl3 e2 diag schema=1 configured_tier=legacy effective_tier=legacy tier_reason=none_requested shared_suh=1 shared_suh_layers=42/42 sym_exl3_moe=1 sym_fat_gemm=1 sym_fat_gemm_scatter=1 cap=12.1 cap_ok=1 tp_rank=1 tp_size=4 prefill_layer_calls=30240 thin_calls=511 row_tile_calls=0 fallback_calls=kernel=0,batched=0,sorted=0,legacy=29728 fallback_reasons=legacy_default=29728,thin_only=511 fat_expert_runs=749007 direct_calls=0 scatter_calls=0 fat_layers=29729 fat_expert_slots=749017 max_rows=2048 fused_temps_allocs=1 fused_temps_bytes=14155776 fat_scratch_allocs=0 fat_scratch_bytes=0 fat_scratch_peak_bytes=0
(Worker_TP1 pid=1239) INFO 09-03 11:26:10 [exl3.py:451] exl3 fat-expert P0: layers=30282 fat_layers=29771 (98.3%) fat_expert_slots=750107 max_rows=2048 avg_max_rows=1410.6 hist_le128=511 hist_gt128=29771 hist=[0, 39, 89, 383, 200, 2514, 3529, 23528, 0]
(Worker_TP1 pid=1239) INFO 09-03 11:26:10 [exl3.py:464] exl3 e2 diag schema=1 configured_tier=legacy effective_tier=legacy tier_reason=none_requested shared_suh=1 shared_suh_layers=42/42 sym_exl3_moe=1 sym_fat_gemm=1 sym_fat_gemm_scatter=1 cap=12.1 cap_ok=1 tp_rank=1 tp_size=4 prefill_layer_calls=30282 thin_calls=511 row_tile_calls=0 fallback_calls=kernel=0,batched=0,sorted=0,legacy=29770 fallback_reasons=legacy_default=29770,thin_only=511 fat_expert_runs=750096 direct_calls=0 scatter_calls=0 fat_layers=29771 fat_expert_slots=750107 max_rows=2048 fused_temps_allocs=1 fused_temps_bytes=14155776 fat_scratch_allocs=0 fat_scratch_bytes=0 fat_scratch_peak_bytes=0
(Worker_TP1 pid=1239) INFO 09-03 11:26:12 [exl3.py:451] exl3 fat-expert P0: layers=30324 fat_layers=29813 (98.3%) fat_expert_slots=751195 max_rows=2048 avg_max_rows=1410.6 hist_le128=511 hist_gt128=29813 hist=[0, 39, 89, 383, 200, 2517, 3536, 23560, 0]
(Worker_TP1 pid=1239) INFO 09-03 11:26:12 [exl3.py:464] exl3 e2 diag schema=1 configured_tier=legacy effective_tier=legacy tier_reason=none_requested shared_suh=1 shared_suh_layers=42/42 sym_exl3_moe=1 sym_fat_gemm=1 sym_fat_gemm_scatter=1 cap=12.1 cap_ok=1 tp_rank=1 tp_size=4 prefill_layer_calls=30324 thin_calls=511 row_tile_calls=0 fallback_calls=kernel=0,batched=0,sorted=0,legacy=29812 fallback_reasons=legacy_default=29812,thin_only=511 fat_expert_runs=751184 direct_calls=0 scatter_calls=0 fat_layers=29813 fat_expert_slots=751195 max_rows=2048 fused_temps_allocs=1 fused_temps_bytes=14155776 fat_scratch_allocs=0 fat_scratch_bytes=0 fat_scratch_peak_bytes=0
(Worker_TP1 pid=1239) INFO 09-03 11:26:14 [exl3.py:451] exl3 fat-expert P0: layers=30366 fat_layers=29855 (98.3%) fat_expert_slots=752292 max_rows=2048 avg_max_rows=1410.6 hist_le128=511 hist_gt128=29855 hist=[0, 39, 89, 383, 200, 2520, 3543, 23592, 0]
(Worker_TP1 pid=1239) INFO 09-03 11:26:14 [exl3.py:464] exl3 e2 diag schema=1 configured_tier=legacy effective_tier=legacy tier_reason=none_requested shared_suh=1 shared_suh_layers=42/42 sym_exl3_moe=1 sym_fat_gemm=1 sym_fat_gemm_scatter=1 cap=12.1 cap_ok=1 tp_rank=1 tp_size=4 prefill_layer_calls=30366 thin_calls=511 row_tile_calls=0 fallback_calls=kernel=0,batched=0,sorted=0,legacy=29854 fallback_reasons=legacy_default=29854,thin_only=511 fat_expert_runs=752280 direct_calls=0 scatter_calls=0 fat_layers=29855 fat_expert_slots=752292 max_rows=2048 fused_temps_allocs=1 fused_temps_bytes=14155776 fat_scratch_allocs=0 fat_scratch_bytes=0 fat_scratch_peak_bytes=0
(Worker_TP1 pid=1239) INFO 09-03 11:26:16 [exl3.py:451] exl3 fat-expert P0: layers=30408 fat_layers=29897 (98.3%) fat_expert_slots=753382 max_rows=2048 avg_max_rows=1410.7 hist_le128=511 hist_gt128=29897 hist=[0, 39, 89, 383, 200, 2524, 3548, 23625, 0]
(Worker_TP1 pid=1239) INFO 09-03 11:26:16 [exl3.py:464] exl3 e2 diag schema=1 configured_tier=legacy effective_tier=legacy tier_reason=none_requested shared_suh=1 shared_suh_layers=42/42 sym_exl3_moe=1 sym_fat_gemm=1 sym_fat_gemm_scatter=1 cap=12.1 cap_ok=1 tp_rank=1 tp_size=4 prefill_layer_calls=30408 thin_calls=511 row_tile_calls=0 fallback_calls=kernel=0,batched=0,sorted=0,legacy=29896 fallback_reasons=legacy_default=29896,thin_only=511 fat_expert_runs=753370 direct_calls=0 scatter_calls=0 fat_layers=29897 fat_expert_slots=753382 max_rows=2048 fused_temps_allocs=1 fused_temps_bytes=14155776 fat_scratch_allocs=0 fat_scratch_bytes=0 fat_scratch_peak_bytes=0
(Worker_TP1 pid=1239) INFO 09-03 11:26:17 [exl3.py:451] exl3 fat-expert P0: layers=30450 fat_layers=29939 (98.3%) fat_expert_slots=754485 max_rows=2048 avg_max_rows=1410.7 hist_le128=511 hist_gt128=29939 hist=[0, 39, 89, 383, 200, 2527, 3554, 23658, 0]
(Worker_TP1 pid=1239) INFO 09-03 11:26:17 [exl3.py:464] exl3 e2 diag schema=1 configured_tier=legacy effective_tier=legacy tier_reason=none_requested shared_suh=1 shared_suh_layers=42/42 sym_exl3_moe=1 sym_fat_gemm=1 sym_fat_gemm_scatter=1 cap=12.1 cap_ok=1 tp_rank=1 tp_size=4 prefill_layer_calls=30450 thin_calls=511 row_tile_calls=0 fallback_calls=kernel=0,batched=0,sorted=0,legacy=29938 fallback_reasons=legacy_default=29938,thin_only=511 fat_expert_runs=754474 direct_calls=0 scatter_calls=0 fat_layers=29939 fat_expert_slots=754485 max_rows=2048 fused_temps_allocs=1 fused_temps_bytes=14155776 fat_scratch_allocs=0 fat_scratch_bytes=0 fat_scratch_peak_bytes=0
(Worker_TP1 pid=1239) INFO 09-03 11:26:19 [exl3.py:451] exl3 fat-expert P0: layers=30492 fat_layers=29981 (98.3%) fat_expert_slots=755588 max_rows=2048 avg_max_rows=1410.7 hist_le128=511 hist_gt128=29981 hist=[0, 39, 89, 383, 200, 2531, 3558, 23692, 0]
(Worker_TP1 pid=1239) INFO 09-03 11:26:19 [exl3.py:464] exl3 e2 diag schema=1 configured_tier=legacy effective_tier=legacy tier_reason=none_requested shared_suh=1 shared_suh_layers=42/42 sym_exl3_moe=1 sym_fat_gemm=1 sym_fat_gemm_scatter=1 cap=12.1 cap_ok=1 tp_rank=1 tp_size=4 prefill_layer_calls=30492 thin_calls=511 row_tile_calls=0 fallback_calls=kernel=0,batched=0,sorted=0,legacy=29980 fallback_reasons=legacy_default=29980,thin_only=511 fat_expert_runs=755577 direct_calls=0 scatter_calls=0 fat_layers=29981 fat_expert_slots=755588 max_rows=2048 fused_temps_allocs=1 fused_temps_bytes=14155776 fat_scratch_allocs=0 fat_scratch_bytes=0 fat_scratch_peak_bytes=0
(Worker_TP1 pid=1239) INFO 09-03 11:26:21 [exl3.py:451] exl3 fat-expert P0: layers=30534 fat_layers=30023 (98.3%) fat_expert_slots=756689 max_rows=2048 avg_max_rows=1410.7 hist_le128=511 hist_gt128=30023 hist=[0, 39, 89, 383, 200, 2534, 3564, 23725, 0]
(Worker_TP1 pid=1239) INFO 09-03 11:26:21 [exl3.py:464] exl3 e2 diag schema=1 configured_tier=legacy effective_tier=legacy tier_reason=none_requested shared_suh=1 shared_suh_layers=42/42 sym_exl3_moe=1 sym_fat_gemm=1 sym_fat_gemm_scatter=1 cap=12.1 cap_ok=1 tp_rank=1 tp_size=4 prefill_layer_calls=30534 thin_calls=511 row_tile_calls=0 fallback_calls=kernel=0,batched=0,sorted=0,legacy=30022 fallback_reasons=legacy_default=30022,thin_only=511 fat_expert_runs=756678 direct_calls=0 scatter_calls=0 fat_layers=30023 fat_expert_slots=756689 max_rows=2048 fused_temps_allocs=1 fused_temps_bytes=14155776 fat_scratch_allocs=0 fat_scratch_bytes=0 fat_scratch_peak_bytes=0
(Worker_TP1 pid=1239) INFO 09-03 11:26:23 [exl3.py:451] exl3 fat-expert P0: layers=30576 fat_layers=30065 (98.3%) fat_expert_slots=757818 max_rows=2048 avg_max_rows=1410.7 hist_le128=511 hist_gt128=30065 hist=[0, 39, 89, 383, 200, 2538, 3570, 23757, 0]
(Worker_TP1 pid=1239) INFO 09-03 11:26:23 [exl3.py:464] exl3 e2 diag schema=1 configured_tier=legacy effective_tier=legacy tier_reason=none_requested shared_suh=1 shared_suh_layers=42/42 sym_exl3_moe=1 sym_fat_gemm=1 sym_fat_gemm_scatter=1 cap=12.1 cap_ok=1 tp_rank=1 tp_size=4 prefill_layer_calls=30576 thin_calls=511 row_tile_calls=0 fallback_calls=kernel=0,batched=0,sorted=0,legacy=30064 fallback_reasons=legacy_default=30064,thin_only=511 fat_expert_runs=757807 direct_calls=0 scatter_calls=0 fat_layers=30065 fat_expert_slots=757818 max_rows=2048 fused_temps_allocs=1 fused_temps_bytes=14155776 fat_scratch_allocs=0 fat_scratch_bytes=0 fat_scratch_peak_bytes=0
(Worker_TP1 pid=1239) INFO 09-03 11:26:24 [exl3.py:451] exl3 fat-expert P0: layers=30618 fat_layers=30107 (98.3%) fat_expert_slots=758928 max_rows=2048 avg_max_rows=1410.7 hist_le128=511 hist_gt128=30107 hist=[0, 39, 89, 383, 200, 2542, 3576, 23789, 0]
(Worker_TP1 pid=1239) INFO 09-03 11:26:24 [exl3.py:464] exl3 e2 diag schema=1 configured_tier=legacy effective_tier=legacy tier_reason=none_requested shared_suh=1 shared_suh_layers=42/42 sym_exl3_moe=1 sym_fat_gemm=1 sym_fat_gemm_scatter=1 cap=12.1 cap_ok=1 tp_rank=1 tp_size=4 prefill_layer_calls=30618 thin_calls=511 row_tile_calls=0 fallback_calls=kernel=0,batched=0,sorted=0,legacy=30106 fallback_reasons=legacy_default=30106,thin_only=511 fat_expert_runs=758917 direct_calls=0 scatter_calls=0 fat_layers=30107 fat_expert_slots=758928 max_rows=2048 fused_temps_allocs=1 fused_temps_bytes=14155776 fat_scratch_allocs=0 fat_scratch_bytes=0 fat_scratch_peak_bytes=0
(Worker_TP1 pid=1239) INFO 09-03 11:26:26 [exl3.py:451] exl3 fat-expert P0: layers=30660 fat_layers=30149 (98.3%) fat_expert_slots=760031 max_rows=2048 avg_max_rows=1410.7 hist_le128=511 hist_gt128=30149 hist=[0, 39, 89, 383, 200, 2546, 3581, 23822, 0]
(Worker_TP1 pid=1239) INFO 09-03 11:26:26 [exl3.py:464] exl3 e2 diag schema=1 configured_tier=legacy effective_tier=legacy tier_reason=none_requested shared_suh=1 shared_suh_layers=42/42 sym_exl3_moe=1 sym_fat_gemm=1 sym_fat_gemm_scatter=1 cap=12.1 cap_ok=1 tp_rank=1 tp_size=4 prefill_layer_calls=30660 thin_calls=511 row_tile_calls=0 fallback_calls=kernel=0,batched=0,sorted=0,legacy=30148 fallback_reasons=legacy_default=30148,thin_only=511 fat_expert_runs=760019 direct_calls=0 scatter_calls=0 fat_layers=30149 fat_expert_slots=760031 max_rows=2048 fused_temps_allocs=1 fused_temps_bytes=14155776 fat_scratch_allocs=0 fat_scratch_bytes=0 fat_scratch_peak_bytes=0
(Worker_TP1 pid=1239) INFO 09-03 11:26:28 [exl3.py:451] exl3 fat-expert P0: layers=30702 fat_layers=30191 (98.3%) fat_expert_slots=761143 max_rows=2048 avg_max_rows=1410.7 hist_le128=511 hist_gt128=30191 hist=[0, 39, 89, 383, 200, 2549, 3587, 23855, 0]
(Worker_TP1 pid=1239) INFO 09-03 11:26:28 [exl3.py:464] exl3 e2 diag schema=1 configured_tier=legacy effective_tier=legacy tier_reason=none_requested shared_suh=1 shared_suh_layers=42/42 sym_exl3_moe=1 sym_fat_gemm=1 sym_fat_gemm_scatter=1 cap=12.1 cap_ok=1 tp_rank=1 tp_size=4 prefill_layer_calls=30702 thin_calls=511 row_tile_calls=0 fallback_calls=kernel=0,batched=0,sorted=0,legacy=30190 fallback_reasons=legacy_default=30190,thin_only=511 fat_expert_runs=761131 direct_calls=0 scatter_calls=0 fat_layers=30191 fat_expert_slots=761143 max_rows=2048 fused_temps_allocs=1 fused_temps_bytes=14155776 fat_scratch_allocs=0 fat_scratch_bytes=0 fat_scratch_peak_bytes=0
(Worker_TP1 pid=1239) INFO 09-03 11:26:29 [exl3.py:451] exl3 fat-expert P0: layers=30744 fat_layers=30233 (98.3%) fat_expert_slots=761833 max_rows=2048 avg_max_rows=1409.9 hist_le128=511 hist_gt128=30233 hist=[0, 39, 89, 383, 202, 2554, 3607, 23870, 0]
(Worker_TP1 pid=1239) INFO 09-03 11:26:29 [exl3.py:464] exl3 e2 diag schema=1 configured_tier=legacy effective_tier=legacy tier_reason=none_requested shared_suh=1 shared_suh_layers=42/42 sym_exl3_moe=1 sym_fat_gemm=1 sym_fat_gemm_scatter=1 cap=12.1 cap_ok=1 tp_rank=1 tp_size=4 prefill_layer_calls=30744 thin_calls=511 row_tile_calls=0 fallback_calls=kernel=0,batched=0,sorted=0,legacy=30232 fallback_reasons=legacy_default=30232,thin_only=511 fat_expert_runs=761822 direct_calls=0 scatter_calls=0 fat_layers=30233 fat_expert_slots=761833 max_rows=2048 fused_temps_allocs=1 fused_temps_bytes=14155776 fat_scratch_allocs=0 fat_scratch_bytes=0 fat_scratch_peak_bytes=0
(Worker_TP1 pid=1239) INFO 09-03 11:26:33 [exl3.py:451] exl3 fat-expert P0: layers=30786 fat_layers=30275 (98.3%) fat_expert_slots=762909 max_rows=2048 avg_max_rows=1410.0 hist_le128=511 hist_gt128=30275 hist=[0, 39, 89, 383, 202, 2557, 3611, 23905, 0]
(Worker_TP1 pid=1239) INFO 09-03 11:26:33 [exl3.py:464] exl3 e2 diag schema=1 configured_tier=legacy effective_tier=legacy tier_reason=none_requested shared_suh=1 shared_suh_layers=42/42 sym_exl3_moe=1 sym_fat_gemm=1 sym_fat_gemm_scatter=1 cap=12.1 cap_ok=1 tp_rank=1 tp_size=4 prefill_layer_calls=30786 thin_calls=511 row_tile_calls=0 fallback_calls=kernel=0,batched=0,sorted=0,legacy=30274 fallback_reasons=legacy_default=30274,thin_only=511 fat_expert_runs=762886 direct_calls=0 scatter_calls=0 fat_layers=30275 fat_expert_slots=762909 max_rows=2048 fused_temps_allocs=1 fused_temps_bytes=14155776 fat_scratch_allocs=0 fat_scratch_bytes=0 fat_scratch_peak_bytes=0
(Worker_TP1 pid=1239) INFO 09-03 11:26:35 [exl3.py:451] exl3 fat-expert P0: layers=30828 fat_layers=30317 (98.3%) fat_expert_slots=763974 max_rows=2048 avg_max_rows=1410.0 hist_le128=511 hist_gt128=30317 hist=[0, 39, 89, 383, 202, 2561, 3615, 23939, 0]
(Worker_TP1 pid=1239) INFO 09-03 11:26:35 [exl3.py:464] exl3 e2 diag schema=1 configured_tier=legacy effective_tier=legacy tier_reason=none_requested shared_suh=1 shared_suh_layers=42/42 sym_exl3_moe=1 sym_fat_gemm=1 sym_fat_gemm_scatter=1 cap=12.1 cap_ok=1 tp_rank=1 tp_size=4 prefill_layer_calls=30828 thin_calls=511 row_tile_calls=0 fallback_calls=kernel=0,batched=0,sorted=0,legacy=30316 fallback_reasons=legacy_default=30316,thin_only=511 fat_expert_runs=763952 direct_calls=0 scatter_calls=0 fat_layers=30317 fat_expert_slots=763974 max_rows=2048 fused_temps_allocs=1 fused_temps_bytes=14155776 fat_scratch_allocs=0 fat_scratch_bytes=0 fat_scratch_peak_bytes=0
(Worker_TP1 pid=1239) INFO 09-03 11:26:37 [exl3.py:451] exl3 fat-expert P0: layers=30870 fat_layers=30359 (98.3%) fat_expert_slots=765016 max_rows=2048 avg_max_rows=1410.1 hist_le128=511 hist_gt128=30359 hist=[0, 39, 89, 383, 202, 2565, 3619, 23973, 0]
(Worker_TP1 pid=1239) INFO 09-03 11:26:37 [exl3.py:464] exl3 e2 diag schema=1 configured_tier=legacy effective_tier=legacy tier_reason=none_requested shared_suh=1 shared_suh_layers=42/42 sym_exl3_moe=1 sym_fat_gemm=1 sym_fat_gemm_scatter=1 cap=12.1 cap_ok=1 tp_rank=1 tp_size=4 prefill_layer_calls=30870 thin_calls=511 row_tile_calls=0 fallback_calls=kernel=0,batched=0,sorted=0,legacy=30358 fallback_reasons=legacy_default=30358,thin_only=511 fat_expert_runs=764994 direct_calls=0 scatter_calls=0 fat_layers=30359 fat_expert_slots=765016 max_rows=2048 fused_temps_allocs=1 fused_temps_bytes=14155776 fat_scratch_allocs=0 fat_scratch_bytes=0 fat_scratch_peak_bytes=0
(Worker_TP1 pid=1239) INFO 09-03 11:26:38 [exl3.py:451] exl3 fat-expert P0: layers=30912 fat_layers=30401 (98.3%) fat_expert_slots=766071 max_rows=2048 avg_max_rows=1410.2 hist_le128=511 hist_gt128=30401 hist=[0, 39, 89, 383, 202, 2569, 3622, 24008, 0]
(Worker_TP1 pid=1239) INFO 09-03 11:26:38 [exl3.py:464] exl3 e2 diag schema=1 configured_tier=legacy effective_tier=legacy tier_reason=none_requested shared_suh=1 shared_suh_layers=42/42 sym_exl3_moe=1 sym_fat_gemm=1 sym_fat_gemm_scatter=1 cap=12.1 cap_ok=1 tp_rank=1 tp_size=4 prefill_layer_calls=30912 thin_calls=511 row_tile_calls=0 fallback_calls=kernel=0,batched=0,sorted=0,legacy=30400 fallback_reasons=legacy_default=30400,thin_only=511 fat_expert_runs=766049 direct_calls=0 scatter_calls=0 fat_layers=30401 fat_expert_slots=766071 max_rows=2048 fused_temps_allocs=1 fused_temps_bytes=14155776 fat_scratch_allocs=0 fat_scratch_bytes=0 fat_scratch_peak_bytes=0
(Worker_TP1 pid=1239) INFO 09-03 11:26:40 [exl3.py:451] exl3 fat-expert P0: layers=30954 fat_layers=30443 (98.3%) fat_expert_slots=767132 max_rows=2048 avg_max_rows=1410.3 hist_le128=511 hist_gt128=30443 hist=[0, 39, 89, 383, 202, 2573, 3625, 24043, 0]
(Worker_TP1 pid=1239) INFO 09-03 11:26:40 [exl3.py:464] exl3 e2 diag schema=1 configured_tier=legacy effective_tier=legacy tier_reason=none_requested shared_suh=1 shared_suh_layers=42/42 sym_exl3_moe=1 sym_fat_gemm=1 sym_fat_gemm_scatter=1 cap=12.1 cap_ok=1 tp_rank=1 tp_size=4 prefill_layer_calls=30954 thin_calls=511 row_tile_calls=0 fallback_calls=kernel=0,batched=0,sorted=0,legacy=30442 fallback_reasons=legacy_default=30442,thin_only=511 fat_expert_runs=767112 direct_calls=0 scatter_calls=0 fat_layers=30443 fat_expert_slots=767132 max_rows=2048 fused_temps_allocs=1 fused_temps_bytes=14155776 fat_scratch_allocs=0 fat_scratch_bytes=0 fat_scratch_peak_bytes=0
(Worker_TP1 pid=1239) INFO 09-03 11:26:42 [exl3.py:451] exl3 fat-expert P0: layers=30996 fat_layers=30485 (98.4%) fat_expert_slots=768174 max_rows=2048 avg_max_rows=1410.3 hist_le128=511 hist_gt128=30485 hist=[0, 39, 89, 383, 202, 2576, 3629, 24078, 0]
(Worker_TP1 pid=1239) INFO 09-03 11:26:42 [exl3.py:464] exl3 e2 diag schema=1 configured_tier=legacy effective_tier=legacy tier_reason=none_requested shared_suh=1 shared_suh_layers=42/42 sym_exl3_moe=1 sym_fat_gemm=1 sym_fat_gemm_scatter=1 cap=12.1 cap_ok=1 tp_rank=1 tp_size=4 prefill_layer_calls=30996 thin_calls=511 row_tile_calls=0 fallback_calls=kernel=0,batched=0,sorted=0,legacy=30484 fallback_reasons=legacy_default=30484,thin_only=511 fat_expert_runs=768155 direct_calls=0 scatter_calls=0 fat_layers=30485 fat_expert_slots=768174 max_rows=2048 fused_temps_allocs=1 fused_temps_bytes=14155776 fat_scratch_allocs=0 fat_scratch_bytes=0 fat_scratch_peak_bytes=0
(Worker_TP1 pid=1239) INFO 09-03 11:26:43 [exl3.py:451] exl3 fat-expert P0: layers=31038 fat_layers=30527 (98.4%) fat_expert_slots=769225 max_rows=2048 avg_max_rows=1410.4 hist_le128=511 hist_gt128=30527 hist=[0, 39, 89, 383, 202, 2579, 3633, 24113, 0]
(Worker_TP1 pid=1239) INFO 09-03 11:26:43 [exl3.py:464] exl3 e2 diag schema=1 configured_tier=legacy effective_tier=legacy tier_reason=none_requested shared_suh=1 shared_suh_layers=42/42 sym_exl3_moe=1 sym_fat_gemm=1 sym_fat_gemm_scatter=1 cap=12.1 cap_ok=1 tp_rank=1 tp_size=4 prefill_layer_calls=31038 thin_calls=511 row_tile_calls=0 fallback_calls=kernel=0,batched=0,sorted=0,legacy=30526 fallback_reasons=legacy_default=30526,thin_only=511 fat_expert_runs=769207 direct_calls=0 scatter_calls=0 fat_layers=30527 fat_expert_slots=769225 max_rows=2048 fused_temps_allocs=1 fused_temps_bytes=14155776 fat_scratch_allocs=0 fat_scratch_bytes=0 fat_scratch_peak_bytes=0
(Worker_TP1 pid=1239) INFO 09-03 11:26:45 [exl3.py:451] exl3 fat-expert P0: layers=31080 fat_layers=30569 (98.4%) fat_expert_slots=770294 max_rows=2048 avg_max_rows=1410.5 hist_le128=511 hist_gt128=30569 hist=[0, 39, 89, 383, 202, 2582, 3638, 24147, 0]
(Worker_TP1 pid=1239) INFO 09-03 11:26:45 [exl3.py:464] exl3 e2 diag schema=1 configured_tier=legacy effective_tier=legacy tier_reason=none_requested shared_suh=1 shared_suh_layers=42/42 sym_exl3_moe=1 sym_fat_gemm=1 sym_fat_gemm_scatter=1 cap=12.1 cap_ok=1 tp_rank=1 tp_size=4 prefill_layer_calls=31080 thin_calls=511 row_tile_calls=0 fallback_calls=kernel=0,batched=0,sorted=0,legacy=30568 fallback_reasons=legacy_default=30568,thin_only=511 fat_expert_runs=770275 direct_calls=0 scatter_calls=0 fat_layers=30569 fat_expert_slots=770294 max_rows=2048 fused_temps_allocs=1 fused_temps_bytes=14155776 fat_scratch_allocs=0 fat_scratch_bytes=0 fat_scratch_peak_bytes=0
(Worker_TP1 pid=1239) INFO 09-03 11:26:47 [exl3.py:451] exl3 fat-expert P0: layers=31122 fat_layers=30611 (98.4%) fat_expert_slots=771348 max_rows=2048 avg_max_rows=1410.6 hist_le128=511 hist_gt128=30611 hist=[0, 39, 89, 383, 202, 2585, 3643, 24181, 0]
(Worker_TP1 pid=1239) INFO 09-03 11:26:47 [exl3.py:464] exl3 e2 diag schema=1 configured_tier=legacy effective_tier=legacy tier_reason=none_requested shared_suh=1 shared_suh_layers=42/42 sym_exl3_moe=1 sym_fat_gemm=1 sym_fat_gemm_scatter=1 cap=12.1 cap_ok=1 tp_rank=1 tp_size=4 prefill_layer_calls=31122 thin_calls=511 row_tile_calls=0 fallback_calls=kernel=0,batched=0,sorted=0,legacy=30610 fallback_reasons=legacy_default=30610,thin_only=511 fat_expert_runs=771329 direct_calls=0 scatter_calls=0 fat_layers=30611 fat_expert_slots=771348 max_rows=2048 fused_temps_allocs=1 fused_temps_bytes=14155776 fat_scratch_allocs=0 fat_scratch_bytes=0 fat_scratch_peak_bytes=0
(Worker_TP1 pid=1239) INFO 09-03 11:26:49 [exl3.py:451] exl3 fat-expert P0: layers=31164 fat_layers=30653 (98.4%) fat_expert_slots=772390 max_rows=2048 avg_max_rows=1410.7 hist_le128=511 hist_gt128=30653 hist=[0, 39, 89, 383, 202, 2588, 3648, 24215, 0]
(Worker_TP1 pid=1239) INFO 09-03 11:26:49 [exl3.py:464] exl3 e2 diag schema=1 configured_tier=legacy effective_tier=legacy tier_reason=none_requested shared_suh=1 shared_suh_layers=42/42 sym_exl3_moe=1 sym_fat_gemm=1 sym_fat_gemm_scatter=1 cap=12.1 cap_ok=1 tp_rank=1 tp_size=4 prefill_layer_calls=31164 thin_calls=511 row_tile_calls=0 fallback_calls=kernel=0,batched=0,sorted=0,legacy=30652 fallback_reasons=legacy_default=30652,thin_only=511 fat_expert_runs=772375 direct_calls=0 scatter_calls=0 fat_layers=30653 fat_expert_slots=772390 max_rows=2048 fused_temps_allocs=1 fused_temps_bytes=14155776 fat_scratch_allocs=0 fat_scratch_bytes=0 fat_scratch_peak_bytes=0
(Worker_TP1 pid=1239) INFO 09-03 11:26:50 [exl3.py:451] exl3 fat-expert P0: layers=31206 fat_layers=30695 (98.4%) fat_expert_slots=773451 max_rows=2048 avg_max_rows=1410.8 hist_le128=511 hist_gt128=30695 hist=[0, 39, 89, 383, 202, 2591, 3654, 24248, 0]
(Worker_TP1 pid=1239) INFO 09-03 11:26:50 [exl3.py:464] exl3 e2 diag schema=1 configured_tier=legacy effective_tier=legacy tier_reason=none_requested shared_suh=1 shared_suh_layers=42/42 sym_exl3_moe=1 sym_fat_gemm=1 sym_fat_gemm_scatter=1 cap=12.1 cap_ok=1 tp_rank=1 tp_size=4 prefill_layer_calls=31206 thin_calls=511 row_tile_calls=0 fallback_calls=kernel=0,batched=0,sorted=0,legacy=30694 fallback_reasons=legacy_default=30694,thin_only=511 fat_expert_runs=773432 direct_calls=0 scatter_calls=0 fat_layers=30695 fat_expert_slots=773451 max_rows=2048 fused_temps_allocs=1 fused_temps_bytes=14155776 fat_scratch_allocs=0 fat_scratch_bytes=0 fat_scratch_peak_bytes=0
(Worker_TP1 pid=1239) INFO 09-03 11:26:52 [exl3.py:451] exl3 fat-expert P0: layers=31248 fat_layers=30737 (98.4%) fat_expert_slots=774502 max_rows=2048 avg_max_rows=1410.8 hist_le128=511 hist_gt128=30737 hist=[0, 39, 89, 383, 202, 2594, 3659, 24282, 0]
(Worker_TP1 pid=1239) INFO 09-03 11:26:52 [exl3.py:464] exl3 e2 diag schema=1 configured_tier=legacy effective_tier=legacy tier_reason=none_requested shared_suh=1 shared_suh_layers=42/42 sym_exl3_moe=1 sym_fat_gemm=1 sym_fat_gemm_scatter=1 cap=12.1 cap_ok=1 tp_rank=1 tp_size=4 prefill_layer_calls=31248 thin_calls=511 row_tile_calls=0 fallback_calls=kernel=0,batched=0,sorted=0,legacy=30736 fallback_reasons=legacy_default=30736,thin_only=511 fat_expert_runs=774484 direct_calls=0 scatter_calls=0 fat_layers=30737 fat_expert_slots=774502 max_rows=2048 fused_temps_allocs=1 fused_temps_bytes=14155776 fat_scratch_allocs=0 fat_scratch_bytes=0 fat_scratch_peak_bytes=0
(Worker_TP1 pid=1239) INFO 09-03 11:26:54 [exl3.py:451] exl3 fat-expert P0: layers=31290 fat_layers=30779 (98.4%) fat_expert_slots=775544 max_rows=2048 avg_max_rows=1410.9 hist_le128=511 hist_gt128=30779 hist=[0, 39, 89, 383, 202, 2597, 3665, 24315, 0]
(Worker_TP1 pid=1239) INFO 09-03 11:26:54 [exl3.py:464] exl3 e2 diag schema=1 configured_tier=legacy effective_tier=legacy tier_reason=none_requested shared_suh=1 shared_suh_layers=42/42 sym_exl3_moe=1 sym_fat_gemm=1 sym_fat_gemm_scatter=1 cap=12.1 cap_ok=1 tp_rank=1 tp_size=4 prefill_layer_calls=31290 thin_calls=511 row_tile_calls=0 fallback_calls=kernel=0,batched=0,sorted=0,legacy=30778 fallback_reasons=legacy_default=30778,thin_only=511 fat_expert_runs=775527 direct_calls=0 scatter_calls=0 fat_layers=30779 fat_expert_slots=775544 max_rows=2048 fused_temps_allocs=1 fused_temps_bytes=14155776 fat_scratch_allocs=0 fat_scratch_bytes=0 fat_scratch_peak_bytes=0
(Worker_TP1 pid=1239) INFO 09-03 11:26:55 [exl3.py:451] exl3 fat-expert P0: layers=31332 fat_layers=30821 (98.4%) fat_expert_slots=776588 max_rows=2048 avg_max_rows=1410.9 hist_le128=511 hist_gt128=30821 hist=[0, 39, 89, 383, 202, 2601, 3670, 24348, 0]
(Worker_TP1 pid=1239) INFO 09-03 11:26:55 [exl3.py:464] exl3 e2 diag schema=1 configured_tier=legacy effective_tier=legacy tier_reason=none_requested shared_suh=1 shared_suh_layers=42/42 sym_exl3_moe=1 sym_fat_gemm=1 sym_fat_gemm_scatter=1 cap=12.1 cap_ok=1 tp_rank=1 tp_size=4 prefill_layer_calls=31332 thin_calls=511 row_tile_calls=0 fallback_calls=kernel=0,batched=0,sorted=0,legacy=30820 fallback_reasons=legacy_default=30820,thin_only=511 fat_expert_runs=776574 direct_calls=0 scatter_calls=0 fat_layers=30821 fat_expert_slots=776588 max_rows=2048 fused_temps_allocs=1 fused_temps_bytes=14155776 fat_scratch_allocs=0 fat_scratch_bytes=0 fat_scratch_peak_bytes=0
(Worker_TP1 pid=1239) INFO 09-03 11:26:57 [exl3.py:451] exl3 fat-expert P0: layers=31374 fat_layers=30863 (98.4%) fat_expert_slots=777649 max_rows=2048 avg_max_rows=1411.0 hist_le128=511 hist_gt128=30863 hist=[0, 39, 89, 383, 202, 2604, 3675, 24382, 0]
(Worker_TP1 pid=1239) INFO 09-03 11:26:57 [exl3.py:464] exl3 e2 diag schema=1 configured_tier=legacy effective_tier=legacy tier_reason=none_requested shared_suh=1 shared_suh_layers=42/42 sym_exl3_moe=1 sym_fat_gemm=1 sym_fat_gemm_scatter=1 cap=12.1 cap_ok=1 tp_rank=1 tp_size=4 prefill_layer_calls=31374 thin_calls=511 row_tile_calls=0 fallback_calls=kernel=0,batched=0,sorted=0,legacy=30862 fallback_reasons=legacy_default=30862,thin_only=511 fat_expert_runs=777635 direct_calls=0 scatter_calls=0 fat_layers=30863 fat_expert_slots=777649 max_rows=2048 fused_temps_allocs=1 fused_temps_bytes=14155776 fat_scratch_allocs=0 fat_scratch_bytes=0 fat_scratch_peak_bytes=0
(Worker_TP1 pid=1239) INFO 09-03 11:26:59 [exl3.py:451] exl3 fat-expert P0: layers=31416 fat_layers=30905 (98.4%) fat_expert_slots=778691 max_rows=2048 avg_max_rows=1411.0 hist_le128=511 hist_gt128=30905 hist=[0, 39, 89, 383, 202, 2607, 3681, 24415, 0]
(Worker_TP1 pid=1239) INFO 09-03 11:26:59 [exl3.py:464] exl3 e2 diag schema=1 configured_tier=legacy effective_tier=legacy tier_reason=none_requested shared_suh=1 shared_suh_layers=42/42 sym_exl3_moe=1 sym_fat_gemm=1 sym_fat_gemm_scatter=1 cap=12.1 cap_ok=1 tp_rank=1 tp_size=4 prefill_layer_calls=31416 thin_calls=511 row_tile_calls=0 fallback_calls=kernel=0,batched=0,sorted=0,legacy=30904 fallback_reasons=legacy_default=30904,thin_only=511 fat_expert_runs=778677 direct_calls=0 scatter_calls=0 fat_layers=30905 fat_expert_slots=778691 max_rows=2048 fused_temps_allocs=1 fused_temps_bytes=14155776 fat_scratch_allocs=0 fat_scratch_bytes=0 fat_scratch_peak_bytes=0
(Worker_TP1 pid=1239) INFO 09-03 11:27:01 [exl3.py:451] exl3 fat-expert P0: layers=31458 fat_layers=30947 (98.4%) fat_expert_slots=779744 max_rows=2048 avg_max_rows=1411.1 hist_le128=511 hist_gt128=30947 hist=[0, 39, 89, 383, 202, 2610, 3688, 24447, 0]
(Worker_TP1 pid=1239) INFO 09-03 11:27:01 [exl3.py:464] exl3 e2 diag schema=1 configured_tier=legacy effective_tier=legacy tier_reason=none_requested shared_suh=1 shared_suh_layers=42/42 sym_exl3_moe=1 sym_fat_gemm=1 sym_fat_gemm_scatter=1 cap=12.1 cap_ok=1 tp_rank=1 tp_size=4 prefill_layer_calls=31458 thin_calls=511 row_tile_calls=0 fallback_calls=kernel=0,batched=0,sorted=0,legacy=30946 fallback_reasons=legacy_default=30946,thin_only=511 fat_expert_runs=779730 direct_calls=0 scatter_calls=0 fat_layers=30947 fat_expert_slots=779744 max_rows=2048 fused_temps_allocs=1 fused_temps_bytes=14155776 fat_scratch_allocs=0 fat_scratch_bytes=0 fat_scratch_peak_bytes=0
(Worker_TP1 pid=1239) INFO 09-03 11:27:02 [exl3.py:451] exl3 fat-expert P0: layers=31500 fat_layers=30989 (98.4%) fat_expert_slots=780778 max_rows=2048 avg_max_rows=1411.2 hist_le128=511 hist_gt128=30989 hist=[0, 39, 89, 383, 202, 2613, 3695, 24479, 0]
(Worker_TP1 pid=1239) INFO 09-03 11:27:02 [exl3.py:464] exl3 e2 diag schema=1 configured_tier=legacy effective_tier=legacy tier_reason=none_requested shared_suh=1 shared_suh_layers=42/42 sym_exl3_moe=1 sym_fat_gemm=1 sym_fat_gemm_scatter=1 cap=12.1 cap_ok=1 tp_rank=1 tp_size=4 prefill_layer_calls=31500 thin_calls=511 row_tile_calls=0 fallback_calls=kernel=0,batched=0,sorted=0,legacy=30988 fallback_reasons=legacy_default=30988,thin_only=511 fat_expert_runs=780766 direct_calls=0 scatter_calls=0 fat_layers=30989 fat_expert_slots=780778 max_rows=2048 fused_temps_allocs=1 fused_temps_bytes=14155776 fat_scratch_allocs=0 fat_scratch_bytes=0 fat_scratch_peak_bytes=0
(Worker_TP1 pid=1239) INFO 09-03 11:27:04 [exl3.py:451] exl3 fat-expert P0: layers=31542 fat_layers=31031 (98.4%) fat_expert_slots=781828 max_rows=2048 avg_max_rows=1411.2 hist_le128=511 hist_gt128=31031 hist=[0, 39, 89, 383, 202, 2616, 3702, 24511, 0]
(Worker_TP1 pid=1239) INFO 09-03 11:27:04 [exl3.py:464] exl3 e2 diag schema=1 configured_tier=legacy effective_tier=legacy tier_reason=none_requested shared_suh=1 shared_suh_layers=42/42 sym_exl3_moe=1 sym_fat_gemm=1 sym_fat_gemm_scatter=1 cap=12.1 cap_ok=1 tp_rank=1 tp_size=4 prefill_layer_calls=31542 thin_calls=511 row_tile_calls=0 fallback_calls=kernel=0,batched=0,sorted=0,legacy=31030 fallback_reasons=legacy_default=31030,thin_only=511 fat_expert_runs=781814 direct_calls=0 scatter_calls=0 fat_layers=31031 fat_expert_slots=781828 max_rows=2048 fused_temps_allocs=1 fused_temps_bytes=14155776 fat_scratch_allocs=0 fat_scratch_bytes=0 fat_scratch_peak_bytes=0
(Worker_TP1 pid=1239) INFO 09-03 11:27:06 [exl3.py:451] exl3 fat-expert P0: layers=31584 fat_layers=31073 (98.4%) fat_expert_slots=782921 max_rows=2048 avg_max_rows=1411.2 hist_le128=511 hist_gt128=31073 hist=[0, 39, 89, 383, 202, 2620, 3706, 24545, 0]
(Worker_TP1 pid=1239) INFO 09-03 11:27:06 [exl3.py:464] exl3 e2 diag schema=1 configured_tier=legacy effective_tier=legacy tier_reason=none_requested shared_suh=1 shared_suh_layers=42/42 sym_exl3_moe=1 sym_fat_gemm=1 sym_fat_gemm_scatter=1 cap=12.1 cap_ok=1 tp_rank=1 tp_size=4 prefill_layer_calls=31584 thin_calls=511 row_tile_calls=0 fallback_calls=kernel=0,batched=0,sorted=0,legacy=31072 fallback_reasons=legacy_default=31072,thin_only=511 fat_expert_runs=782907 direct_calls=0 scatter_calls=0 fat_layers=31073 fat_expert_slots=782921 max_rows=2048 fused_temps_allocs=1 fused_temps_bytes=14155776 fat_scratch_allocs=0 fat_scratch_bytes=0 fat_scratch_peak_bytes=0
(Worker_TP1 pid=1239) INFO 09-03 11:27:08 [exl3.py:451] exl3 fat-expert P0: layers=31626 fat_layers=31115 (98.4%) fat_expert_slots=784009 max_rows=2048 avg_max_rows=1411.3 hist_le128=511 hist_gt128=31115 hist=[0, 39, 89, 383, 202, 2624, 3711, 24578, 0]
(Worker_TP1 pid=1239) INFO 09-03 11:27:08 [exl3.py:464] exl3 e2 diag schema=1 configured_tier=legacy effective_tier=legacy tier_reason=none_requested shared_suh=1 shared_suh_layers=42/42 sym_exl3_moe=1 sym_fat_gemm=1 sym_fat_gemm_scatter=1 cap=12.1 cap_ok=1 tp_rank=1 tp_size=4 prefill_layer_calls=31626 thin_calls=511 row_tile_calls=0 fallback_calls=kernel=0,batched=0,sorted=0,legacy=31114 fallback_reasons=legacy_default=31114,thin_only=511 fat_expert_runs=783994 direct_calls=0 scatter_calls=0 fat_layers=31115 fat_expert_slots=784009 max_rows=2048 fused_temps_allocs=1 fused_temps_bytes=14155776 fat_scratch_allocs=0 fat_scratch_bytes=0 fat_scratch_peak_bytes=0
(Worker_TP1 pid=1239) INFO 09-03 11:27:09 [exl3.py:451] exl3 fat-expert P0: layers=31668 fat_layers=31157 (98.4%) fat_expert_slots=785087 max_rows=2048 avg_max_rows=1411.3 hist_le128=511 hist_gt128=31157 hist=[0, 39, 89, 383, 202, 2628, 3716, 24611, 0]
(Worker_TP1 pid=1239) INFO 09-03 11:27:09 [exl3.py:464] exl3 e2 diag schema=1 configured_tier=legacy effective_tier=legacy tier_reason=none_requested shared_suh=1 shared_suh_layers=42/42 sym_exl3_moe=1 sym_fat_gemm=1 sym_fat_gemm_scatter=1 cap=12.1 cap_ok=1 tp_rank=1 tp_size=4 prefill_layer_calls=31668 thin_calls=511 row_tile_calls=0 fallback_calls=kernel=0,batched=0,sorted=0,legacy=31156 fallback_reasons=legacy_default=31156,thin_only=511 fat_expert_runs=785074 direct_calls=0 scatter_calls=0 fat_layers=31157 fat_expert_slots=785087 max_rows=2048 fused_temps_allocs=1 fused_temps_bytes=14155776 fat_scratch_allocs=0 fat_scratch_bytes=0 fat_scratch_peak_bytes=0
(Worker_TP1 pid=1239) INFO 09-03 11:27:11 [exl3.py:451] exl3 fat-expert P0: layers=31710 fat_layers=31199 (98.4%) fat_expert_slots=786166 max_rows=2048 avg_max_rows=1411.3 hist_le128=511 hist_gt128=31199 hist=[0, 39, 89, 383, 202, 2632, 3721, 24644, 0]
(Worker_TP1 pid=1239) INFO 09-03 11:27:11 [exl3.py:464] exl3 e2 diag schema=1 configured_tier=legacy effective_tier=legacy tier_reason=none_requested shared_suh=1 shared_suh_layers=42/42 sym_exl3_moe=1 sym_fat_gemm=1 sym_fat_gemm_scatter=1 cap=12.1 cap_ok=1 tp_rank=1 tp_size=4 prefill_layer_calls=31710 thin_calls=511 row_tile_calls=0 fallback_calls=kernel=0,batched=0,sorted=0,legacy=31198 fallback_reasons=legacy_default=31198,thin_only=511 fat_expert_runs=786153 direct_calls=0 scatter_calls=0 fat_layers=31199 fat_expert_slots=786166 max_rows=2048 fused_temps_allocs=1 fused_temps_bytes=14155776 fat_scratch_allocs=0 fat_scratch_bytes=0 fat_scratch_peak_bytes=0
(Worker_TP1 pid=1239) INFO 09-03 11:27:13 [exl3.py:451] exl3 fat-expert P0: layers=31752 fat_layers=31241 (98.4%) fat_expert_slots=787229 max_rows=2048 avg_max_rows=1411.4 hist_le128=511 hist_gt128=31241 hist=[0, 39, 89, 383, 202, 2636, 3726, 24677, 0]
(Worker_TP1 pid=1239) INFO 09-03 11:27:13 [exl3.py:464] exl3 e2 diag schema=1 configured_tier=legacy effective_tier=legacy tier_reason=none_requested shared_suh=1 shared_suh_layers=42/42 sym_exl3_moe=1 sym_fat_gemm=1 sym_fat_gemm_scatter=1 cap=12.1 cap_ok=1 tp_rank=1 tp_size=4 prefill_layer_calls=31752 thin_calls=511 row_tile_calls=0 fallback_calls=kernel=0,batched=0,sorted=0,legacy=31240 fallback_reasons=legacy_default=31240,thin_only=511 fat_expert_runs=787218 direct_calls=0 scatter_calls=0 fat_layers=31241 fat_expert_slots=787229 max_rows=2048 fused_temps_allocs=1 fused_temps_bytes=14155776 fat_scratch_allocs=0 fat_scratch_bytes=0 fat_scratch_peak_bytes=0
(Worker_TP1 pid=1239) INFO 09-03 11:27:14 [exl3.py:451] exl3 fat-expert P0: layers=31794 fat_layers=31283 (98.4%) fat_expert_slots=788311 max_rows=2048 avg_max_rows=1411.4 hist_le128=511 hist_gt128=31283 hist=[0, 39, 89, 383, 202, 2640, 3731, 24710, 0]
(Worker_TP1 pid=1239) INFO 09-03 11:27:14 [exl3.py:464] exl3 e2 diag schema=1 configured_tier=legacy effective_tier=legacy tier_reason=none_requested shared_suh=1 shared_suh_layers=42/42 sym_exl3_moe=1 sym_fat_gemm=1 sym_fat_gemm_scatter=1 cap=12.1 cap_ok=1 tp_rank=1 tp_size=4 prefill_layer_calls=31794 thin_calls=511 row_tile_calls=0 fallback_calls=kernel=0,batched=0,sorted=0,legacy=31282 fallback_reasons=legacy_default=31282,thin_only=511 fat_expert_runs=788300 direct_calls=0 scatter_calls=0 fat_layers=31283 fat_expert_slots=788311 max_rows=2048 fused_temps_allocs=1 fused_temps_bytes=14155776 fat_scratch_allocs=0 fat_scratch_bytes=0 fat_scratch_peak_bytes=0
(Worker_TP1 pid=1239) INFO 09-03 11:27:16 [exl3.py:451] exl3 fat-expert P0: layers=31836 fat_layers=31325 (98.4%) fat_expert_slots=789373 max_rows=2048 avg_max_rows=1411.4 hist_le128=511 hist_gt128=31325 hist=[0, 39, 89, 383, 202, 2644, 3736, 24743, 0]
(Worker_TP1 pid=1239) INFO 09-03 11:27:16 [exl3.py:464] exl3 e2 diag schema=1 configured_tier=legacy effective_tier=legacy tier_reason=none_requested shared_suh=1 shared_suh_layers=42/42 sym_exl3_moe=1 sym_fat_gemm=1 sym_fat_gemm_scatter=1 cap=12.1 cap_ok=1 tp_rank=1 tp_size=4 prefill_layer_calls=31836 thin_calls=511 row_tile_calls=0 fallback_calls=kernel=0,batched=0,sorted=0,legacy=31324 fallback_reasons=legacy_default=31324,thin_only=511 fat_expert_runs=789361 direct_calls=0 scatter_calls=0 fat_layers=31325 fat_expert_slots=789373 max_rows=2048 fused_temps_allocs=1 fused_temps_bytes=14155776 fat_scratch_allocs=0 fat_scratch_bytes=0 fat_scratch_peak_bytes=0
(Worker_TP1 pid=1239) INFO 09-03 11:27:18 [exl3.py:451] exl3 fat-expert P0: layers=31878 fat_layers=31367 (98.4%) fat_expert_slots=790431 max_rows=2048 avg_max_rows=1411.5 hist_le128=511 hist_gt128=31367 hist=[0, 39, 89, 383, 202, 2648, 3740, 24777, 0]
(Worker_TP1 pid=1239) INFO 09-03 11:27:18 [exl3.py:464] exl3 e2 diag schema=1 configured_tier=legacy effective_tier=legacy tier_reason=none_requested shared_suh=1 shared_suh_layers=42/42 sym_exl3_moe=1 sym_fat_gemm=1 sym_fat_gemm_scatter=1 cap=12.1 cap_ok=1 tp_rank=1 tp_size=4 prefill_layer_calls=31878 thin_calls=511 row_tile_calls=0 fallback_calls=kernel=0,batched=0,sorted=0,legacy=31366 fallback_reasons=legacy_default=31366,thin_only=511 fat_expert_runs=790420 direct_calls=0 scatter_calls=0 fat_layers=31367 fat_expert_slots=790431 max_rows=2048 fused_temps_allocs=1 fused_temps_bytes=14155776 fat_scratch_allocs=0 fat_scratch_bytes=0 fat_scratch_peak_bytes=0
(Worker_TP1 pid=1239) INFO 09-03 11:27:19 [exl3.py:451] exl3 fat-expert P0: layers=31920 fat_layers=31409 (98.4%) fat_expert_slots=791512 max_rows=2048 avg_max_rows=1411.5 hist_le128=511 hist_gt128=31409 hist=[0, 39, 89, 383, 202, 2652, 3746, 24809, 0]
(Worker_TP1 pid=1239) INFO 09-03 11:27:19 [exl3.py:464] exl3 e2 diag schema=1 configured_tier=legacy effective_tier=legacy tier_reason=none_requested shared_suh=1 shared_suh_layers=42/42 sym_exl3_moe=1 sym_fat_gemm=1 sym_fat_gemm_scatter=1 cap=12.1 cap_ok=1 tp_rank=1 tp_size=4 prefill_layer_calls=31920 thin_calls=511 row_tile_calls=0 fallback_calls=kernel=0,batched=0,sorted=0,legacy=31408 fallback_reasons=legacy_default=31408,thin_only=511 fat_expert_runs=791501 direct_calls=0 scatter_calls=0 fat_layers=31409 fat_expert_slots=791512 max_rows=2048 fused_temps_allocs=1 fused_temps_bytes=14155776 fat_scratch_allocs=0 fat_scratch_bytes=0 fat_scratch_peak_bytes=0
(Worker_TP1 pid=1239) INFO 09-03 11:27:21 [exl3.py:451] exl3 fat-expert P0: layers=31962 fat_layers=31451 (98.4%) fat_expert_slots=792600 max_rows=2048 avg_max_rows=1411.5 hist_le128=511 hist_gt128=31451 hist=[0, 39, 89, 383, 202, 2657, 3749, 24843, 0]
(Worker_TP1 pid=1239) INFO 09-03 11:27:21 [exl3.py:464] exl3 e2 diag schema=1 configured_tier=legacy effective_tier=legacy tier_reason=none_requested shared_suh=1 shared_suh_layers=42/42 sym_exl3_moe=1 sym_fat_gemm=1 sym_fat_gemm_scatter=1 cap=12.1 cap_ok=1 tp_rank=1 tp_size=4 prefill_layer_calls=31962 thin_calls=511 row_tile_calls=0 fallback_calls=kernel=0,batched=0,sorted=0,legacy=31450 fallback_reasons=legacy_default=31450,thin_only=511 fat_expert_runs=792589 direct_calls=0 scatter_calls=0 fat_layers=31451 fat_expert_slots=792600 max_rows=2048 fused_temps_allocs=1 fused_temps_bytes=14155776 fat_scratch_allocs=0 fat_scratch_bytes=0 fat_scratch_peak_bytes=0
(Worker_TP1 pid=1239) INFO 09-03 11:27:23 [exl3.py:451] exl3 fat-expert P0: layers=32004 fat_layers=31493 (98.4%) fat_expert_slots=793698 max_rows=2048 avg_max_rows=1411.5 hist_le128=511 hist_gt128=31493 hist=[0, 39, 89, 383, 202, 2661, 3754, 24876, 0]
(Worker_TP1 pid=1239) INFO 09-03 11:27:23 [exl3.py:464] exl3 e2 diag schema=1 configured_tier=legacy effective_tier=legacy tier_reason=none_requested shared_suh=1 shared_suh_layers=42/42 sym_exl3_moe=1 sym_fat_gemm=1 sym_fat_gemm_scatter=1 cap=12.1 cap_ok=1 tp_rank=1 tp_size=4 prefill_layer_calls=32004 thin_calls=511 row_tile_calls=0 fallback_calls=kernel=0,batched=0,sorted=0,legacy=31492 fallback_reasons=legacy_default=31492,thin_only=511 fat_expert_runs=793685 direct_calls=0 scatter_calls=0 fat_layers=31493 fat_expert_slots=793698 max_rows=2048 fused_temps_allocs=1 fused_temps_bytes=14155776 fat_scratch_allocs=0 fat_scratch_bytes=0 fat_scratch_peak_bytes=0
(Worker_TP1 pid=1239) INFO 09-03 11:27:25 [exl3.py:451] exl3 fat-expert P0: layers=32046 fat_layers=31535 (98.4%) fat_expert_slots=794790 max_rows=2048 avg_max_rows=1411.6 hist_le128=511 hist_gt128=31535 hist=[0, 39, 89, 383, 202, 2665, 3759, 24909, 0]
(Worker_TP1 pid=1239) INFO 09-03 11:27:25 [exl3.py:464] exl3 e2 diag schema=1 configured_tier=legacy effective_tier=legacy tier_reason=none_requested shared_suh=1 shared_suh_layers=42/42 sym_exl3_moe=1 sym_fat_gemm=1 sym_fat_gemm_scatter=1 cap=12.1 cap_ok=1 tp_rank=1 tp_size=4 prefill_layer_calls=32046 thin_calls=511 row_tile_calls=0 fallback_calls=kernel=0,batched=0,sorted=0,legacy=31534 fallback_reasons=legacy_default=31534,thin_only=511 fat_expert_runs=794779 direct_calls=0 scatter_calls=0 fat_layers=31535 fat_expert_slots=794790 max_rows=2048 fused_temps_allocs=1 fused_temps_bytes=14155776 fat_scratch_allocs=0 fat_scratch_bytes=0 fat_scratch_peak_bytes=0
(Worker_TP1 pid=1239) INFO 09-03 11:27:26 [exl3.py:451] exl3 fat-expert P0: layers=32088 fat_layers=31577 (98.4%) fat_expert_slots=795867 max_rows=2048 avg_max_rows=1411.6 hist_le128=511 hist_gt128=31577 hist=[0, 39, 89, 383, 202, 2669, 3764, 24942, 0]
(Worker_TP1 pid=1239) INFO 09-03 11:27:26 [exl3.py:464] exl3 e2 diag schema=1 configured_tier=legacy effective_tier=legacy tier_reason=none_requested shared_suh=1 shared_suh_layers=42/42 sym_exl3_moe=1 sym_fat_gemm=1 sym_fat_gemm_scatter=1 cap=12.1 cap_ok=1 tp_rank=1 tp_size=4 prefill_layer_calls=32088 thin_calls=511 row_tile_calls=0 fallback_calls=kernel=0,batched=0,sorted=0,legacy=31576 fallback_reasons=legacy_default=31576,thin_only=511 fat_expert_runs=795856 direct_calls=0 scatter_calls=0 fat_layers=31577 fat_expert_slots=795867 max_rows=2048 fused_temps_allocs=1 fused_temps_bytes=14155776 fat_scratch_allocs=0 fat_scratch_bytes=0 fat_scratch_peak_bytes=0
(Worker_TP1 pid=1239) INFO 09-03 11:27:28 [exl3.py:451] exl3 fat-expert P0: layers=32130 fat_layers=31619 (98.4%) fat_expert_slots=796967 max_rows=2048 avg_max_rows=1411.6 hist_le128=511 hist_gt128=31619 hist=[0, 39, 89, 383, 202, 2672, 3771, 24974, 0]
(Worker_TP1 pid=1239) INFO 09-03 11:27:28 [exl3.py:464] exl3 e2 diag schema=1 configured_tier=legacy effective_tier=legacy tier_reason=none_requested shared_suh=1 shared_suh_layers=42/42 sym_exl3_moe=1 sym_fat_gemm=1 sym_fat_gemm_scatter=1 cap=12.1 cap_ok=1 tp_rank=1 tp_size=4 prefill_layer_calls=32130 thin_calls=511 row_tile_calls=0 fallback_calls=kernel=0,batched=0,sorted=0,legacy=31618 fallback_reasons=legacy_default=31618,thin_only=511 fat_expert_runs=796956 direct_calls=0 scatter_calls=0 fat_layers=31619 fat_expert_slots=796967 max_rows=2048 fused_temps_allocs=1 fused_temps_bytes=14155776 fat_scratch_allocs=0 fat_scratch_bytes=0 fat_scratch_peak_bytes=0
(Worker_TP1 pid=1239) INFO 09-03 11:27:30 [exl3.py:451] exl3 fat-expert P0: layers=32172 fat_layers=31661 (98.4%) fat_expert_slots=798053 max_rows=2048 avg_max_rows=1411.6 hist_le128=511 hist_gt128=31661 hist=[0, 39, 89, 383, 202, 2676, 3777, 25006, 0]
(Worker_TP1 pid=1239) INFO 09-03 11:27:30 [exl3.py:464] exl3 e2 diag schema=1 configured_tier=legacy effective_tier=legacy tier_reason=none_requested shared_suh=1 shared_suh_layers=42/42 sym_exl3_moe=1 sym_fat_gemm=1 sym_fat_gemm_scatter=1 cap=12.1 cap_ok=1 tp_rank=1 tp_size=4 prefill_layer_calls=32172 thin_calls=511 row_tile_calls=0 fallback_calls=kernel=0,batched=0,sorted=0,legacy=31660 fallback_reasons=legacy_default=31660,thin_only=511 fat_expert_runs=798042 direct_calls=0 scatter_calls=0 fat_layers=31661 fat_expert_slots=798053 max_rows=2048 fused_temps_allocs=1 fused_temps_bytes=14155776 fat_scratch_allocs=0 fat_scratch_bytes=0 fat_scratch_peak_bytes=0
(Worker_TP1 pid=1239) INFO 09-03 11:27:32 [exl3.py:451] exl3 fat-expert P0: layers=32214 fat_layers=31703 (98.4%) fat_expert_slots=799156 max_rows=2048 avg_max_rows=1411.6 hist_le128=511 hist_gt128=31703 hist=[0, 39, 89, 383, 202, 2679, 3784, 25038, 0]
(Worker_TP1 pid=1239) INFO 09-03 11:27:32 [exl3.py:464] exl3 e2 diag schema=1 configured_tier=legacy effective_tier=legacy tier_reason=none_requested shared_suh=1 shared_suh_layers=42/42 sym_exl3_moe=1 sym_fat_gemm=1 sym_fat_gemm_scatter=1 cap=12.1 cap_ok=1 tp_rank=1 tp_size=4 prefill_layer_calls=32214 thin_calls=511 row_tile_calls=0 fallback_calls=kernel=0,batched=0,sorted=0,legacy=31702 fallback_reasons=legacy_default=31702,thin_only=511 fat_expert_runs=799145 direct_calls=0 scatter_calls=0 fat_layers=31703 fat_expert_slots=799156 max_rows=2048 fused_temps_allocs=1 fused_temps_bytes=14155776 fat_scratch_allocs=0 fat_scratch_bytes=0 fat_scratch_peak_bytes=0
(Worker_TP1 pid=1239) INFO 09-03 11:27:33 [exl3.py:451] exl3 fat-expert P0: layers=32256 fat_layers=31745 (98.4%) fat_expert_slots=800248 max_rows=2048 avg_max_rows=1411.6 hist_le128=511 hist_gt128=31745 hist=[0, 39, 89, 383, 202, 2682, 3791, 25070, 0]
(Worker_TP1 pid=1239) INFO 09-03 11:27:33 [exl3.py:464] exl3 e2 diag schema=1 configured_tier=legacy effective_tier=legacy tier_reason=none_requested shared_suh=1 shared_suh_layers=42/42 sym_exl3_moe=1 sym_fat_gemm=1 sym_fat_gemm_scatter=1 cap=12.1 cap_ok=1 tp_rank=1 tp_size=4 prefill_layer_calls=32256 thin_calls=511 row_tile_calls=0 fallback_calls=kernel=0,batched=0,sorted=0,legacy=31744 fallback_reasons=legacy_default=31744,thin_only=511 fat_expert_runs=800237 direct_calls=0 scatter_calls=0 fat_layers=31745 fat_expert_slots=800248 max_rows=2048 fused_temps_allocs=1 fused_temps_bytes=14155776 fat_scratch_allocs=0 fat_scratch_bytes=0 fat_scratch_peak_bytes=0
(Worker_TP1 pid=1239) INFO 09-03 11:27:35 [exl3.py:451] exl3 fat-expert P0: layers=32298 fat_layers=31787 (98.4%) fat_expert_slots=801350 max_rows=2048 avg_max_rows=1411.7 hist_le128=511 hist_gt128=31787 hist=[0, 39, 89, 383, 202, 2685, 3797, 25103, 0]
(Worker_TP1 pid=1239) INFO 09-03 11:27:35 [exl3.py:464] exl3 e2 diag schema=1 configured_tier=legacy effective_tier=legacy tier_reason=none_requested shared_suh=1 shared_suh_layers=42/42 sym_exl3_moe=1 sym_fat_gemm=1 sym_fat_gemm_scatter=1 cap=12.1 cap_ok=1 tp_rank=1 tp_size=4 prefill_layer_calls=32298 thin_calls=511 row_tile_calls=0 fallback_calls=kernel=0,batched=0,sorted=0,legacy=31786 fallback_reasons=legacy_default=31786,thin_only=511 fat_expert_runs=801339 direct_calls=0 scatter_calls=0 fat_layers=31787 fat_expert_slots=801350 max_rows=2048 fused_temps_allocs=1 fused_temps_bytes=14155776 fat_scratch_allocs=0 fat_scratch_bytes=0 fat_scratch_peak_bytes=0
(Worker_TP1 pid=1239) INFO 09-03 11:27:37 [exl3.py:451] exl3 fat-expert P0: layers=32340 fat_layers=31829 (98.4%) fat_expert_slots=802464 max_rows=2048 avg_max_rows=1411.7 hist_le128=511 hist_gt128=31829 hist=[0, 39, 89, 383, 202, 2689, 3803, 25135, 0]
(Worker_TP1 pid=1239) INFO 09-03 11:27:37 [exl3.py:464] exl3 e2 diag schema=1 configured_tier=legacy effective_tier=legacy tier_reason=none_requested shared_suh=1 shared_suh_layers=42/42 sym_exl3_moe=1 sym_fat_gemm=1 sym_fat_gemm_scatter=1 cap=12.1 cap_ok=1 tp_rank=1 tp_size=4 prefill_layer_calls=32340 thin_calls=511 row_tile_calls=0 fallback_calls=kernel=0,batched=0,sorted=0,legacy=31828 fallback_reasons=legacy_default=31828,thin_only=511 fat_expert_runs=802453 direct_calls=0 scatter_calls=0 fat_layers=31829 fat_expert_slots=802464 max_rows=2048 fused_temps_allocs=1 fused_temps_bytes=14155776 fat_scratch_allocs=0 fat_scratch_bytes=0 fat_scratch_peak_bytes=0
(Worker_TP1 pid=1239) INFO 09-03 11:27:39 [exl3.py:451] exl3 fat-expert P0: layers=32382 fat_layers=31871 (98.4%) fat_expert_slots=803571 max_rows=2048 avg_max_rows=1411.7 hist_le128=511 hist_gt128=31871 hist=[0, 39, 89, 383, 202, 2692, 3810, 25167, 0]
(Worker_TP1 pid=1239) INFO 09-03 11:27:39 [exl3.py:464] exl3 e2 diag schema=1 configured_tier=legacy effective_tier=legacy tier_reason=none_requested shared_suh=1 shared_suh_layers=42/42 sym_exl3_moe=1 sym_fat_gemm=1 sym_fat_gemm_scatter=1 cap=12.1 cap_ok=1 tp_rank=1 tp_size=4 prefill_layer_calls=32382 thin_calls=511 row_tile_calls=0 fallback_calls=kernel=0,batched=0,sorted=0,legacy=31870 fallback_reasons=legacy_default=31870,thin_only=511 fat_expert_runs=803560 direct_calls=0 scatter_calls=0 fat_layers=31871 fat_expert_slots=803571 max_rows=2048 fused_temps_allocs=1 fused_temps_bytes=14155776 fat_scratch_allocs=0 fat_scratch_bytes=0 fat_scratch_peak_bytes=0
(Worker_TP1 pid=1239) INFO 09-03 11:27:40 [exl3.py:451] exl3 fat-expert P0: layers=32424 fat_layers=31913 (98.4%) fat_expert_slots=804672 max_rows=2048 avg_max_rows=1411.7 hist_le128=511 hist_gt128=31913 hist=[0, 39, 89, 383, 202, 2695, 3817, 25199, 0]
(Worker_TP1 pid=1239) INFO 09-03 11:27:40 [exl3.py:464] exl3 e2 diag schema=1 configured_tier=legacy effective_tier=legacy tier_reason=none_requested shared_suh=1 shared_suh_layers=42/42 sym_exl3_moe=1 sym_fat_gemm=1 sym_fat_gemm_scatter=1 cap=12.1 cap_ok=1 tp_rank=1 tp_size=4 prefill_layer_calls=32424 thin_calls=511 row_tile_calls=0 fallback_calls=kernel=0,batched=0,sorted=0,legacy=31912 fallback_reasons=legacy_default=31912,thin_only=511 fat_expert_runs=804660 direct_calls=0 scatter_calls=0 fat_layers=31913 fat_expert_slots=804672 max_rows=2048 fused_temps_allocs=1 fused_temps_bytes=14155776 fat_scratch_allocs=0 fat_scratch_bytes=0 fat_scratch_peak_bytes=0
(Worker_TP1 pid=1239) INFO 09-03 11:27:42 [exl3.py:451] exl3 fat-expert P0: layers=32466 fat_layers=31955 (98.4%) fat_expert_slots=805763 max_rows=2048 avg_max_rows=1411.7 hist_le128=511 hist_gt128=31955 hist=[0, 39, 89, 383, 202, 2698, 3823, 25232, 0]
(Worker_TP1 pid=1239) INFO 09-03 11:27:42 [exl3.py:464] exl3 e2 diag schema=1 configured_tier=legacy effective_tier=legacy tier_reason=none_requested shared_suh=1 shared_suh_layers=42/42 sym_exl3_moe=1 sym_fat_gemm=1 sym_fat_gemm_scatter=1 cap=12.1 cap_ok=1 tp_rank=1 tp_size=4 prefill_layer_calls=32466 thin_calls=511 row_tile_calls=0 fallback_calls=kernel=0,batched=0,sorted=0,legacy=31954 fallback_reasons=legacy_default=31954,thin_only=511 fat_expert_runs=805751 direct_calls=0 scatter_calls=0 fat_layers=31955 fat_expert_slots=805763 max_rows=2048 fused_temps_allocs=1 fused_temps_bytes=14155776 fat_scratch_allocs=0 fat_scratch_bytes=0 fat_scratch_peak_bytes=0
(Worker_TP1 pid=1239) INFO 09-03 11:27:44 [exl3.py:451] exl3 fat-expert P0: layers=32508 fat_layers=31997 (98.4%) fat_expert_slots=806870 max_rows=2048 avg_max_rows=1411.7 hist_le128=511 hist_gt128=31997 hist=[0, 39, 89, 383, 202, 2701, 3830, 25264, 0]
(Worker_TP1 pid=1239) INFO 09-03 11:27:44 [exl3.py:464] exl3 e2 diag schema=1 configured_tier=legacy effective_tier=legacy tier_reason=none_requested shared_suh=1 shared_suh_layers=42/42 sym_exl3_moe=1 sym_fat_gemm=1 sym_fat_gemm_scatter=1 cap=12.1 cap_ok=1 tp_rank=1 tp_size=4 prefill_layer_calls=32508 thin_calls=511 row_tile_calls=0 fallback_calls=kernel=0,batched=0,sorted=0,legacy=31996 fallback_reasons=legacy_default=31996,thin_only=511 fat_expert_runs=806859 direct_calls=0 scatter_calls=0 fat_layers=31997 fat_expert_slots=806870 max_rows=2048 fused_temps_allocs=1 fused_temps_bytes=14155776 fat_scratch_allocs=0 fat_scratch_bytes=0 fat_scratch_peak_bytes=0
(Worker_TP1 pid=1239) INFO 09-03 11:27:46 [exl3.py:451] exl3 fat-expert P0: layers=32550 fat_layers=32039 (98.4%) fat_expert_slots=807982 max_rows=2048 avg_max_rows=1411.7 hist_le128=511 hist_gt128=32039 hist=[0, 39, 89, 383, 202, 2704, 3836, 25297, 0]
(Worker_TP1 pid=1239) INFO 09-03 11:27:46 [exl3.py:464] exl3 e2 diag schema=1 configured_tier=legacy effective_tier=legacy tier_reason=none_requested shared_suh=1 shared_suh_layers=42/42 sym_exl3_moe=1 sym_fat_gemm=1 sym_fat_gemm_scatter=1 cap=12.1 cap_ok=1 tp_rank=1 tp_size=4 prefill_layer_calls=32550 thin_calls=511 row_tile_calls=0 fallback_calls=kernel=0,batched=0,sorted=0,legacy=32038 fallback_reasons=legacy_default=32038,thin_only=511 fat_expert_runs=807972 direct_calls=0 scatter_calls=0 fat_layers=32039 fat_expert_slots=807982 max_rows=2048 fused_temps_allocs=1 fused_temps_bytes=14155776 fat_scratch_allocs=0 fat_scratch_bytes=0 fat_scratch_peak_bytes=0
(Worker_TP1 pid=1239) INFO 09-03 11:27:47 [exl3.py:451] exl3 fat-expert P0: layers=32592 fat_layers=32081 (98.4%) fat_expert_slots=809098 max_rows=2048 avg_max_rows=1411.8 hist_le128=511 hist_gt128=32081 hist=[0, 39, 89, 383, 202, 2708, 3841, 25330, 0]
(Worker_TP1 pid=1239) INFO 09-03 11:27:47 [exl3.py:464] exl3 e2 diag schema=1 configured_tier=legacy effective_tier=legacy tier_reason=none_requested shared_suh=1 shared_suh_layers=42/42 sym_exl3_moe=1 sym_fat_gemm=1 sym_fat_gemm_scatter=1 cap=12.1 cap_ok=1 tp_rank=1 tp_size=4 prefill_layer_calls=32592 thin_calls=511 row_tile_calls=0 fallback_calls=kernel=0,batched=0,sorted=0,legacy=32080 fallback_reasons=legacy_default=32080,thin_only=511 fat_expert_runs=809087 direct_calls=0 scatter_calls=0 fat_layers=32081 fat_expert_slots=809098 max_rows=2048 fused_temps_allocs=1 fused_temps_bytes=14155776 fat_scratch_allocs=0 fat_scratch_bytes=0 fat_scratch_peak_bytes=0
(Worker_TP1 pid=1239) INFO 09-03 11:27:49 [exl3.py:451] exl3 fat-expert P0: layers=32634 fat_layers=32123 (98.4%) fat_expert_slots=810212 max_rows=2048 avg_max_rows=1411.8 hist_le128=511 hist_gt128=32123 hist=[0, 39, 89, 383, 202, 2712, 3846, 25363, 0]
(Worker_TP1 pid=1239) INFO 09-03 11:27:49 [exl3.py:464] exl3 e2 diag schema=1 configured_tier=legacy effective_tier=legacy tier_reason=none_requested shared_suh=1 shared_suh_layers=42/42 sym_exl3_moe=1 sym_fat_gemm=1 sym_fat_gemm_scatter=1 cap=12.1 cap_ok=1 tp_rank=1 tp_size=4 prefill_layer_calls=32634 thin_calls=511 row_tile_calls=0 fallback_calls=kernel=0,batched=0,sorted=0,legacy=32122 fallback_reasons=legacy_default=32122,thin_only=511 fat_expert_runs=810201 direct_calls=0 scatter_calls=0 fat_layers=32123 fat_expert_slots=810212 max_rows=2048 fused_temps_allocs=1 fused_temps_bytes=14155776 fat_scratch_allocs=0 fat_scratch_bytes=0 fat_scratch_peak_bytes=0
(Worker_TP1 pid=1239) INFO 09-03 11:27:51 [exl3.py:451] exl3 fat-expert P0: layers=32676 fat_layers=32165 (98.4%) fat_expert_slots=811318 max_rows=2048 avg_max_rows=1411.8 hist_le128=511 hist_gt128=32165 hist=[0, 39, 89, 383, 202, 2715, 3853, 25395, 0]
(Worker_TP1 pid=1239) INFO 09-03 11:27:51 [exl3.py:464] exl3 e2 diag schema=1 configured_tier=legacy effective_tier=legacy tier_reason=none_requested shared_suh=1 shared_suh_layers=42/42 sym_exl3_moe=1 sym_fat_gemm=1 sym_fat_gemm_scatter=1 cap=12.1 cap_ok=1 tp_rank=1 tp_size=4 prefill_layer_calls=32676 thin_calls=511 row_tile_calls=0 fallback_calls=kernel=0,batched=0,sorted=0,legacy=32164 fallback_reasons=legacy_default=32164,thin_only=511 fat_expert_runs=811307 direct_calls=0 scatter_calls=0 fat_layers=32165 fat_expert_slots=811318 max_rows=2048 fused_temps_allocs=1 fused_temps_bytes=14155776 fat_scratch_allocs=0 fat_scratch_bytes=0 fat_scratch_peak_bytes=0
(Worker_TP1 pid=1239) INFO 09-03 11:27:52 [exl3.py:451] exl3 fat-expert P0: layers=32718 fat_layers=32207 (98.4%) fat_expert_slots=812424 max_rows=2048 avg_max_rows=1411.8 hist_le128=511 hist_gt128=32207 hist=[0, 39, 89, 383, 202, 2718, 3859, 25428, 0]
(Worker_TP1 pid=1239) INFO 09-03 11:27:52 [exl3.py:464] exl3 e2 diag schema=1 configured_tier=legacy effective_tier=legacy tier_reason=none_requested shared_suh=1 shared_suh_layers=42/42 sym_exl3_moe=1 sym_fat_gemm=1 sym_fat_gemm_scatter=1 cap=12.1 cap_ok=1 tp_rank=1 tp_size=4 prefill_layer_calls=32718 thin_calls=511 row_tile_calls=0 fallback_calls=kernel=0,batched=0,sorted=0,legacy=32206 fallback_reasons=legacy_default=32206,thin_only=511 fat_expert_runs=812413 direct_calls=0 scatter_calls=0 fat_layers=32207 fat_expert_slots=812424 max_rows=2048 fused_temps_allocs=1 fused_temps_bytes=14155776 fat_scratch_allocs=0 fat_scratch_bytes=0 fat_scratch_peak_bytes=0
(Worker_TP1 pid=1239) INFO 09-03 11:27:54 [exl3.py:451] exl3 fat-expert P0: layers=32760 fat_layers=32249 (98.4%) fat_expert_slots=813520 max_rows=2048 avg_max_rows=1411.8 hist_le128=511 hist_gt128=32249 hist=[0, 39, 89, 383, 202, 2721, 3866, 25460, 0]
(Worker_TP1 pid=1239) INFO 09-03 11:27:54 [exl3.py:464] exl3 e2 diag schema=1 configured_tier=legacy effective_tier=legacy tier_reason=none_requested shared_suh=1 shared_suh_layers=42/42 sym_exl3_moe=1 sym_fat_gemm=1 sym_fat_gemm_scatter=1 cap=12.1 cap_ok=1 tp_rank=1 tp_size=4 prefill_layer_calls=32760 thin_calls=511 row_tile_calls=0 fallback_calls=kernel=0,batched=0,sorted=0,legacy=32248 fallback_reasons=legacy_default=32248,thin_only=511 fat_expert_runs=813509 direct_calls=0 scatter_calls=0 fat_layers=32249 fat_expert_slots=813520 max_rows=2048 fused_temps_allocs=1 fused_temps_bytes=14155776 fat_scratch_allocs=0 fat_scratch_bytes=0 fat_scratch_peak_bytes=0
(Worker_TP1 pid=1239) INFO 09-03 11:27:56 [exl3.py:451] exl3 fat-expert P0: layers=32802 fat_layers=32291 (98.4%) fat_expert_slots=814662 max_rows=2048 avg_max_rows=1411.6 hist_le128=511 hist_gt128=32291 hist=[0, 39, 89, 383, 202, 2725, 3876, 25488, 0]
(Worker_TP1 pid=1239) INFO 09-03 11:27:56 [exl3.py:464] exl3 e2 diag schema=1 configured_tier=legacy effective_tier=legacy tier_reason=none_requested shared_suh=1 shared_suh_layers=42/42 sym_exl3_moe=1 sym_fat_gemm=1 sym_fat_gemm_scatter=1 cap=12.1 cap_ok=1 tp_rank=1 tp_size=4 prefill_layer_calls=32802 thin_calls=511 row_tile_calls=0 fallback_calls=kernel=0,batched=0,sorted=0,legacy=32290 fallback_reasons=legacy_default=32290,thin_only=511 fat_expert_runs=814649 direct_calls=0 scatter_calls=0 fat_layers=32291 fat_expert_slots=814662 max_rows=2048 fused_temps_allocs=1 fused_temps_bytes=14155776 fat_scratch_allocs=0 fat_scratch_bytes=0 fat_scratch_peak_bytes=0
(Worker_TP1 pid=1239) INFO 09-03 11:27:58 [exl3.py:451] exl3 fat-expert P0: layers=32844 fat_layers=32333 (98.4%) fat_expert_slots=815676 max_rows=2048 avg_max_rows=1411.4 hist_le128=511 hist_gt128=32333 hist=[0, 39, 89, 383, 202, 2729, 3880, 25522, 0]
(Worker_TP1 pid=1239) INFO 09-03 11:27:58 [exl3.py:464] exl3 e2 diag schema=1 configured_tier=legacy effective_tier=legacy tier_reason=none_requested shared_suh=1 shared_suh_layers=42/42 sym_exl3_moe=1 sym_fat_gemm=1 sym_fat_gemm_scatter=1 cap=12.1 cap_ok=1 tp_rank=1 tp_size=4 prefill_layer_calls=32844 thin_calls=511 row_tile_calls=0 fallback_calls=kernel=0,batched=0,sorted=0,legacy=32332 fallback_reasons=legacy_default=32332,thin_only=511 fat_expert_runs=815654 direct_calls=0 scatter_calls=0 fat_layers=32333 fat_expert_slots=815676 max_rows=2048 fused_temps_allocs=1 fused_temps_bytes=14155776 fat_scratch_allocs=0 fat_scratch_bytes=0 fat_scratch_peak_bytes=0
(Worker_TP1 pid=1239) INFO 09-03 11:27:59 [exl3.py:451] exl3 fat-expert P0: layers=32886 fat_layers=32375 (98.4%) fat_expert_slots=816749 max_rows=2048 avg_max_rows=1411.5 hist_le128=511 hist_gt128=32375 hist=[0, 39, 89, 383, 202, 2733, 3882, 25558, 0]
(Worker_TP1 pid=1239) INFO 09-03 11:27:59 [exl3.py:464] exl3 e2 diag schema=1 configured_tier=legacy effective_tier=legacy tier_reason=none_requested shared_suh=1 shared_suh_layers=42/42 sym_exl3_moe=1 sym_fat_gemm=1 sym_fat_gemm_scatter=1 cap=12.1 cap_ok=1 tp_rank=1 tp_size=4 prefill_layer_calls=32886 thin_calls=511 row_tile_calls=0 fallback_calls=kernel=0,batched=0,sorted=0,legacy=32374 fallback_reasons=legacy_default=32374,thin_only=511 fat_expert_runs=816728 direct_calls=0 scatter_calls=0 fat_layers=32375 fat_expert_slots=816749 max_rows=2048 fused_temps_allocs=1 fused_temps_bytes=14155776 fat_scratch_allocs=0 fat_scratch_bytes=0 fat_scratch_peak_bytes=0
(Worker_TP1 pid=1239) INFO 09-03 11:28:01 [exl3.py:451] exl3 fat-expert P0: layers=32928 fat_layers=32417 (98.4%) fat_expert_slots=817809 max_rows=2048 avg_max_rows=1411.6 hist_le128=511 hist_gt128=32417 hist=[0, 39, 89, 383, 202, 2737, 3884, 25594, 0]
(Worker_TP1 pid=1239) INFO 09-03 11:28:01 [exl3.py:464] exl3 e2 diag schema=1 configured_tier=legacy effective_tier=legacy tier_reason=none_requested shared_suh=1 shared_suh_layers=42/42 sym_exl3_moe=1 sym_fat_gemm=1 sym_fat_gemm_scatter=1 cap=12.1 cap_ok=1 tp_rank=1 tp_size=4 prefill_layer_calls=32928 thin_calls=511 row_tile_calls=0 fallback_calls=kernel=0,batched=0,sorted=0,legacy=32416 fallback_reasons=legacy_default=32416,thin_only=511 fat_expert_runs=817789 direct_calls=0 scatter_calls=0 fat_layers=32417 fat_expert_slots=817809 max_rows=2048 fused_temps_allocs=1 fused_temps_bytes=14155776 fat_scratch_allocs=0 fat_scratch_bytes=0 fat_scratch_peak_bytes=0
(Worker_TP1 pid=1239) INFO 09-03 11:28:03 [exl3.py:451] exl3 fat-expert P0: layers=32970 fat_layers=32459 (98.5%) fat_expert_slots=818876 max_rows=2048 avg_max_rows=1411.7 hist_le128=511 hist_gt128=32459 hist=[0, 39, 89, 383, 202, 2741, 3887, 25629, 0]
(Worker_TP1 pid=1239) INFO 09-03 11:28:03 [exl3.py:464] exl3 e2 diag schema=1 configured_tier=legacy effective_tier=legacy tier_reason=none_requested shared_suh=1 shared_suh_layers=42/42 sym_exl3_moe=1 sym_fat_gemm=1 sym_fat_gemm_scatter=1 cap=12.1 cap_ok=1 tp_rank=1 tp_size=4 prefill_layer_calls=32970 thin_calls=511 row_tile_calls=0 fallback_calls=kernel=0,batched=0,sorted=0,legacy=32458 fallback_reasons=legacy_default=32458,thin_only=511 fat_expert_runs=818854 direct_calls=0 scatter_calls=0 fat_layers=32459 fat_expert_slots=818876 max_rows=2048 fused_temps_allocs=1 fused_temps_bytes=14155776 fat_scratch_allocs=0 fat_scratch_bytes=0 fat_scratch_peak_bytes=0
(Worker_TP1 pid=1239) INFO 09-03 11:28:05 [exl3.py:451] exl3 fat-expert P0: layers=33012 fat_layers=32501 (98.5%) fat_expert_slots=819915 max_rows=2048 avg_max_rows=1411.7 hist_le128=511 hist_gt128=32501 hist=[0, 39, 89, 383, 202, 2744, 3892, 25663, 0]
(Worker_TP1 pid=1239) INFO 09-03 11:28:05 [exl3.py:464] exl3 e2 diag schema=1 configured_tier=legacy effective_tier=legacy tier_reason=none_requested shared_suh=1 shared_suh_layers=42/42 sym_exl3_moe=1 sym_fat_gemm=1 sym_fat_gemm_scatter=1 cap=12.1 cap_ok=1 tp_rank=1 tp_size=4 prefill_layer_calls=33012 thin_calls=511 row_tile_calls=0 fallback_calls=kernel=0,batched=0,sorted=0,legacy=32500 fallback_reasons=legacy_default=32500,thin_only=511 fat_expert_runs=819896 direct_calls=0 scatter_calls=0 fat_layers=32501 fat_expert_slots=819915 max_rows=2048 fused_temps_allocs=1 fused_temps_bytes=14155776 fat_scratch_allocs=0 fat_scratch_bytes=0 fat_scratch_peak_bytes=0
(Worker_TP1 pid=1239) INFO 09-03 11:28:06 [exl3.py:451] exl3 fat-expert P0: layers=33054 fat_layers=32543 (98.5%) fat_expert_slots=820947 max_rows=2048 avg_max_rows=1411.8 hist_le128=511 hist_gt128=32543 hist=[0, 39, 89, 383, 202, 2747, 3897, 25697, 0]
(Worker_TP1 pid=1239) INFO 09-03 11:28:06 [exl3.py:464] exl3 e2 diag schema=1 configured_tier=legacy effective_tier=legacy tier_reason=none_requested shared_suh=1 shared_suh_layers=42/42 sym_exl3_moe=1 sym_fat_gemm=1 sym_fat_gemm_scatter=1 cap=12.1 cap_ok=1 tp_rank=1 tp_size=4 prefill_layer_calls=33054 thin_calls=511 row_tile_calls=0 fallback_calls=kernel=0,batched=0,sorted=0,legacy=32542 fallback_reasons=legacy_default=32542,thin_only=511 fat_expert_runs=820931 direct_calls=0 scatter_calls=0 fat_layers=32543 fat_expert_slots=820947 max_rows=2048 fused_temps_allocs=1 fused_temps_bytes=14155776 fat_scratch_allocs=0 fat_scratch_bytes=0 fat_scratch_peak_bytes=0
(Worker_TP1 pid=1239) INFO 09-03 11:28:08 [exl3.py:451] exl3 fat-expert P0: layers=33096 fat_layers=32585 (98.5%) fat_expert_slots=821996 max_rows=2048 avg_max_rows=1411.9 hist_le128=511 hist_gt128=32585 hist=[0, 39, 89, 383, 202, 2750, 3902, 25731, 0]
(Worker_TP1 pid=1239) INFO 09-03 11:28:08 [exl3.py:464] exl3 e2 diag schema=1 configured_tier=legacy effective_tier=legacy tier_reason=none_requested shared_suh=1 shared_suh_layers=42/42 sym_exl3_moe=1 sym_fat_gemm=1 sym_fat_gemm_scatter=1 cap=12.1 cap_ok=1 tp_rank=1 tp_size=4 prefill_layer_calls=33096 thin_calls=511 row_tile_calls=0 fallback_calls=kernel=0,batched=0,sorted=0,legacy=32584 fallback_reasons=legacy_default=32584,thin_only=511 fat_expert_runs=821979 direct_calls=0 scatter_calls=0 fat_layers=32585 fat_expert_slots=821996 max_rows=2048 fused_temps_allocs=1 fused_temps_bytes=14155776 fat_scratch_allocs=0 fat_scratch_bytes=0 fat_scratch_peak_bytes=0
(Worker_TP1 pid=1239) INFO 09-03 11:28:10 [exl3.py:451] exl3 fat-expert P0: layers=33138 fat_layers=32627 (98.5%) fat_expert_slots=823045 max_rows=2048 avg_max_rows=1412.0 hist_le128=511 hist_gt128=32627 hist=[0, 39, 89, 383, 202, 2753, 3906, 25766, 0]
(Worker_TP1 pid=1239) INFO 09-03 11:28:10 [exl3.py:464] exl3 e2 diag schema=1 configured_tier=legacy effective_tier=legacy tier_reason=none_requested shared_suh=1 shared_suh_layers=42/42 sym_exl3_moe=1 sym_fat_gemm=1 sym_fat_gemm_scatter=1 cap=12.1 cap_ok=1 tp_rank=1 tp_size=4 prefill_layer_calls=33138 thin_calls=511 row_tile_calls=0 fallback_calls=kernel=0,batched=0,sorted=0,legacy=32626 fallback_reasons=legacy_default=32626,thin_only=511 fat_expert_runs=823027 direct_calls=0 scatter_calls=0 fat_layers=32627 fat_expert_slots=823045 max_rows=2048 fused_temps_allocs=1 fused_temps_bytes=14155776 fat_scratch_allocs=0 fat_scratch_bytes=0 fat_scratch_peak_bytes=0
(Worker_TP1 pid=1239) INFO 09-03 11:28:11 [exl3.py:451] exl3 fat-expert P0: layers=33180 fat_layers=32669 (98.5%) fat_expert_slots=824112 max_rows=2048 avg_max_rows=1412.0 hist_le128=511 hist_gt128=32669 hist=[0, 39, 89, 383, 202, 2756, 3910, 25801, 0]
(Worker_TP1 pid=1239) INFO 09-03 11:28:11 [exl3.py:464] exl3 e2 diag schema=1 configured_tier=legacy effective_tier=legacy tier_reason=none_requested shared_suh=1 shared_suh_layers=42/42 sym_exl3_moe=1 sym_fat_gemm=1 sym_fat_gemm_scatter=1 cap=12.1 cap_ok=1 tp_rank=1 tp_size=4 prefill_layer_calls=33180 thin_calls=511 row_tile_calls=0 fallback_calls=kernel=0,batched=0,sorted=0,legacy=32668 fallback_reasons=legacy_default=32668,thin_only=511 fat_expert_runs=824094 direct_calls=0 scatter_calls=0 fat_layers=32669 fat_expert_slots=824112 max_rows=2048 fused_temps_allocs=1 fused_temps_bytes=14155776 fat_scratch_allocs=0 fat_scratch_bytes=0 fat_scratch_peak_bytes=0
(Worker_TP1 pid=1239) INFO 09-03 11:28:13 [exl3.py:451] exl3 fat-expert P0: layers=33222 fat_layers=32711 (98.5%) fat_expert_slots=825173 max_rows=2048 avg_max_rows=1412.1 hist_le128=511 hist_gt128=32711 hist=[0, 39, 89, 383, 202, 2759, 3915, 25835, 0]
(Worker_TP1 pid=1239) INFO 09-03 11:28:13 [exl3.py:464] exl3 e2 diag schema=1 configured_tier=legacy effective_tier=legacy tier_reason=none_requested shared_suh=1 shared_suh_layers=42/42 sym_exl3_moe=1 sym_fat_gemm=1 sym_fat_gemm_scatter=1 cap=12.1 cap_ok=1 tp_rank=1 tp_size=4 prefill_layer_calls=33222 thin_calls=511 row_tile_calls=0 fallback_calls=kernel=0,batched=0,sorted=0,legacy=32710 fallback_reasons=legacy_default=32710,thin_only=511 fat_expert_runs=825156 direct_calls=0 scatter_calls=0 fat_layers=32711 fat_expert_slots=825173 max_rows=2048 fused_temps_allocs=1 fused_temps_bytes=14155776 fat_scratch_allocs=0 fat_scratch_bytes=0 fat_scratch_peak_bytes=0
(Worker_TP1 pid=1239) INFO 09-03 11:28:15 [exl3.py:451] exl3 fat-expert P0: layers=33264 fat_layers=32753 (98.5%) fat_expert_slots=826226 max_rows=2048 avg_max_rows=1412.2 hist_le128=511 hist_gt128=32753 hist=[0, 39, 89, 383, 202, 2762, 3921, 25868, 0]
(Worker_TP1 pid=1239) INFO 09-03 11:28:15 [exl3.py:464] exl3 e2 diag schema=1 configured_tier=legacy effective_tier=legacy tier_reason=none_requested shared_suh=1 shared_suh_layers=42/42 sym_exl3_moe=1 sym_fat_gemm=1 sym_fat_gemm_scatter=1 cap=12.1 cap_ok=1 tp_rank=1 tp_size=4 prefill_layer_calls=33264 thin_calls=511 row_tile_calls=0 fallback_calls=kernel=0,batched=0,sorted=0,legacy=32752 fallback_reasons=legacy_default=32752,thin_only=511 fat_expert_runs=826206 direct_calls=0 scatter_calls=0 fat_layers=32753 fat_expert_slots=826226 max_rows=2048 fused_temps_allocs=1 fused_temps_bytes=14155776 fat_scratch_allocs=0 fat_scratch_bytes=0 fat_scratch_peak_bytes=0
(Worker_TP1 pid=1239) INFO 09-03 11:28:16 [exl3.py:451] exl3 fat-expert P0: layers=33306 fat_layers=32795 (98.5%) fat_expert_slots=827256 max_rows=2048 avg_max_rows=1412.2 hist_le128=511 hist_gt128=32795 hist=[0, 39, 89, 383, 202, 2765, 3926, 25902, 0]
(Worker_TP1 pid=1239) INFO 09-03 11:28:16 [exl3.py:464] exl3 e2 diag schema=1 configured_tier=legacy effective_tier=legacy tier_reason=none_requested shared_suh=1 shared_suh_layers=42/42 sym_exl3_moe=1 sym_fat_gemm=1 sym_fat_gemm_scatter=1 cap=12.1 cap_ok=1 tp_rank=1 tp_size=4 prefill_layer_calls=33306 thin_calls=511 row_tile_calls=0 fallback_calls=kernel=0,batched=0,sorted=0,legacy=32794 fallback_reasons=legacy_default=32794,thin_only=511 fat_expert_runs=827235 direct_calls=0 scatter_calls=0 fat_layers=32795 fat_expert_slots=827256 max_rows=2048 fused_temps_allocs=1 fused_temps_bytes=14155776 fat_scratch_allocs=0 fat_scratch_bytes=0 fat_scratch_peak_bytes=0
(Worker_TP1 pid=1239) INFO 09-03 11:28:18 [exl3.py:451] exl3 fat-expert P0: layers=33348 fat_layers=32837 (98.5%) fat_expert_slots=828292 max_rows=2048 avg_max_rows=1412.3 hist_le128=511 hist_gt128=32837 hist=[0, 39, 89, 383, 202, 2768, 3932, 25935, 0]
(Worker_TP1 pid=1239) INFO 09-03 11:28:18 [exl3.py:464] exl3 e2 diag schema=1 configured_tier=legacy effective_tier=legacy tier_reason=none_requested shared_suh=1 shared_suh_layers=42/42 sym_exl3_moe=1 sym_fat_gemm=1 sym_fat_gemm_scatter=1 cap=12.1 cap_ok=1 tp_rank=1 tp_size=4 prefill_layer_calls=33348 thin_calls=511 row_tile_calls=0 fallback_calls=kernel=0,batched=0,sorted=0,legacy=32836 fallback_reasons=legacy_default=32836,thin_only=511 fat_expert_runs=828275 direct_calls=0 scatter_calls=0 fat_layers=32837 fat_expert_slots=828292 max_rows=2048 fused_temps_allocs=1 fused_temps_bytes=14155776 fat_scratch_allocs=0 fat_scratch_bytes=0 fat_scratch_peak_bytes=0
(Worker_TP1 pid=1239) INFO 09-03 11:28:20 [exl3.py:451] exl3 fat-expert P0: layers=33390 fat_layers=32879 (98.5%) fat_expert_slots=829302 max_rows=2048 avg_max_rows=1412.3 hist_le128=511 hist_gt128=32879 hist=[0, 39, 89, 383, 202, 2771, 3938, 25968, 0]
(Worker_TP1 pid=1239) INFO 09-03 11:28:20 [exl3.py:464] exl3 e2 diag schema=1 configured_tier=legacy effective_tier=legacy tier_reason=none_requested shared_suh=1 shared_suh_layers=42/42 sym_exl3_moe=1 sym_fat_gemm=1 sym_fat_gemm_scatter=1 cap=12.1 cap_ok=1 tp_rank=1 tp_size=4 prefill_layer_calls=33390 thin_calls=511 row_tile_calls=0 fallback_calls=kernel=0,batched=0,sorted=0,legacy=32878 fallback_reasons=legacy_default=32878,thin_only=511 fat_expert_runs=829287 direct_calls=0 scatter_calls=0 fat_layers=32879 fat_expert_slots=829302 max_rows=2048 fused_temps_allocs=1 fused_temps_bytes=14155776 fat_scratch_allocs=0 fat_scratch_bytes=0 fat_scratch_peak_bytes=0
(Worker_TP1 pid=1239) INFO 09-03 11:28:22 [exl3.py:451] exl3 fat-expert P0: layers=33432 fat_layers=32921 (98.5%) fat_expert_slots=830324 max_rows=2048 avg_max_rows=1412.4 hist_le128=511 hist_gt128=32921 hist=[0, 39, 89, 383, 202, 2774, 3942, 26003, 0]
(Worker_TP1 pid=1239) INFO 09-03 11:28:22 [exl3.py:464] exl3 e2 diag schema=1 configured_tier=legacy effective_tier=legacy tier_reason=none_requested shared_suh=1 shared_suh_layers=42/42 sym_exl3_moe=1 sym_fat_gemm=1 sym_fat_gemm_scatter=1 cap=12.1 cap_ok=1 tp_rank=1 tp_size=4 prefill_layer_calls=33432 thin_calls=511 row_tile_calls=0 fallback_calls=kernel=0,batched=0,sorted=0,legacy=32920 fallback_reasons=legacy_default=32920,thin_only=511 fat_expert_runs=830310 direct_calls=0 scatter_calls=0 fat_layers=32921 fat_expert_slots=830324 max_rows=2048 fused_temps_allocs=1 fused_temps_bytes=14155776 fat_scratch_allocs=0 fat_scratch_bytes=0 fat_scratch_peak_bytes=0
