glm53: video placeholders aligned to encoder grid_t (Glm5Next→glm46v)
glm53: disabled GB10 persistent_topk (use top_k_per_row_decode)
glm53: overlay install ok aligned=True
glm53: video placeholders aligned to encoder grid_t (Glm5Next→glm46v)
[suppress-stops-in-reasoning] skipped: /usr/local/lib/python3.12/dist-packages/vllm/v1/engine/detokenizer.py
glm53: video placeholders aligned to encoder grid_t (Glm5Next→glm46v)
scheduler.py: # [glm53-decode-floor] already present — skipping
glm53: video placeholders aligned to encoder grid_t (Glm5Next→glm46v)
[patch_glm5_drafter_group] /usr/local/lib/python3.12/dist-packages/vllm/v1/core/kv_cache_utils.py: already patched (DFLASH2-DRAFTER-GROUP + padded slot-share); no-op.
glm53: video placeholders aligned to encoder grid_t (Glm5Next→glm46v)
kv_cache_coordinator.py: # [glm53-hybrid-apc] already present — skipping
glm53: video placeholders aligned to encoder grid_t (Glm5Next→glm46v)
backend_xgrammar.py: termination fix already present (#52805)
__init__.py: reasoning fix already present (#53046)
glm53: video placeholders aligned to encoder grid_t (Glm5Next→glm46v)
block_table.py: kpool tail slot-map already present
glm53: video placeholders aligned to encoder grid_t (Glm5Next→glm46v)
installed /usr/local/lib/python3.12/dist-packages/vllm/models/glm5next/nvidia/glm53_ablit.py
model.py: ABLIT-HOOK already present — skipping
mtp.py: ABLIT-HOOK already present — skipping
[tp4-r1] launching: vllm serve /root/.cache/huggingface/hub/models--Mia-AiLab--GLM-5.3-Flash-EXL3-TR3-4bpw/snapshots/25a44fdbf16862a46b7cc9921142c6c81350af2f --served-model-name GLM-5.3-Flash-EXL3 --host 0.0.0.0 --port 8890 --tensor-parallel-size 4 --nnodes 4 --node-rank 1 --master-addr 10.200.0.11 --master-port 29531 --distributed-executor-backend mp --tool-call-parser glm47 --enable-auto-tool-choice --reasoning-parser glm45 --enable-prefix-caching --no-enable-flashinfer-autotune --quantization exl3 --max-model-len 1000000 --gpu-memory-utilization 0.75 --max-num-seqs 8 --max-num-batched-tokens 2048 --kv-cache-dtype fp8 --limit-mm-per-prompt {"image":4,"video":1} --skip-mm-profiling --chat-template /opt/glm53/chat_template.jinja --headless --speculative-config {"method":"dflash","model":"/root/.cache/huggingface/hub/models--incoai--GLM-5.3-Flash-DFlash2/snapshots/dc77ff1c99eeb2df044ee3d4f0094eb033fee410","num_speculative_tokens":3,"kv_cache_dtype":"auto","draft_sample_method":"probabilistic","rejection_sample_method":"standard","draft_tensor_parallel_size":4}
glm53: video placeholders aligned to encoder grid_t (Glm5Next→glm46v)
INFO 09-02 23:16:47 [model.py:679] Resolved architecture: Glm5NextForConditionalGeneration
INFO 09-02 23:16:47 [model.py:1973] Using max model len 1000000
INFO 09-02 23:16:50 [cache.py:282] Using fp8 data type to store kv cache. It reduces the GPU memory footprint and boosts the performance. Meanwhile, it may cause accuracy drop without a proper scaling factor
INFO 09-02 23:16:50 [arg_utils.py:2168] Inferred data_parallel_rank 0 from node_rank 1
INFO 09-02 23:16:50 [model.py:679] Resolved architecture: DFlash2DraftModel
INFO 09-02 23:16:50 [model.py:1973] Using max model len 1048576
INFO 09-02 23:16:50 [speculative.py:1256] Overriding draft model max model len from 1048576 to 1000000
INFO 09-02 23:16:50 [config.py:605] Mamba cache mode is set to 'align' for Glm5NextForConditionalGeneration by default when prefix caching is enabled
INFO 09-02 23:16:50 [vllm.py:1319] Auto-enabling VLLM_USE_BREAKABLE_CUDAGRAPH=1. Set VLLM_USE_BREAKABLE_CUDAGRAPH=0 to opt out.
INFO 09-02 23:16:50 [kernel.py:306] Final IR op priority after setting platform defaults: IrOpPriorityConfig(rms_norm=['vllm_c', 'native'], fused_add_rms_norm=['vllm_c', 'native'])
WARNING 09-02 23:16:50 [vllm.py:1849] max_num_scheduled_tokens is set to 2048 based on the speculative decoding settings. This may lead to suboptimal performance. Consider increasing max_num_batched_tokens to accommodate the additional draft token slots, or decrease num_speculative_tokens.
INFO 09-02 23:16:50 [compilation.py:329] Enabled custom fusions: norm_quant, act_quant
INFO 09-02 23:16:50 [serve.py:216] Launching vLLM (v0.1.dev20051+g487ecf187) headless multiproc executor, with head node address 10.200.0.11:29531 for torch.distributed process group.
glm53: video placeholders aligned to encoder grid_t (Glm5Next→glm46v)
glm53: video placeholders aligned to encoder grid_t (Glm5Next→glm46v)
(Worker pid=1238) INFO 09-02 23:16:57 [parallel_state.py:1638] world_size=4 rank=1 local_rank=0 distributed_init_method=tcp://10.200.0.11:29531 backend=nccl
[W902 23:16:57.111894194 socket.cpp:207] [c10d] The hostname of the client socket cannot be retrieved. err=-3
(Worker pid=1238) WARNING 09-02 23:17:08 [symm_mem.py:67] SymmMemCommunicator: Device capability 12.1 not supported, communicator is not available.
(Worker pid=1238) WARNING 09-02 23:17:08 [custom_all_reduce.py:254] Custom collectives are disabled because this multi-node group does not support MNNVL multicast.
(Worker pid=1238) INFO 09-02 23:17:14 [parallel_state.py:1982] rank 1 in world size 4 is assigned as DP rank 0, PP rank 0, PCP rank 0, TP rank 1, EP rank 1, EPLB rank N/A
(Worker pid=1238) INFO 09-02 23:17:14 [gpu_worker.py:386] Using V2 Model Runner
(Worker_TP1 pid=1238) INFO 09-02 23:17:14 [model_runner.py:353] Loading model from scratch...
(Worker_TP1 pid=1238) INFO 09-02 23:17:14 [cuda.py:595] Using backend AttentionBackendEnum.FLASH_ATTN for vit attention
(Worker_TP1 pid=1238) INFO 09-02 23:17:14 [mm_encoder_attention.py:375] Using AttentionBackendEnum.FLASH_ATTN for MMEncoderAttention.
(Worker_TP1 pid=1238) INFO 09-02 23:17:14 [kernel.py:306] Final IR op priority after setting platform defaults: IrOpPriorityConfig(rms_norm=['vllm_c', 'native'], fused_add_rms_norm=['vllm_c', 'native'])
(Worker_TP1 pid=1238) WARNING 09-02 23:17:14 [vllm.py:1849] max_num_scheduled_tokens is set to 2048 based on the speculative decoding settings. This may lead to suboptimal performance. Consider increasing max_num_batched_tokens to accommodate the additional draft token slots, or decrease num_speculative_tokens.
(Worker_TP1 pid=1238) INFO 09-02 23:17:14 [cuda.py:536] Using FLASHINFER_MLA_SPARSE_SM120 attention backend out of potential backends: ['FLASHINFER_MLA_SPARSE_SM120'].
(Worker_TP1 pid=1238) INFO 09-02 23:17:14 [mla_attention.py:475] Using fp8_ds_mla KV cache format for FLASHINFER_MLA_SPARSE_SM120 backend.
(Worker_TP1 pid=1238) WARNING 09-02 23:17:14 [mla_attention.py:551] Sparse MLA impl has no dense-MHA prefill path; using the top-k MQA path only.
(Worker_TP1 pid=1238) INFO 09-02 23:17:14 [deep_gemm.py:191] deep_gemm not found in site-packages, trying vendored vllm.third_party.deep_gemm
(Worker_TP1 pid=1238) INFO 09-02 23:17:14 [deep_gemm.py:136] DeepGEMM E8M0 enabled on current platform.
(Worker_TP1 pid=1238) INFO 09-02 23:17:16 [weight_utils.py:858] Filesystem type for checkpoints: EXT4. Checkpoint size: 163.58 GiB. Available RAM: 64.83 GiB.
(Worker_TP1 pid=1238) INFO 09-02 23:17:16 [weight_utils.py:888] Auto-prefetch is disabled because the filesystem (EXT4) is not a recognized network FS (NFS/Lustre) and the checkpoint size (163.58 GiB) exceeds 90% of available RAM (64.83 GiB).
(Worker_TP1 pid=1238) INFO 09-02 23:19:09 [default_loader.py:430] Loading weights took 113.02 seconds
(Worker_TP1 pid=1238) INFO 09-02 23:19:10 [exl3.py:379] exl3 e2 diag schema=1 configured_tier=kernel effective_tier=kernel tier_reason=kernel_ok shared_suh=1 shared_suh_layers=1/1 sym_exl3_moe=1 sym_fat_gemm=1 sym_fat_gemm_scatter=1 cap=12.1 cap_ok=1 tp_rank=1 tp_size=4 prefill_layer_calls=0 thin_calls=0 row_tile_calls=0 fallback_calls=kernel=0,batched=0,sorted=0,legacy=0 fallback_reasons=none fat_expert_runs=0 direct_calls=0 scatter_calls=0 fat_layers=0 fat_expert_slots=0 max_rows=0 fused_temps_allocs=0 fused_temps_bytes=0 fat_scratch_allocs=0 fat_scratch_bytes=0 fat_scratch_peak_bytes=0
(Worker_TP1 pid=1238) INFO 09-02 23:19:11 [exl3.py:1585] EXL3 MCG trellis engaged for routed experts: bits=4 experts_local=288 hidden=4096 intermediate_local=512 fused_moe=exl3_moe concurrency=6 (no BF16 expert reconstruct at load)
(Worker_TP1 pid=1238) INFO 09-02 23:19:11 [exl3.py:1585] EXL3 MCG trellis engaged for routed experts: bits=4 experts_local=288 hidden=4096 intermediate_local=512 fused_moe=exl3_moe concurrency=6 (no BF16 expert reconstruct at load)
(Worker_TP1 pid=1238) INFO 09-02 23:19:11 [exl3.py:1585] EXL3 MCG trellis engaged for routed experts: bits=4 experts_local=288 hidden=4096 intermediate_local=512 fused_moe=exl3_moe concurrency=6 (no BF16 expert reconstruct at load)
(Worker_TP1 pid=1238) INFO 09-02 23:19:11 [exl3.py:1585] EXL3 MCG trellis engaged for routed experts: bits=4 experts_local=288 hidden=4096 intermediate_local=512 fused_moe=exl3_moe concurrency=6 (no BF16 expert reconstruct at load)
(Worker_TP1 pid=1238) INFO 09-02 23:19:11 [exl3.py:1585] EXL3 MCG trellis engaged for routed experts: bits=4 experts_local=288 hidden=4096 intermediate_local=512 fused_moe=exl3_moe concurrency=6 (no BF16 expert reconstruct at load)
(Worker_TP1 pid=1238) INFO 09-02 23:19:11 [exl3.py:1585] EXL3 MCG trellis engaged for routed experts: bits=4 experts_local=288 hidden=4096 intermediate_local=512 fused_moe=exl3_moe concurrency=6 (no BF16 expert reconstruct at load)
(Worker_TP1 pid=1238) INFO 09-02 23:19:11 [exl3.py:1585] EXL3 MCG trellis engaged for routed experts: bits=4 experts_local=288 hidden=4096 intermediate_local=512 fused_moe=exl3_moe concurrency=6 (no BF16 expert reconstruct at load)
(Worker_TP1 pid=1238) INFO 09-02 23:19:11 [exl3.py:1585] EXL3 MCG trellis engaged for routed experts: bits=4 experts_local=288 hidden=4096 intermediate_local=512 fused_moe=exl3_moe concurrency=6 (no BF16 expert reconstruct at load)
(Worker_TP1 pid=1238) INFO 09-02 23:19:11 [exl3.py:1585] EXL3 MCG trellis engaged for routed experts: bits=4 experts_local=288 hidden=4096 intermediate_local=512 fused_moe=exl3_moe concurrency=6 (no BF16 expert reconstruct at load)
(Worker_TP1 pid=1238) INFO 09-02 23:19:11 [exl3.py:1585] EXL3 MCG trellis engaged for routed experts: bits=4 experts_local=288 hidden=4096 intermediate_local=512 fused_moe=exl3_moe concurrency=6 (no BF16 expert reconstruct at load)
(Worker_TP1 pid=1238) INFO 09-02 23:19:11 [exl3.py:1585] EXL3 MCG trellis engaged for routed experts: bits=4 experts_local=288 hidden=4096 intermediate_local=512 fused_moe=exl3_moe concurrency=6 (no BF16 expert reconstruct at load)
(Worker_TP1 pid=1238) INFO 09-02 23:19:11 [exl3.py:1585] EXL3 MCG trellis engaged for routed experts: bits=4 experts_local=288 hidden=4096 intermediate_local=512 fused_moe=exl3_moe concurrency=6 (no BF16 expert reconstruct at load)
(Worker_TP1 pid=1238) INFO 09-02 23:19:11 [exl3.py:1585] EXL3 MCG trellis engaged for routed experts: bits=4 experts_local=288 hidden=4096 intermediate_local=512 fused_moe=exl3_moe concurrency=6 (no BF16 expert reconstruct at load)
(Worker_TP1 pid=1238) INFO 09-02 23:19:11 [exl3.py:1585] EXL3 MCG trellis engaged for routed experts: bits=4 experts_local=288 hidden=4096 intermediate_local=512 fused_moe=exl3_moe concurrency=6 (no BF16 expert reconstruct at load)
(Worker_TP1 pid=1238) INFO 09-02 23:19:11 [exl3.py:1585] EXL3 MCG trellis engaged for routed experts: bits=4 experts_local=288 hidden=4096 intermediate_local=512 fused_moe=exl3_moe concurrency=6 (no BF16 expert reconstruct at load)
(Worker_TP1 pid=1238) INFO 09-02 23:19:11 [exl3.py:1585] EXL3 MCG trellis engaged for routed experts: bits=4 experts_local=288 hidden=4096 intermediate_local=512 fused_moe=exl3_moe concurrency=6 (no BF16 expert reconstruct at load)
(Worker_TP1 pid=1238) INFO 09-02 23:19:11 [exl3.py:1585] EXL3 MCG trellis engaged for routed experts: bits=4 experts_local=288 hidden=4096 intermediate_local=512 fused_moe=exl3_moe concurrency=6 (no BF16 expert reconstruct at load)
(Worker_TP1 pid=1238) INFO 09-02 23:19:11 [exl3.py:1585] EXL3 MCG trellis engaged for routed experts: bits=4 experts_local=288 hidden=4096 intermediate_local=512 fused_moe=exl3_moe concurrency=6 (no BF16 expert reconstruct at load)
(Worker_TP1 pid=1238) INFO 09-02 23:19:11 [exl3.py:1585] EXL3 MCG trellis engaged for routed experts: bits=4 experts_local=288 hidden=4096 intermediate_local=512 fused_moe=exl3_moe concurrency=6 (no BF16 expert reconstruct at load)
(Worker_TP1 pid=1238) INFO 09-02 23:19:11 [exl3.py:1585] EXL3 MCG trellis engaged for routed experts: bits=4 experts_local=288 hidden=4096 intermediate_local=512 fused_moe=exl3_moe concurrency=6 (no BF16 expert reconstruct at load)
(Worker_TP1 pid=1238) INFO 09-02 23:19:11 [exl3.py:1585] EXL3 MCG trellis engaged for routed experts: bits=4 experts_local=288 hidden=4096 intermediate_local=512 fused_moe=exl3_moe concurrency=6 (no BF16 expert reconstruct at load)
(Worker_TP1 pid=1238) INFO 09-02 23:19:11 [exl3.py:1585] EXL3 MCG trellis engaged for routed experts: bits=4 experts_local=288 hidden=4096 intermediate_local=512 fused_moe=exl3_moe concurrency=6 (no BF16 expert reconstruct at load)
(Worker_TP1 pid=1238) INFO 09-02 23:19:11 [exl3.py:1585] EXL3 MCG trellis engaged for routed experts: bits=4 experts_local=288 hidden=4096 intermediate_local=512 fused_moe=exl3_moe concurrency=6 (no BF16 expert reconstruct at load)
(Worker_TP1 pid=1238) INFO 09-02 23:19:11 [exl3.py:1585] EXL3 MCG trellis engaged for routed experts: bits=4 experts_local=288 hidden=4096 intermediate_local=512 fused_moe=exl3_moe concurrency=6 (no BF16 expert reconstruct at load)
(Worker_TP1 pid=1238) INFO 09-02 23:19:11 [exl3.py:1585] EXL3 MCG trellis engaged for routed experts: bits=4 experts_local=288 hidden=4096 intermediate_local=512 fused_moe=exl3_moe concurrency=6 (no BF16 expert reconstruct at load)
(Worker_TP1 pid=1238) INFO 09-02 23:19:11 [exl3.py:1585] EXL3 MCG trellis engaged for routed experts: bits=4 experts_local=288 hidden=4096 intermediate_local=512 fused_moe=exl3_moe concurrency=6 (no BF16 expert reconstruct at load)
(Worker_TP1 pid=1238) INFO 09-02 23:19:11 [exl3.py:1585] EXL3 MCG trellis engaged for routed experts: bits=4 experts_local=288 hidden=4096 intermediate_local=512 fused_moe=exl3_moe concurrency=6 (no BF16 expert reconstruct at load)
(Worker_TP1 pid=1238) INFO 09-02 23:19:11 [exl3.py:1585] EXL3 MCG trellis engaged for routed experts: bits=4 experts_local=288 hidden=4096 intermediate_local=512 fused_moe=exl3_moe concurrency=6 (no BF16 expert reconstruct at load)
(Worker_TP1 pid=1238) INFO 09-02 23:19:11 [exl3.py:1585] EXL3 MCG trellis engaged for routed experts: bits=4 experts_local=288 hidden=4096 intermediate_local=512 fused_moe=exl3_moe concurrency=6 (no BF16 expert reconstruct at load)
(Worker_TP1 pid=1238) INFO 09-02 23:19:11 [exl3.py:1585] EXL3 MCG trellis engaged for routed experts: bits=4 experts_local=288 hidden=4096 intermediate_local=512 fused_moe=exl3_moe concurrency=6 (no BF16 expert reconstruct at load)
(Worker_TP1 pid=1238) INFO 09-02 23:19:11 [exl3.py:1585] EXL3 MCG trellis engaged for routed experts: bits=4 experts_local=288 hidden=4096 intermediate_local=512 fused_moe=exl3_moe concurrency=6 (no BF16 expert reconstruct at load)
(Worker_TP1 pid=1238) INFO 09-02 23:19:11 [exl3.py:1585] EXL3 MCG trellis engaged for routed experts: bits=4 experts_local=288 hidden=4096 intermediate_local=512 fused_moe=exl3_moe concurrency=6 (no BF16 expert reconstruct at load)
(Worker_TP1 pid=1238) INFO 09-02 23:19:11 [exl3.py:1585] EXL3 MCG trellis engaged for routed experts: bits=4 experts_local=288 hidden=4096 intermediate_local=512 fused_moe=exl3_moe concurrency=6 (no BF16 expert reconstruct at load)
(Worker_TP1 pid=1238) INFO 09-02 23:19:11 [exl3.py:1585] EXL3 MCG trellis engaged for routed experts: bits=4 experts_local=288 hidden=4096 intermediate_local=512 fused_moe=exl3_moe concurrency=6 (no BF16 expert reconstruct at load)
(Worker_TP1 pid=1238) INFO 09-02 23:19:11 [exl3.py:1585] EXL3 MCG trellis engaged for routed experts: bits=4 experts_local=288 hidden=4096 intermediate_local=512 fused_moe=exl3_moe concurrency=6 (no BF16 expert reconstruct at load)
(Worker_TP1 pid=1238) INFO 09-02 23:19:11 [exl3.py:1585] EXL3 MCG trellis engaged for routed experts: bits=4 experts_local=288 hidden=4096 intermediate_local=512 fused_moe=exl3_moe concurrency=6 (no BF16 expert reconstruct at load)
(Worker_TP1 pid=1238) INFO 09-02 23:19:11 [exl3.py:1585] EXL3 MCG trellis engaged for routed experts: bits=4 experts_local=288 hidden=4096 intermediate_local=512 fused_moe=exl3_moe concurrency=6 (no BF16 expert reconstruct at load)
(Worker_TP1 pid=1238) INFO 09-02 23:19:11 [exl3.py:1585] EXL3 MCG trellis engaged for routed experts: bits=4 experts_local=288 hidden=4096 intermediate_local=512 fused_moe=exl3_moe concurrency=6 (no BF16 expert reconstruct at load)
(Worker_TP1 pid=1238) INFO 09-02 23:19:19 [exl3.py:1585] EXL3 MCG trellis engaged for routed experts: bits=4 experts_local=288 hidden=4096 intermediate_local=512 fused_moe=exl3_moe concurrency=6 (no BF16 expert reconstruct at load)
(Worker_TP1 pid=1238) INFO 09-02 23:19:19 [exl3.py:1585] EXL3 MCG trellis engaged for routed experts: bits=4 experts_local=288 hidden=4096 intermediate_local=512 fused_moe=exl3_moe concurrency=6 (no BF16 expert reconstruct at load)
(Worker_TP1 pid=1238) INFO 09-02 23:19:19 [exl3.py:1585] EXL3 MCG trellis engaged for routed experts: bits=4 experts_local=288 hidden=4096 intermediate_local=512 fused_moe=exl3_moe concurrency=6 (no BF16 expert reconstruct at load)
(Worker_TP1 pid=1238) INFO 09-02 23:19:19 [exl3.py:1585] EXL3 MCG trellis engaged for routed experts: bits=4 experts_local=288 hidden=4096 intermediate_local=512 fused_moe=exl3_moe concurrency=6 (no BF16 expert reconstruct at load)
(Worker_TP1 pid=1238) INFO 09-02 23:19:19 [eagle3_utils.py:28] Using Eagle3 auxiliary layers from config: (6, 15, 25, 34, 43)
(Worker_TP1 pid=1238) INFO 09-02 23:19:19 [kernel.py:306] Final IR op priority after setting platform defaults: IrOpPriorityConfig(rms_norm=['vllm_c', 'native'], fused_add_rms_norm=['vllm_c', 'native'])
(Worker_TP1 pid=1238) INFO 09-02 23:19:20 [cuda.py:536] Using FLASH_ATTN attention backend out of potential backends: ['FLASH_ATTN', 'FLASHINFER', 'TRITON_ATTN', 'FLEX_ATTENTION'].
(Worker_TP1 pid=1238) INFO 09-02 23:19:20 [flash_attn.py:867] Using FlashAttention version 2
(Worker_TP1 pid=1238) INFO 09-02 23:19:20 [weight_utils.py:858] Filesystem type for checkpoints: EXT4. Checkpoint size: 2.18 GiB. Available RAM: 63.58 GiB.
(Worker_TP1 pid=1238) INFO 09-02 23:19:20 [weight_utils.py:881] Auto-prefetch is disabled because the filesystem (EXT4) is not a recognized network FS (NFS/Lustre). If you want to force prefetching, start vLLM with --safetensors-load-strategy=prefetch.
(Worker_TP1 pid=1238) INFO 09-02 23:19:23 [default_loader.py:430] Loading weights took 3.12 seconds
(Worker_TP1 pid=1238) WARNING 09-02 23:19:23 [speculator.py:191] Draft model DFlash2Qwen3ForCausalLM does not support external multimodal embeddings. Embeddings from the target model will not be passed to the drafter; using text-only draft inputs instead.
(Worker_TP1 pid=1238) INFO 09-02 23:19:24 [model_runner.py:374] Model loading took 41.81 GiB and 129.697210 seconds
(Worker_TP1 pid=1238) INFO 09-02 23:19:24 [interface.py:635] Setting kv cache block size to 64 for DEEPSEEK_V32_INDEXER backend.
(Worker_TP1 pid=1238) INFO 09-02 23:19:24 [interface.py:926] Setting attention block size to 1792 tokens to ensure that attention page size is >= mamba page size.
(Worker_TP1 pid=1238) INFO 09-02 23:19:24 [interface.py:950] Padding mamba page size by 4.74% to ensure that mamba page size and attention page size are exactly equal.
INFO 09-02 23:21:16 [torch_utils.py:262] Reducing Torch threads from 20 to 1 for serving. Set OMP_NUM_THREADS in the external environment to override.
(Worker_TP1 pid=1238) INFO 09-02 23:21:36 [exl3.py:451] exl3 fat-expert P0: layers=42 fat_layers=42 (100.0%) fat_expert_slots=336 max_rows=2048 avg_max_rows=2048.0 hist_le128=0 hist_gt128=42 hist=[0, 0, 0, 0, 0, 0, 0, 42, 0]
(Worker_TP1 pid=1238) INFO 09-02 23:21:36 [exl3.py:464] exl3 e2 diag schema=1 configured_tier=kernel effective_tier=kernel tier_reason=kernel_ok shared_suh=1 shared_suh_layers=42/42 sym_exl3_moe=1 sym_fat_gemm=1 sym_fat_gemm_scatter=1 cap=12.1 cap_ok=1 tp_rank=1 tp_size=4 prefill_layer_calls=42 thin_calls=0 row_tile_calls=0 fallback_calls=kernel=41,batched=0,sorted=0,legacy=0 fallback_reasons=kernel_ok=41 fat_expert_runs=328 direct_calls=328 scatter_calls=328 fat_layers=42 fat_expert_slots=336 max_rows=2048 fused_temps_allocs=1 fused_temps_bytes=14155776 fat_scratch_allocs=1 fat_scratch_bytes=98568192 fat_scratch_peak_bytes=98568192
(Worker_TP1 pid=1238) INFO 09-02 23:21:47 [kv_cache_utils.py:1554] DFlash2 drafter KV: padded slot-share block=64 mla_page=1175552 (was block=16); exact-fit page mismatch draft_bytes/token=1024
(Worker_TP1 pid=1238) INFO 09-02 23:21:47 [indexer.py:836] DSA indexer decode path: use_flattening=True supports_varlen=False (next_n=4, use_fp4_indexer_cache=False)
(Worker_TP1 pid=1238) INFO 09-02 23:21:47 [kernel.py:306] Final IR op priority after setting platform defaults: IrOpPriorityConfig(rms_norm=['vllm_c', 'native'], fused_add_rms_norm=['vllm_c', 'native'])
(Worker_TP1 pid=1238) INFO 09-02 23:21:47 [breakable_cudagraph.py:288] Breakable CUDA graph enabled
(Worker_TP1 pid=1238) /usr/local/lib/python3.12/dist-packages/triton/language/core.py:2284: UserWarning: tl.make_block_ptr is deprecated. Use TensorDescriptor or tl.make_tensor_descriptor instead.
(Worker_TP1 pid=1238)   warn("tl.make_block_ptr is deprecated. Use TensorDescriptor or tl.make_tensor_descriptor instead.")
(Worker_TP1 pid=1238) INFO 09-02 23:22:40 [model_runner.py:952] Estimated CUDA graph memory: 1.15 GiB total
(Worker_TP1 pid=1238) INFO 09-02 23:22:40 [gpu_worker.py:564] Available KV cache memory: 41.94 GiB
(Worker_TP1 pid=1238) INFO 09-02 23:22:40 [gpu_worker.py:579] CUDA graph memory profiling is enabled (default since v0.21.0). The current --gpu-memory-utilization=0.7500 is equivalent to --gpu-memory-utilization=0.7405 without CUDA graph memory profiling. To maintain the same effective KV cache size as before, increase --gpu-memory-utilization to 0.7595. To disable, set VLLM_MEMORY_PROFILER_ESTIMATE_CUDAGRAPHS=0.
(Worker_TP1 pid=1238) INFO 09-02 23:22:41 [kernel.py:306] Final IR op priority after setting platform defaults: IrOpPriorityConfig(rms_norm=['vllm_c', 'native'], fused_add_rms_norm=['vllm_c', 'native'])
(Worker_TP1 pid=1238) INFO 09-02 23:22:46 [spec_decode_rejection_warmup.py:64] Warming up spec-decode rejection sampler kernels (vocab=154880, num_spec=3, dtype_pairs=[('torch.bfloat16', 'torch.bfloat16'), ('torch.float32', 'torch.bfloat16'), ('torch.float32', 'torch.float32'), ('torch.bfloat16', 'torch.float32')], block_verify=False).
(Worker_TP1 pid=1238) INFO 09-02 23:22:49 [kernel_warmup.py:95] Warming up ll_bf16 router GEMM kernels for shapes: ((4096, 288),).
(Worker_TP1 pid=1238) INFO 09-02 23:22:50 [kernel_warmup.py:170] Skipping FlashInfer autotune because it is disabled.
(Worker_TP1 pid=1238) INFO 09-02 23:22:56 [speculator.py:137] Capturing model for DFlash2 speculator...
(Worker_TP1 pid=1238) INFO 09-02 23:23:29 [model_runner.py:1012] Graph capturing finished in 38 secs, took 0.14 GiB
(Worker_TP1 pid=1238) INFO 09-02 23:23:29 [gpu_worker.py:727] CUDA graph pool memory: 0.14 GiB (actual), 1.15 GiB (estimated), difference: 1.01 GiB (724.8%).
(Worker_TP1 pid=1238) INFO 09-02 23:23:29 [gpu_worker.py:790] Free memory on device (106.55/121.69 GiB) on startup. Desired GPU memory utilization is (0.75, 91.27 GiB). Actual usage is 46.88 GiB for consumed memory (weights + non-torch), 2.45 GiB for peak activation, and 0.14 GiB for CUDAGraph memory. Replace gpu_memory_utilization config with `--kv-cache-memory=44724148224` (41.65 GiB) to fit into requested memory, or `--kv-cache-memory=61130962944` (56.93 GiB) to fully utilize gpu memory. Current kv cache memory in use is 41.94 GiB.
(Worker_TP1 pid=1238) INFO 09-02 23:23:34 [jit_monitor.py:79] Kernel JIT monitor activated; monitored JIT compilations during inference will use mode=warn.
(Worker_TP1 pid=1238) INFO 09-02 23:23:34 [torch_utils.py:262] Reducing Torch threads from 20 to 1 for serving. Set OMP_NUM_THREADS in the external environment to override.
(Worker_TP1 pid=1238) WARNING 09-02 23:24:37 [jit_monitor.py:135] Triton kernel JIT compilation during inference: _prepare_dflash_inputs_kernel. This causes a latency spike; consider extending warmup to cover this shape/config.
(Worker_TP1 pid=1238) WARNING 09-02 23:24:37 [jit_monitor.py:135] Triton kernel JIT compilation during inference: _compute_local_logits_stats_kernel. This causes a latency spike; consider extending warmup to cover this shape/config.
(Worker_TP1 pid=1238) WARNING 09-02 23:24:38 [jit_monitor.py:135] Triton kernel JIT compilation during inference: _rejection_kernel. This causes a latency spike; consider extending warmup to cover this shape/config.
(Worker_TP1 pid=1238) WARNING 09-02 23:24:38 [jit_monitor.py:135] Triton kernel JIT compilation during inference: _resample_kernel. This causes a latency spike; consider extending warmup to cover this shape/config.
(Worker_TP1 pid=1238) WARNING 09-02 23:24:38 [jit_monitor.py:135] TileLang JIT compilation during inference: mhc_pre_big_fuse_with_norm_tilelang. This causes a latency spike; consider extending warmup to cover this shape/config.
(Worker_TP1 pid=1238) INFO 09-02 23:24:51 [exl3.py:451] exl3 fat-expert P0: layers=84 fat_layers=59 (70.2%) fat_expert_slots=368 max_rows=2048 avg_max_rows=1094.7 hist_le128=25 hist_gt128=59 hist=[0, 0, 0, 25, 14, 3, 0, 42, 0]
(Worker_TP1 pid=1238) INFO 09-02 23:24:51 [exl3.py:464] exl3 e2 diag schema=1 configured_tier=kernel effective_tier=kernel tier_reason=kernel_ok shared_suh=1 shared_suh_layers=42/42 sym_exl3_moe=1 sym_fat_gemm=1 sym_fat_gemm_scatter=1 cap=12.1 cap_ok=1 tp_rank=1 tp_size=4 prefill_layer_calls=84 thin_calls=24 row_tile_calls=0 fallback_calls=kernel=59,batched=0,sorted=0,legacy=0 fallback_reasons=kernel_ok=59,thin_only=24 fat_expert_runs=368 direct_calls=368 scatter_calls=368 fat_layers=59 fat_expert_slots=368 max_rows=2048 fused_temps_allocs=1 fused_temps_bytes=14155776 fat_scratch_allocs=1 fat_scratch_bytes=98568192 fat_scratch_peak_bytes=98568192
(Worker_TP1 pid=1238) INFO 09-02 23:25:22 [exl3.py:451] exl3 fat-expert P0: layers=126 fat_layers=101 (80.2%) fat_expert_slots=1446 max_rows=2048 avg_max_rows=1199.8 hist_le128=25 hist_gt128=101 hist=[0, 0, 0, 25, 14, 7, 3, 77, 0]
(Worker_TP1 pid=1238) INFO 09-02 23:25:22 [exl3.py:464] exl3 e2 diag schema=1 configured_tier=kernel effective_tier=kernel tier_reason=kernel_ok shared_suh=1 shared_suh_layers=42/42 sym_exl3_moe=1 sym_fat_gemm=1 sym_fat_gemm_scatter=1 cap=12.1 cap_ok=1 tp_rank=1 tp_size=4 prefill_layer_calls=126 thin_calls=25 row_tile_calls=0 fallback_calls=kernel=100,batched=0,sorted=0,legacy=0 fallback_reasons=kernel_ok=100,thin_only=25 fat_expert_runs=1423 direct_calls=1423 scatter_calls=1423 fat_layers=101 fat_expert_slots=1446 max_rows=2048 fused_temps_allocs=1 fused_temps_bytes=14155776 fat_scratch_allocs=1 fat_scratch_bytes=98568192 fat_scratch_peak_bytes=98568192
(Worker_TP1 pid=1238) INFO 09-02 23:25:24 [exl3.py:451] exl3 fat-expert P0: layers=168 fat_layers=143 (85.1%) fat_expert_slots=2507 max_rows=2048 avg_max_rows=1266.9 hist_le128=25 hist_gt128=143 hist=[0, 0, 0, 25, 14, 11, 5, 113, 0]
(Worker_TP1 pid=1238) INFO 09-02 23:25:24 [exl3.py:464] exl3 e2 diag schema=1 configured_tier=kernel effective_tier=kernel tier_reason=kernel_ok shared_suh=1 shared_suh_layers=42/42 sym_exl3_moe=1 sym_fat_gemm=1 sym_fat_gemm_scatter=1 cap=12.1 cap_ok=1 tp_rank=1 tp_size=4 prefill_layer_calls=168 thin_calls=25 row_tile_calls=0 fallback_calls=kernel=142,batched=0,sorted=0,legacy=0 fallback_reasons=kernel_ok=142,thin_only=25 fat_expert_runs=2486 direct_calls=2486 scatter_calls=2486 fat_layers=143 fat_expert_slots=2507 max_rows=2048 fused_temps_allocs=1 fused_temps_bytes=14155776 fat_scratch_allocs=1 fat_scratch_bytes=98568192 fat_scratch_peak_bytes=98568192
(Worker_TP1 pid=1238) INFO 09-02 23:25:25 [exl3.py:451] exl3 fat-expert P0: layers=210 fat_layers=185 (88.1%) fat_expert_slots=3586 max_rows=2048 avg_max_rows=1301.7 hist_le128=25 hist_gt128=185 hist=[0, 0, 0, 25, 14, 15, 8, 148, 0]
(Worker_TP1 pid=1238) INFO 09-02 23:25:25 [exl3.py:464] exl3 e2 diag schema=1 configured_tier=kernel effective_tier=kernel tier_reason=kernel_ok shared_suh=1 shared_suh_layers=42/42 sym_exl3_moe=1 sym_fat_gemm=1 sym_fat_gemm_scatter=1 cap=12.1 cap_ok=1 tp_rank=1 tp_size=4 prefill_layer_calls=210 thin_calls=25 row_tile_calls=0 fallback_calls=kernel=184,batched=0,sorted=0,legacy=0 fallback_reasons=kernel_ok=184,thin_only=25 fat_expert_runs=3564 direct_calls=3564 scatter_calls=3564 fat_layers=185 fat_expert_slots=3586 max_rows=2048 fused_temps_allocs=1 fused_temps_bytes=14155776 fat_scratch_allocs=1 fat_scratch_bytes=98568192 fat_scratch_peak_bytes=98568192
(Worker_TP1 pid=1238) INFO 09-02 23:25:27 [exl3.py:451] exl3 fat-expert P0: layers=252 fat_layers=227 (90.1%) fat_expert_slots=4621 max_rows=2048 avg_max_rows=1335.7 hist_le128=25 hist_gt128=227 hist=[0, 0, 0, 25, 14, 19, 11, 183, 0]
(Worker_TP1 pid=1238) INFO 09-02 23:25:27 [exl3.py:464] exl3 e2 diag schema=1 configured_tier=kernel effective_tier=kernel tier_reason=kernel_ok shared_suh=1 shared_suh_layers=42/42 sym_exl3_moe=1 sym_fat_gemm=1 sym_fat_gemm_scatter=1 cap=12.1 cap_ok=1 tp_rank=1 tp_size=4 prefill_layer_calls=252 thin_calls=25 row_tile_calls=0 fallback_calls=kernel=226,batched=0,sorted=0,legacy=0 fallback_reasons=kernel_ok=226,thin_only=25 fat_expert_runs=4602 direct_calls=4602 scatter_calls=4602 fat_layers=227 fat_expert_slots=4621 max_rows=2048 fused_temps_allocs=1 fused_temps_bytes=14155776 fat_scratch_allocs=1 fat_scratch_bytes=98568192 fat_scratch_peak_bytes=98568192
(Worker_TP1 pid=1238) INFO 09-02 23:25:28 [exl3.py:451] exl3 fat-expert P0: layers=294 fat_layers=269 (91.5%) fat_expert_slots=5666 max_rows=2048 avg_max_rows=1361.6 hist_le128=25 hist_gt128=269 hist=[0, 0, 0, 25, 14, 23, 14, 218, 0]
(Worker_TP1 pid=1238) INFO 09-02 23:25:28 [exl3.py:464] exl3 e2 diag schema=1 configured_tier=kernel effective_tier=kernel tier_reason=kernel_ok shared_suh=1 shared_suh_layers=42/42 sym_exl3_moe=1 sym_fat_gemm=1 sym_fat_gemm_scatter=1 cap=12.1 cap_ok=1 tp_rank=1 tp_size=4 prefill_layer_calls=294 thin_calls=25 row_tile_calls=0 fallback_calls=kernel=268,batched=0,sorted=0,legacy=0 fallback_reasons=kernel_ok=268,thin_only=25 fat_expert_runs=5645 direct_calls=5645 scatter_calls=5645 fat_layers=269 fat_expert_slots=5666 max_rows=2048 fused_temps_allocs=1 fused_temps_bytes=14155776 fat_scratch_allocs=1 fat_scratch_bytes=98568192 fat_scratch_peak_bytes=98568192
(Worker_TP1 pid=1238) INFO 09-02 23:25:30 [exl3.py:451] exl3 fat-expert P0: layers=336 fat_layers=311 (92.6%) fat_expert_slots=6693 max_rows=2048 avg_max_rows=1379.6 hist_le128=25 hist_gt128=311 hist=[0, 0, 0, 25, 14, 26, 18, 253, 0]
(Worker_TP1 pid=1238) INFO 09-02 23:25:30 [exl3.py:464] exl3 e2 diag schema=1 configured_tier=kernel effective_tier=kernel tier_reason=kernel_ok shared_suh=1 shared_suh_layers=42/42 sym_exl3_moe=1 sym_fat_gemm=1 sym_fat_gemm_scatter=1 cap=12.1 cap_ok=1 tp_rank=1 tp_size=4 prefill_layer_calls=336 thin_calls=25 row_tile_calls=0 fallback_calls=kernel=310,batched=0,sorted=0,legacy=0 fallback_reasons=kernel_ok=310,thin_only=25 fat_expert_runs=6673 direct_calls=6673 scatter_calls=6673 fat_layers=311 fat_expert_slots=6693 max_rows=2048 fused_temps_allocs=1 fused_temps_bytes=14155776 fat_scratch_allocs=1 fat_scratch_bytes=98568192 fat_scratch_peak_bytes=98568192
(Worker_TP1 pid=1238) INFO 09-02 23:25:31 [exl3.py:451] exl3 fat-expert P0: layers=378 fat_layers=353 (93.4%) fat_expert_slots=7356 max_rows=2048 avg_max_rows=1328.3 hist_le128=25 hist_gt128=353 hist=[0, 0, 0, 25, 16, 30, 33, 274, 0]
(Worker_TP1 pid=1238) INFO 09-02 23:25:31 [exl3.py:464] exl3 e2 diag schema=1 configured_tier=kernel effective_tier=kernel tier_reason=kernel_ok shared_suh=1 shared_suh_layers=42/42 sym_exl3_moe=1 sym_fat_gemm=1 sym_fat_gemm_scatter=1 cap=12.1 cap_ok=1 tp_rank=1 tp_size=4 prefill_layer_calls=378 thin_calls=25 row_tile_calls=0 fallback_calls=kernel=352,batched=0,sorted=0,legacy=0 fallback_reasons=kernel_ok=352,thin_only=25 fat_expert_runs=7342 direct_calls=7342 scatter_calls=7342 fat_layers=353 fat_expert_slots=7356 max_rows=2048 fused_temps_allocs=1 fused_temps_bytes=14155776 fat_scratch_allocs=1 fat_scratch_bytes=98568192 fat_scratch_peak_bytes=98568192
(Worker_TP1 pid=1238) INFO 09-02 23:25:41 [exl3.py:451] exl3 fat-expert P0: layers=420 fat_layers=395 (94.0%) fat_expert_slots=8332 max_rows=2048 avg_max_rows=1287.9 hist_le128=25 hist_gt128=395 hist=[0, 0, 0, 25, 16, 35, 50, 294, 0]
(Worker_TP1 pid=1238) INFO 09-02 23:25:41 [exl3.py:464] exl3 e2 diag schema=1 configured_tier=kernel effective_tier=kernel tier_reason=kernel_ok shared_suh=1 shared_suh_layers=42/42 sym_exl3_moe=1 sym_fat_gemm=1 sym_fat_gemm_scatter=1 cap=12.1 cap_ok=1 tp_rank=1 tp_size=4 prefill_layer_calls=420 thin_calls=25 row_tile_calls=0 fallback_calls=kernel=394,batched=0,sorted=0,legacy=0 fallback_reasons=kernel_ok=394,thin_only=25 fat_expert_runs=8309 direct_calls=8309 scatter_calls=8309 fat_layers=395 fat_expert_slots=8332 max_rows=2048 fused_temps_allocs=1 fused_temps_bytes=14155776 fat_scratch_allocs=1 fat_scratch_bytes=98568192 fat_scratch_peak_bytes=98568192
(Worker_TP1 pid=1238) INFO 09-02 23:25:42 [exl3.py:451] exl3 fat-expert P0: layers=462 fat_layers=437 (94.6%) fat_expert_slots=9315 max_rows=2048 avg_max_rows=1302.8 hist_le128=25 hist_gt128=437 hist=[0, 0, 0, 25, 16, 39, 54, 328, 0]
(Worker_TP1 pid=1238) INFO 09-02 23:25:42 [exl3.py:464] exl3 e2 diag schema=1 configured_tier=kernel effective_tier=kernel tier_reason=kernel_ok shared_suh=1 shared_suh_layers=42/42 sym_exl3_moe=1 sym_fat_gemm=1 sym_fat_gemm_scatter=1 cap=12.1 cap_ok=1 tp_rank=1 tp_size=4 prefill_layer_calls=462 thin_calls=25 row_tile_calls=0 fallback_calls=kernel=436,batched=0,sorted=0,legacy=0 fallback_reasons=kernel_ok=436,thin_only=25 fat_expert_runs=9291 direct_calls=9291 scatter_calls=9291 fat_layers=437 fat_expert_slots=9315 max_rows=2048 fused_temps_allocs=1 fused_temps_bytes=14155776 fat_scratch_allocs=1 fat_scratch_bytes=98568192 fat_scratch_peak_bytes=98568192
(Worker_TP1 pid=1238) INFO 09-02 23:25:44 [exl3.py:451] exl3 fat-expert P0: layers=504 fat_layers=479 (95.0%) fat_expert_slots=10354 max_rows=2048 avg_max_rows=1316.5 hist_le128=25 hist_gt128=479 hist=[0, 0, 0, 25, 16, 43, 58, 362, 0]
(Worker_TP1 pid=1238) INFO 09-02 23:25:44 [exl3.py:464] exl3 e2 diag schema=1 configured_tier=kernel effective_tier=kernel tier_reason=kernel_ok shared_suh=1 shared_suh_layers=42/42 sym_exl3_moe=1 sym_fat_gemm=1 sym_fat_gemm_scatter=1 cap=12.1 cap_ok=1 tp_rank=1 tp_size=4 prefill_layer_calls=504 thin_calls=25 row_tile_calls=0 fallback_calls=kernel=478,batched=0,sorted=0,legacy=0 fallback_reasons=kernel_ok=478,thin_only=25 fat_expert_runs=10329 direct_calls=10329 scatter_calls=10329 fat_layers=479 fat_expert_slots=10354 max_rows=2048 fused_temps_allocs=1 fused_temps_bytes=14155776 fat_scratch_allocs=1 fat_scratch_bytes=98568192 fat_scratch_peak_bytes=98568192
(Worker_TP1 pid=1238) INFO 09-02 23:25:45 [exl3.py:451] exl3 fat-expert P0: layers=546 fat_layers=521 (95.4%) fat_expert_slots=11406 max_rows=2048 avg_max_rows=1328.1 hist_le128=25 hist_gt128=521 hist=[0, 0, 0, 25, 16, 47, 62, 396, 0]
(Worker_TP1 pid=1238) INFO 09-02 23:25:45 [exl3.py:464] exl3 e2 diag schema=1 configured_tier=kernel effective_tier=kernel tier_reason=kernel_ok shared_suh=1 shared_suh_layers=42/42 sym_exl3_moe=1 sym_fat_gemm=1 sym_fat_gemm_scatter=1 cap=12.1 cap_ok=1 tp_rank=1 tp_size=4 prefill_layer_calls=546 thin_calls=25 row_tile_calls=0 fallback_calls=kernel=520,batched=0,sorted=0,legacy=0 fallback_reasons=kernel_ok=520,thin_only=25 fat_expert_runs=11382 direct_calls=11382 scatter_calls=11382 fat_layers=521 fat_expert_slots=11406 max_rows=2048 fused_temps_allocs=1 fused_temps_bytes=14155776 fat_scratch_allocs=1 fat_scratch_bytes=98568192 fat_scratch_peak_bytes=98568192
(Worker_TP1 pid=1238) INFO 09-02 23:25:46 [exl3.py:451] exl3 fat-expert P0: layers=588 fat_layers=563 (95.7%) fat_expert_slots=12459 max_rows=2048 avg_max_rows=1338.0 hist_le128=25 hist_gt128=563 hist=[0, 0, 0, 25, 16, 50, 68, 429, 0]
(Worker_TP1 pid=1238) INFO 09-02 23:25:46 [exl3.py:464] exl3 e2 diag schema=1 configured_tier=kernel effective_tier=kernel tier_reason=kernel_ok shared_suh=1 shared_suh_layers=42/42 sym_exl3_moe=1 sym_fat_gemm=1 sym_fat_gemm_scatter=1 cap=12.1 cap_ok=1 tp_rank=1 tp_size=4 prefill_layer_calls=588 thin_calls=25 row_tile_calls=0 fallback_calls=kernel=562,batched=0,sorted=0,legacy=0 fallback_reasons=kernel_ok=562,thin_only=25 fat_expert_runs=12434 direct_calls=12434 scatter_calls=12434 fat_layers=563 fat_expert_slots=12459 max_rows=2048 fused_temps_allocs=1 fused_temps_bytes=14155776 fat_scratch_allocs=1 fat_scratch_bytes=98568192 fat_scratch_peak_bytes=98568192
(Worker_TP1 pid=1238) INFO 09-02 23:25:48 [exl3.py:451] exl3 fat-expert P0: layers=630 fat_layers=605 (96.0%) fat_expert_slots=13468 max_rows=2048 avg_max_rows=1343.6 hist_le128=25 hist_gt128=605 hist=[0, 0, 0, 25, 16, 54, 73, 462, 0]
(Worker_TP1 pid=1238) INFO 09-02 23:25:48 [exl3.py:464] exl3 e2 diag schema=1 configured_tier=kernel effective_tier=kernel tier_reason=kernel_ok shared_suh=1 shared_suh_layers=42/42 sym_exl3_moe=1 sym_fat_gemm=1 sym_fat_gemm_scatter=1 cap=12.1 cap_ok=1 tp_rank=1 tp_size=4 prefill_layer_calls=630 thin_calls=25 row_tile_calls=0 fallback_calls=kernel=604,batched=0,sorted=0,legacy=0 fallback_reasons=kernel_ok=604,thin_only=25 fat_expert_runs=13445 direct_calls=13445 scatter_calls=13445 fat_layers=605 fat_expert_slots=13468 max_rows=2048 fused_temps_allocs=1 fused_temps_bytes=14155776 fat_scratch_allocs=1 fat_scratch_bytes=98568192 fat_scratch_peak_bytes=98568192
(Worker_TP1 pid=1238) INFO 09-02 23:25:49 [exl3.py:451] exl3 fat-expert P0: layers=672 fat_layers=647 (96.3%) fat_expert_slots=14472 max_rows=2048 avg_max_rows=1351.7 hist_le128=25 hist_gt128=647 hist=[0, 0, 0, 25, 16, 58, 78, 495, 0]
(Worker_TP1 pid=1238) INFO 09-02 23:25:49 [exl3.py:464] exl3 e2 diag schema=1 configured_tier=kernel effective_tier=kernel tier_reason=kernel_ok shared_suh=1 shared_suh_layers=42/42 sym_exl3_moe=1 sym_fat_gemm=1 sym_fat_gemm_scatter=1 cap=12.1 cap_ok=1 tp_rank=1 tp_size=4 prefill_layer_calls=672 thin_calls=25 row_tile_calls=0 fallback_calls=kernel=646,batched=0,sorted=0,legacy=0 fallback_reasons=kernel_ok=646,thin_only=25 fat_expert_runs=14450 direct_calls=14450 scatter_calls=14450 fat_layers=647 fat_expert_slots=14472 max_rows=2048 fused_temps_allocs=1 fused_temps_bytes=14155776 fat_scratch_allocs=1 fat_scratch_bytes=98568192 fat_scratch_peak_bytes=98568192
(Worker_TP1 pid=1238) INFO 09-02 23:25:51 [exl3.py:451] exl3 fat-expert P0: layers=714 fat_layers=689 (96.5%) fat_expert_slots=15492 max_rows=2048 avg_max_rows=1358.3 hist_le128=25 hist_gt128=689 hist=[0, 0, 0, 25, 16, 62, 83, 528, 0]
(Worker_TP1 pid=1238) INFO 09-02 23:25:51 [exl3.py:464] exl3 e2 diag schema=1 configured_tier=kernel effective_tier=kernel tier_reason=kernel_ok shared_suh=1 shared_suh_layers=42/42 sym_exl3_moe=1 sym_fat_gemm=1 sym_fat_gemm_scatter=1 cap=12.1 cap_ok=1 tp_rank=1 tp_size=4 prefill_layer_calls=714 thin_calls=25 row_tile_calls=0 fallback_calls=kernel=688,batched=0,sorted=0,legacy=0 fallback_reasons=kernel_ok=688,thin_only=25 fat_expert_runs=15467 direct_calls=15467 scatter_calls=15467 fat_layers=689 fat_expert_slots=15492 max_rows=2048 fused_temps_allocs=1 fused_temps_bytes=14155776 fat_scratch_allocs=1 fat_scratch_bytes=98568192 fat_scratch_peak_bytes=98568192
(Worker_TP1 pid=1238) INFO 09-02 23:25:52 [exl3.py:451] exl3 fat-expert P0: layers=756 fat_layers=731 (96.7%) fat_expert_slots=16510 max_rows=2048 avg_max_rows=1364.7 hist_le128=25 hist_gt128=731 hist=[0, 0, 0, 25, 16, 66, 88, 561, 0]
(Worker_TP1 pid=1238) INFO 09-02 23:25:52 [exl3.py:464] exl3 e2 diag schema=1 configured_tier=kernel effective_tier=kernel tier_reason=kernel_ok shared_suh=1 shared_suh_layers=42/42 sym_exl3_moe=1 sym_fat_gemm=1 sym_fat_gemm_scatter=1 cap=12.1 cap_ok=1 tp_rank=1 tp_size=4 prefill_layer_calls=756 thin_calls=25 row_tile_calls=0 fallback_calls=kernel=730,batched=0,sorted=0,legacy=0 fallback_reasons=kernel_ok=730,thin_only=25 fat_expert_runs=16486 direct_calls=16486 scatter_calls=16486 fat_layers=731 fat_expert_slots=16510 max_rows=2048 fused_temps_allocs=1 fused_temps_bytes=14155776 fat_scratch_allocs=1 fat_scratch_bytes=98568192 fat_scratch_peak_bytes=98568192
(Worker_TP1 pid=1238) INFO 09-02 23:25:54 [exl3.py:451] exl3 fat-expert P0: layers=798 fat_layers=773 (96.9%) fat_expert_slots=17547 max_rows=2048 avg_max_rows=1370.8 hist_le128=25 hist_gt128=773 hist=[0, 0, 0, 25, 16, 69, 94, 594, 0]
(Worker_TP1 pid=1238) INFO 09-02 23:25:54 [exl3.py:464] exl3 e2 diag schema=1 configured_tier=kernel effective_tier=kernel tier_reason=kernel_ok shared_suh=1 shared_suh_layers=42/42 sym_exl3_moe=1 sym_fat_gemm=1 sym_fat_gemm_scatter=1 cap=12.1 cap_ok=1 tp_rank=1 tp_size=4 prefill_layer_calls=798 thin_calls=25 row_tile_calls=0 fallback_calls=kernel=772,batched=0,sorted=0,legacy=0 fallback_reasons=kernel_ok=772,thin_only=25 fat_expert_runs=17521 direct_calls=17521 scatter_calls=17521 fat_layers=773 fat_expert_slots=17547 max_rows=2048 fused_temps_allocs=1 fused_temps_bytes=14155776 fat_scratch_allocs=1 fat_scratch_bytes=98568192 fat_scratch_peak_bytes=98568192
(Worker_TP1 pid=1238) INFO 09-02 23:25:55 [exl3.py:451] exl3 fat-expert P0: layers=840 fat_layers=815 (97.0%) fat_expert_slots=18559 max_rows=2048 avg_max_rows=1376.4 hist_le128=25 hist_gt128=815 hist=[0, 0, 0, 25, 16, 73, 99, 627, 0]
(Worker_TP1 pid=1238) INFO 09-02 23:25:55 [exl3.py:464] exl3 e2 diag schema=1 configured_tier=kernel effective_tier=kernel tier_reason=kernel_ok shared_suh=1 shared_suh_layers=42/42 sym_exl3_moe=1 sym_fat_gemm=1 sym_fat_gemm_scatter=1 cap=12.1 cap_ok=1 tp_rank=1 tp_size=4 prefill_layer_calls=840 thin_calls=25 row_tile_calls=0 fallback_calls=kernel=814,batched=0,sorted=0,legacy=0 fallback_reasons=kernel_ok=814,thin_only=25 fat_expert_runs=18538 direct_calls=18538 scatter_calls=18538 fat_layers=815 fat_expert_slots=18559 max_rows=2048 fused_temps_allocs=1 fused_temps_bytes=14155776 fat_scratch_allocs=1 fat_scratch_bytes=98568192 fat_scratch_peak_bytes=98568192
(Worker_TP1 pid=1238) INFO 09-02 23:25:57 [exl3.py:451] exl3 fat-expert P0: layers=882 fat_layers=857 (97.2%) fat_expert_slots=19576 max_rows=2048 avg_max_rows=1381.3 hist_le128=25 hist_gt128=857 hist=[0, 0, 0, 25, 16, 77, 103, 661, 0]
(Worker_TP1 pid=1238) INFO 09-02 23:25:57 [exl3.py:464] exl3 e2 diag schema=1 configured_tier=kernel effective_tier=kernel tier_reason=kernel_ok shared_suh=1 shared_suh_layers=42/42 sym_exl3_moe=1 sym_fat_gemm=1 sym_fat_gemm_scatter=1 cap=12.1 cap_ok=1 tp_rank=1 tp_size=4 prefill_layer_calls=882 thin_calls=25 row_tile_calls=0 fallback_calls=kernel=856,batched=0,sorted=0,legacy=0 fallback_reasons=kernel_ok=856,thin_only=25 fat_expert_runs=19549 direct_calls=19549 scatter_calls=19549 fat_layers=857 fat_expert_slots=19576 max_rows=2048 fused_temps_allocs=1 fused_temps_bytes=14155776 fat_scratch_allocs=1 fat_scratch_bytes=98568192 fat_scratch_peak_bytes=98568192
(Worker_TP1 pid=1238) INFO 09-02 23:25:57 [exl3.py:451] exl3 fat-expert P0: layers=924 fat_layers=899 (97.3%) fat_expert_slots=20052 max_rows=2048 avg_max_rows=1346.8 hist_le128=25 hist_gt128=899 hist=[0, 0, 0, 25, 21, 82, 135, 661, 0]
(Worker_TP1 pid=1238) INFO 09-02 23:25:57 [exl3.py:464] exl3 e2 diag schema=1 configured_tier=kernel effective_tier=kernel tier_reason=kernel_ok shared_suh=1 shared_suh_layers=42/42 sym_exl3_moe=1 sym_fat_gemm=1 sym_fat_gemm_scatter=1 cap=12.1 cap_ok=1 tp_rank=1 tp_size=4 prefill_layer_calls=924 thin_calls=25 row_tile_calls=0 fallback_calls=kernel=898,batched=0,sorted=0,legacy=0 fallback_reasons=kernel_ok=898,thin_only=25 fat_expert_runs=20039 direct_calls=20039 scatter_calls=20039 fat_layers=899 fat_expert_slots=20052 max_rows=2048 fused_temps_allocs=1 fused_temps_bytes=14155776 fat_scratch_allocs=1 fat_scratch_bytes=98568192 fat_scratch_peak_bytes=98568192
(Worker_TP1 pid=1238) INFO 09-02 23:25:58 [exl3.py:451] exl3 fat-expert P0: layers=966 fat_layers=899 (93.1%) fat_expert_slots=20052 max_rows=2048 avg_max_rows=1291.4 hist_le128=67 hist_gt128=899 hist=[0, 5, 6, 56, 21, 82, 135, 661, 0]
(Worker_TP1 pid=1238) INFO 09-02 23:25:58 [exl3.py:464] exl3 e2 diag schema=1 configured_tier=kernel effective_tier=kernel tier_reason=kernel_ok shared_suh=1 shared_suh_layers=42/42 sym_exl3_moe=1 sym_fat_gemm=1 sym_fat_gemm_scatter=1 cap=12.1 cap_ok=1 tp_rank=1 tp_size=4 prefill_layer_calls=966 thin_calls=66 row_tile_calls=0 fallback_calls=kernel=899,batched=0,sorted=0,legacy=0 fallback_reasons=kernel_ok=899,thin_only=66 fat_expert_runs=20052 direct_calls=20052 scatter_calls=20052 fat_layers=899 fat_expert_slots=20052 max_rows=2048 fused_temps_allocs=1 fused_temps_bytes=14155776 fat_scratch_allocs=1 fat_scratch_bytes=98568192 fat_scratch_peak_bytes=98568192
(Worker_TP1 pid=1238) INFO 09-02 23:26:00 [exl3.py:451] exl3 fat-expert P0: layers=1008 fat_layers=941 (93.4%) fat_expert_slots=20696 max_rows=2048 avg_max_rows=1275.3 hist_le128=67 hist_gt128=941 hist=[0, 5, 6, 56, 24, 87, 144, 686, 0]
(Worker_TP1 pid=1238) INFO 09-02 23:26:00 [exl3.py:464] exl3 e2 diag schema=1 configured_tier=kernel effective_tier=kernel tier_reason=kernel_ok shared_suh=1 shared_suh_layers=42/42 sym_exl3_moe=1 sym_fat_gemm=1 sym_fat_gemm_scatter=1 cap=12.1 cap_ok=1 tp_rank=1 tp_size=4 prefill_layer_calls=1008 thin_calls=67 row_tile_calls=0 fallback_calls=kernel=940,batched=0,sorted=0,legacy=0 fallback_reasons=kernel_ok=940,thin_only=67 fat_expert_runs=20678 direct_calls=20678 scatter_calls=20678 fat_layers=941 fat_expert_slots=20696 max_rows=2048 fused_temps_allocs=1 fused_temps_bytes=14155776 fat_scratch_allocs=1 fat_scratch_bytes=98568192 fat_scratch_peak_bytes=98568192
(Worker_TP1 pid=1238) INFO 09-02 23:30:09 [exl3.py:451] exl3 fat-expert P0: layers=1050 fat_layers=983 (93.6%) fat_expert_slots=21711 max_rows=2048 avg_max_rows=1246.0 hist_le128=67 hist_gt128=983 hist=[0, 5, 6, 56, 28, 106, 161, 688, 0]
(Worker_TP1 pid=1238) INFO 09-02 23:30:09 [exl3.py:464] exl3 e2 diag schema=1 configured_tier=kernel effective_tier=kernel tier_reason=kernel_ok shared_suh=1 shared_suh_layers=42/42 sym_exl3_moe=1 sym_fat_gemm=1 sym_fat_gemm_scatter=1 cap=12.1 cap_ok=1 tp_rank=1 tp_size=4 prefill_layer_calls=1050 thin_calls=67 row_tile_calls=0 fallback_calls=kernel=982,batched=0,sorted=0,legacy=0 fallback_reasons=kernel_ok=982,thin_only=67 fat_expert_runs=21675 direct_calls=21675 scatter_calls=21675 fat_layers=983 fat_expert_slots=21711 max_rows=2048 fused_temps_allocs=1 fused_temps_bytes=14155776 fat_scratch_allocs=1 fat_scratch_bytes=98568192 fat_scratch_peak_bytes=98568192
(Worker_TP1 pid=1238) INFO 09-02 23:30:10 [exl3.py:451] exl3 fat-expert P0: layers=1092 fat_layers=1025 (93.9%) fat_expert_slots=22775 max_rows=2048 avg_max_rows=1219.5 hist_le128=67 hist_gt128=1025 hist=[0, 5, 6, 56, 33, 123, 178, 691, 0]
(Worker_TP1 pid=1238) INFO 09-02 23:30:10 [exl3.py:464] exl3 e2 diag schema=1 configured_tier=kernel effective_tier=kernel tier_reason=kernel_ok shared_suh=1 shared_suh_layers=42/42 sym_exl3_moe=1 sym_fat_gemm=1 sym_fat_gemm_scatter=1 cap=12.1 cap_ok=1 tp_rank=1 tp_size=4 prefill_layer_calls=1092 thin_calls=67 row_tile_calls=0 fallback_calls=kernel=1024,batched=0,sorted=0,legacy=0 fallback_reasons=kernel_ok=1024,thin_only=67 fat_expert_runs=22739 direct_calls=22739 scatter_calls=22739 fat_layers=1025 fat_expert_slots=22775 max_rows=2048 fused_temps_allocs=1 fused_temps_bytes=14155776 fat_scratch_allocs=1 fat_scratch_bytes=98568192 fat_scratch_peak_bytes=98568192
(Worker_TP1 pid=1238) INFO 09-02 23:30:11 [exl3.py:451] exl3 fat-expert P0: layers=1134 fat_layers=1025 (90.4%) fat_expert_slots=22775 max_rows=2048 avg_max_rows=1176.3 hist_le128=109 hist_gt128=1025 hist=[0, 12, 33, 64, 33, 123, 178, 691, 0]
(Worker_TP1 pid=1238) INFO 09-02 23:30:11 [exl3.py:464] exl3 e2 diag schema=1 configured_tier=kernel effective_tier=kernel tier_reason=kernel_ok shared_suh=1 shared_suh_layers=42/42 sym_exl3_moe=1 sym_fat_gemm=1 sym_fat_gemm_scatter=1 cap=12.1 cap_ok=1 tp_rank=1 tp_size=4 prefill_layer_calls=1134 thin_calls=108 row_tile_calls=0 fallback_calls=kernel=1025,batched=0,sorted=0,legacy=0 fallback_reasons=kernel_ok=1025,thin_only=108 fat_expert_runs=22775 direct_calls=22775 scatter_calls=22775 fat_layers=1025 fat_expert_slots=22775 max_rows=2048 fused_temps_allocs=1 fused_temps_bytes=14155776 fat_scratch_allocs=1 fat_scratch_bytes=98568192 fat_scratch_peak_bytes=98568192
(Worker_TP1 pid=1238) INFO 09-02 23:30:21 [exl3.py:451] exl3 fat-expert P0: layers=1176 fat_layers=1067 (90.7%) fat_expert_slots=23830 max_rows=2048 avg_max_rows=1184.4 hist_le128=109 hist_gt128=1067 hist=[0, 12, 33, 64, 33, 126, 182, 726, 0]
(Worker_TP1 pid=1238) INFO 09-02 23:30:21 [exl3.py:464] exl3 e2 diag schema=1 configured_tier=kernel effective_tier=kernel tier_reason=kernel_ok shared_suh=1 shared_suh_layers=42/42 sym_exl3_moe=1 sym_fat_gemm=1 sym_fat_gemm_scatter=1 cap=12.1 cap_ok=1 tp_rank=1 tp_size=4 prefill_layer_calls=1176 thin_calls=109 row_tile_calls=0 fallback_calls=kernel=1066,batched=0,sorted=0,legacy=0 fallback_reasons=kernel_ok=1066,thin_only=109 fat_expert_runs=23808 direct_calls=23808 scatter_calls=23808 fat_layers=1067 fat_expert_slots=23830 max_rows=2048 fused_temps_allocs=1 fused_temps_bytes=14155776 fat_scratch_allocs=1 fat_scratch_bytes=98568192 fat_scratch_peak_bytes=98568192
(Worker_TP1 pid=1238) INFO 09-02 23:30:22 [exl3.py:451] exl3 fat-expert P0: layers=1218 fat_layers=1109 (91.1%) fat_expert_slots=24880 max_rows=2048 avg_max_rows=1194.2 hist_le128=109 hist_gt128=1109 hist=[0, 12, 33, 64, 33, 130, 186, 760, 0]
(Worker_TP1 pid=1238) INFO 09-02 23:30:22 [exl3.py:464] exl3 e2 diag schema=1 configured_tier=kernel effective_tier=kernel tier_reason=kernel_ok shared_suh=1 shared_suh_layers=42/42 sym_exl3_moe=1 sym_fat_gemm=1 sym_fat_gemm_scatter=1 cap=12.1 cap_ok=1 tp_rank=1 tp_size=4 prefill_layer_calls=1218 thin_calls=109 row_tile_calls=0 fallback_calls=kernel=1108,batched=0,sorted=0,legacy=0 fallback_reasons=kernel_ok=1108,thin_only=109 fat_expert_runs=24859 direct_calls=24859 scatter_calls=24859 fat_layers=1109 fat_expert_slots=24880 max_rows=2048 fused_temps_allocs=1 fused_temps_bytes=14155776 fat_scratch_allocs=1 fat_scratch_bytes=98568192 fat_scratch_peak_bytes=98568192
(Worker_TP1 pid=1238) INFO 09-02 23:30:24 [exl3.py:451] exl3 fat-expert P0: layers=1260 fat_layers=1151 (91.3%) fat_expert_slots=25913 max_rows=2048 avg_max_rows=1203.0 hist_le128=109 hist_gt128=1151 hist=[0, 12, 33, 64, 33, 134, 190, 794, 0]
(Worker_TP1 pid=1238) INFO 09-02 23:30:24 [exl3.py:464] exl3 e2 diag schema=1 configured_tier=kernel effective_tier=kernel tier_reason=kernel_ok shared_suh=1 shared_suh_layers=42/42 sym_exl3_moe=1 sym_fat_gemm=1 sym_fat_gemm_scatter=1 cap=12.1 cap_ok=1 tp_rank=1 tp_size=4 prefill_layer_calls=1260 thin_calls=109 row_tile_calls=0 fallback_calls=kernel=1150,batched=0,sorted=0,legacy=0 fallback_reasons=kernel_ok=1150,thin_only=109 fat_expert_runs=25891 direct_calls=25891 scatter_calls=25891 fat_layers=1151 fat_expert_slots=25913 max_rows=2048 fused_temps_allocs=1 fused_temps_bytes=14155776 fat_scratch_allocs=1 fat_scratch_bytes=98568192 fat_scratch_peak_bytes=98568192
(Worker_TP1 pid=1238) INFO 09-02 23:30:25 [exl3.py:451] exl3 fat-expert P0: layers=1302 fat_layers=1193 (91.6%) fat_expert_slots=26936 max_rows=2048 avg_max_rows=1211.9 hist_le128=109 hist_gt128=1193 hist=[0, 12, 33, 64, 33, 138, 193, 829, 0]
(Worker_TP1 pid=1238) INFO 09-02 23:30:25 [exl3.py:464] exl3 e2 diag schema=1 configured_tier=kernel effective_tier=kernel tier_reason=kernel_ok shared_suh=1 shared_suh_layers=42/42 sym_exl3_moe=1 sym_fat_gemm=1 sym_fat_gemm_scatter=1 cap=12.1 cap_ok=1 tp_rank=1 tp_size=4 prefill_layer_calls=1302 thin_calls=109 row_tile_calls=0 fallback_calls=kernel=1192,batched=0,sorted=0,legacy=0 fallback_reasons=kernel_ok=1192,thin_only=109 fat_expert_runs=26915 direct_calls=26915 scatter_calls=26915 fat_layers=1193 fat_expert_slots=26936 max_rows=2048 fused_temps_allocs=1 fused_temps_bytes=14155776 fat_scratch_allocs=1 fat_scratch_bytes=98568192 fat_scratch_peak_bytes=98568192
(Worker_TP1 pid=1238) INFO 09-02 23:30:26 [exl3.py:451] exl3 fat-expert P0: layers=1344 fat_layers=1235 (91.9%) fat_expert_slots=27957 max_rows=2048 avg_max_rows=1220.3 hist_le128=109 hist_gt128=1235 hist=[0, 12, 33, 64, 33, 142, 196, 864, 0]
(Worker_TP1 pid=1238) INFO 09-02 23:30:26 [exl3.py:464] exl3 e2 diag schema=1 configured_tier=kernel effective_tier=kernel tier_reason=kernel_ok shared_suh=1 shared_suh_layers=42/42 sym_exl3_moe=1 sym_fat_gemm=1 sym_fat_gemm_scatter=1 cap=12.1 cap_ok=1 tp_rank=1 tp_size=4 prefill_layer_calls=1344 thin_calls=109 row_tile_calls=0 fallback_calls=kernel=1234,batched=0,sorted=0,legacy=0 fallback_reasons=kernel_ok=1234,thin_only=109 fat_expert_runs=27936 direct_calls=27936 scatter_calls=27936 fat_layers=1235 fat_expert_slots=27957 max_rows=2048 fused_temps_allocs=1 fused_temps_bytes=14155776 fat_scratch_allocs=1 fat_scratch_bytes=98568192 fat_scratch_peak_bytes=98568192
(Worker_TP1 pid=1238) INFO 09-02 23:30:28 [exl3.py:451] exl3 fat-expert P0: layers=1386 fat_layers=1277 (92.1%) fat_expert_slots=29010 max_rows=2048 avg_max_rows=1227.9 hist_le128=109 hist_gt128=1277 hist=[0, 12, 33, 64, 33, 146, 199, 899, 0]
(Worker_TP1 pid=1238) INFO 09-02 23:30:28 [exl3.py:464] exl3 e2 diag schema=1 configured_tier=kernel effective_tier=kernel tier_reason=kernel_ok shared_suh=1 shared_suh_layers=42/42 sym_exl3_moe=1 sym_fat_gemm=1 sym_fat_gemm_scatter=1 cap=12.1 cap_ok=1 tp_rank=1 tp_size=4 prefill_layer_calls=1386 thin_calls=109 row_tile_calls=0 fallback_calls=kernel=1276,batched=0,sorted=0,legacy=0 fallback_reasons=kernel_ok=1276,thin_only=109 fat_expert_runs=28989 direct_calls=28989 scatter_calls=28989 fat_layers=1277 fat_expert_slots=29010 max_rows=2048 fused_temps_allocs=1 fused_temps_bytes=14155776 fat_scratch_allocs=1 fat_scratch_bytes=98568192 fat_scratch_peak_bytes=98568192
(Worker_TP1 pid=1238) INFO 09-02 23:30:29 [exl3.py:451] exl3 fat-expert P0: layers=1428 fat_layers=1319 (92.4%) fat_expert_slots=30041 max_rows=2048 avg_max_rows=1235.0 hist_le128=109 hist_gt128=1319 hist=[0, 12, 33, 64, 33, 149, 203, 934, 0]
(Worker_TP1 pid=1238) INFO 09-02 23:30:29 [exl3.py:464] exl3 e2 diag schema=1 configured_tier=kernel effective_tier=kernel tier_reason=kernel_ok shared_suh=1 shared_suh_layers=42/42 sym_exl3_moe=1 sym_fat_gemm=1 sym_fat_gemm_scatter=1 cap=12.1 cap_ok=1 tp_rank=1 tp_size=4 prefill_layer_calls=1428 thin_calls=109 row_tile_calls=0 fallback_calls=kernel=1318,batched=0,sorted=0,legacy=0 fallback_reasons=kernel_ok=1318,thin_only=109 fat_expert_runs=30021 direct_calls=30021 scatter_calls=30021 fat_layers=1319 fat_expert_slots=30041 max_rows=2048 fused_temps_allocs=1 fused_temps_bytes=14155776 fat_scratch_allocs=1 fat_scratch_bytes=98568192 fat_scratch_peak_bytes=98568192
(Worker_TP1 pid=1238) INFO 09-02 23:30:31 [exl3.py:451] exl3 fat-expert P0: layers=1470 fat_layers=1361 (92.6%) fat_expert_slots=31082 max_rows=2048 avg_max_rows=1242.1 hist_le128=109 hist_gt128=1361 hist=[0, 12, 33, 64, 33, 152, 207, 969, 0]
(Worker_TP1 pid=1238) INFO 09-02 23:30:31 [exl3.py:464] exl3 e2 diag schema=1 configured_tier=kernel effective_tier=kernel tier_reason=kernel_ok shared_suh=1 shared_suh_layers=42/42 sym_exl3_moe=1 sym_fat_gemm=1 sym_fat_gemm_scatter=1 cap=12.1 cap_ok=1 tp_rank=1 tp_size=4 prefill_layer_calls=1470 thin_calls=109 row_tile_calls=0 fallback_calls=kernel=1360,batched=0,sorted=0,legacy=0 fallback_reasons=kernel_ok=1360,thin_only=109 fat_expert_runs=31060 direct_calls=31060 scatter_calls=31060 fat_layers=1361 fat_expert_slots=31082 max_rows=2048 fused_temps_allocs=1 fused_temps_bytes=14155776 fat_scratch_allocs=1 fat_scratch_bytes=98568192 fat_scratch_peak_bytes=98568192
(Worker_TP1 pid=1238) INFO 09-02 23:30:32 [exl3.py:451] exl3 fat-expert P0: layers=1512 fat_layers=1403 (92.8%) fat_expert_slots=32135 max_rows=2048 avg_max_rows=1248.9 hist_le128=109 hist_gt128=1403 hist=[0, 12, 33, 64, 33, 155, 212, 1003, 0]
(Worker_TP1 pid=1238) INFO 09-02 23:30:32 [exl3.py:464] exl3 e2 diag schema=1 configured_tier=kernel effective_tier=kernel tier_reason=kernel_ok shared_suh=1 shared_suh_layers=42/42 sym_exl3_moe=1 sym_fat_gemm=1 sym_fat_gemm_scatter=1 cap=12.1 cap_ok=1 tp_rank=1 tp_size=4 prefill_layer_calls=1512 thin_calls=109 row_tile_calls=0 fallback_calls=kernel=1402,batched=0,sorted=0,legacy=0 fallback_reasons=kernel_ok=1402,thin_only=109 fat_expert_runs=32115 direct_calls=32115 scatter_calls=32115 fat_layers=1403 fat_expert_slots=32135 max_rows=2048 fused_temps_allocs=1 fused_temps_bytes=14155776 fat_scratch_allocs=1 fat_scratch_bytes=98568192 fat_scratch_peak_bytes=98568192
(Worker_TP1 pid=1238) INFO 09-02 23:30:34 [exl3.py:451] exl3 fat-expert P0: layers=1554 fat_layers=1445 (93.0%) fat_expert_slots=33185 max_rows=2048 avg_max_rows=1254.7 hist_le128=109 hist_gt128=1445 hist=[0, 12, 33, 64, 33, 158, 216, 1038, 0]
(Worker_TP1 pid=1238) INFO 09-02 23:30:34 [exl3.py:464] exl3 e2 diag schema=1 configured_tier=kernel effective_tier=kernel tier_reason=kernel_ok shared_suh=1 shared_suh_layers=42/42 sym_exl3_moe=1 sym_fat_gemm=1 sym_fat_gemm_scatter=1 cap=12.1 cap_ok=1 tp_rank=1 tp_size=4 prefill_layer_calls=1554 thin_calls=109 row_tile_calls=0 fallback_calls=kernel=1444,batched=0,sorted=0,legacy=0 fallback_reasons=kernel_ok=1444,thin_only=109 fat_expert_runs=33168 direct_calls=33168 scatter_calls=33168 fat_layers=1445 fat_expert_slots=33185 max_rows=2048 fused_temps_allocs=1 fused_temps_bytes=14155776 fat_scratch_allocs=1 fat_scratch_bytes=98568192 fat_scratch_peak_bytes=98568192
(Worker_TP1 pid=1238) INFO 09-02 23:30:35 [exl3.py:451] exl3 fat-expert P0: layers=1596 fat_layers=1487 (93.2%) fat_expert_slots=34245 max_rows=2048 avg_max_rows=1260.3 hist_le128=109 hist_gt128=1487 hist=[0, 12, 33, 64, 33, 161, 223, 1070, 0]
(Worker_TP1 pid=1238) INFO 09-02 23:30:35 [exl3.py:464] exl3 e2 diag schema=1 configured_tier=kernel effective_tier=kernel tier_reason=kernel_ok shared_suh=1 shared_suh_layers=42/42 sym_exl3_moe=1 sym_fat_gemm=1 sym_fat_gemm_scatter=1 cap=12.1 cap_ok=1 tp_rank=1 tp_size=4 prefill_layer_calls=1596 thin_calls=109 row_tile_calls=0 fallback_calls=kernel=1486,batched=0,sorted=0,legacy=0 fallback_reasons=kernel_ok=1486,thin_only=109 fat_expert_runs=34227 direct_calls=34227 scatter_calls=34227 fat_layers=1487 fat_expert_slots=34245 max_rows=2048 fused_temps_allocs=1 fused_temps_bytes=14155776 fat_scratch_allocs=1 fat_scratch_bytes=98568192 fat_scratch_peak_bytes=98568192
(Worker_TP1 pid=1238) INFO 09-02 23:30:36 [exl3.py:451] exl3 fat-expert P0: layers=1638 fat_layers=1529 (93.3%) fat_expert_slots=35289 max_rows=2048 avg_max_rows=1265.2 hist_le128=109 hist_gt128=1529 hist=[0, 12, 33, 64, 33, 164, 230, 1102, 0]
(Worker_TP1 pid=1238) INFO 09-02 23:30:36 [exl3.py:464] exl3 e2 diag schema=1 configured_tier=kernel effective_tier=kernel tier_reason=kernel_ok shared_suh=1 shared_suh_layers=42/42 sym_exl3_moe=1 sym_fat_gemm=1 sym_fat_gemm_scatter=1 cap=12.1 cap_ok=1 tp_rank=1 tp_size=4 prefill_layer_calls=1638 thin_calls=109 row_tile_calls=0 fallback_calls=kernel=1528,batched=0,sorted=0,legacy=0 fallback_reasons=kernel_ok=1528,thin_only=109 fat_expert_runs=35270 direct_calls=35270 scatter_calls=35270 fat_layers=1529 fat_expert_slots=35289 max_rows=2048 fused_temps_allocs=1 fused_temps_bytes=14155776 fat_scratch_allocs=1 fat_scratch_bytes=98568192 fat_scratch_peak_bytes=98568192
(Worker_TP1 pid=1238) INFO 09-02 23:30:38 [exl3.py:451] exl3 fat-expert P0: layers=1680 fat_layers=1571 (93.5%) fat_expert_slots=36333 max_rows=2048 avg_max_rows=1269.1 hist_le128=109 hist_gt128=1571 hist=[0, 12, 33, 64, 33, 167, 238, 1133, 0]
(Worker_TP1 pid=1238) INFO 09-02 23:30:38 [exl3.py:464] exl3 e2 diag schema=1 configured_tier=kernel effective_tier=kernel tier_reason=kernel_ok shared_suh=1 shared_suh_layers=42/42 sym_exl3_moe=1 sym_fat_gemm=1 sym_fat_gemm_scatter=1 cap=12.1 cap_ok=1 tp_rank=1 tp_size=4 prefill_layer_calls=1680 thin_calls=109 row_tile_calls=0 fallback_calls=kernel=1570,batched=0,sorted=0,legacy=0 fallback_reasons=kernel_ok=1570,thin_only=109 fat_expert_runs=36316 direct_calls=36316 scatter_calls=36316 fat_layers=1571 fat_expert_slots=36333 max_rows=2048 fused_temps_allocs=1 fused_temps_bytes=14155776 fat_scratch_allocs=1 fat_scratch_bytes=98568192 fat_scratch_peak_bytes=98568192
(Worker_TP1 pid=1238) INFO 09-02 23:30:39 [exl3.py:451] exl3 fat-expert P0: layers=1722 fat_layers=1613 (93.7%) fat_expert_slots=37356 max_rows=2048 avg_max_rows=1274.3 hist_le128=109 hist_gt128=1613 hist=[0, 12, 33, 64, 33, 171, 241, 1168, 0]
(Worker_TP1 pid=1238) INFO 09-02 23:30:39 [exl3.py:464] exl3 e2 diag schema=1 configured_tier=kernel effective_tier=kernel tier_reason=kernel_ok shared_suh=1 shared_suh_layers=42/42 sym_exl3_moe=1 sym_fat_gemm=1 sym_fat_gemm_scatter=1 cap=12.1 cap_ok=1 tp_rank=1 tp_size=4 prefill_layer_calls=1722 thin_calls=109 row_tile_calls=0 fallback_calls=kernel=1612,batched=0,sorted=0,legacy=0 fallback_reasons=kernel_ok=1612,thin_only=109 fat_expert_runs=37337 direct_calls=37337 scatter_calls=37337 fat_layers=1613 fat_expert_slots=37356 max_rows=2048 fused_temps_allocs=1 fused_temps_bytes=14155776 fat_scratch_allocs=1 fat_scratch_bytes=98568192 fat_scratch_peak_bytes=98568192
(Worker_TP1 pid=1238) INFO 09-02 23:30:41 [exl3.py:451] exl3 fat-expert P0: layers=1764 fat_layers=1655 (93.8%) fat_expert_slots=38377 max_rows=2048 avg_max_rows=1279.2 hist_le128=109 hist_gt128=1655 hist=[0, 12, 33, 64, 33, 175, 245, 1202, 0]
(Worker_TP1 pid=1238) INFO 09-02 23:30:41 [exl3.py:464] exl3 e2 diag schema=1 configured_tier=kernel effective_tier=kernel tier_reason=kernel_ok shared_suh=1 shared_suh_layers=42/42 sym_exl3_moe=1 sym_fat_gemm=1 sym_fat_gemm_scatter=1 cap=12.1 cap_ok=1 tp_rank=1 tp_size=4 prefill_layer_calls=1764 thin_calls=109 row_tile_calls=0 fallback_calls=kernel=1654,batched=0,sorted=0,legacy=0 fallback_reasons=kernel_ok=1654,thin_only=109 fat_expert_runs=38357 direct_calls=38357 scatter_calls=38357 fat_layers=1655 fat_expert_slots=38377 max_rows=2048 fused_temps_allocs=1 fused_temps_bytes=14155776 fat_scratch_allocs=1 fat_scratch_bytes=98568192 fat_scratch_peak_bytes=98568192
(Worker_TP1 pid=1238) INFO 09-02 23:30:42 [exl3.py:451] exl3 fat-expert P0: layers=1806 fat_layers=1697 (94.0%) fat_expert_slots=39400 max_rows=2048 avg_max_rows=1284.0 hist_le128=109 hist_gt128=1697 hist=[0, 12, 33, 64, 33, 179, 249, 1236, 0]
(Worker_TP1 pid=1238) INFO 09-02 23:30:42 [exl3.py:464] exl3 e2 diag schema=1 configured_tier=kernel effective_tier=kernel tier_reason=kernel_ok shared_suh=1 shared_suh_layers=42/42 sym_exl3_moe=1 sym_fat_gemm=1 sym_fat_gemm_scatter=1 cap=12.1 cap_ok=1 tp_rank=1 tp_size=4 prefill_layer_calls=1806 thin_calls=109 row_tile_calls=0 fallback_calls=kernel=1696,batched=0,sorted=0,legacy=0 fallback_reasons=kernel_ok=1696,thin_only=109 fat_expert_runs=39385 direct_calls=39385 scatter_calls=39385 fat_layers=1697 fat_expert_slots=39400 max_rows=2048 fused_temps_allocs=1 fused_temps_bytes=14155776 fat_scratch_allocs=1 fat_scratch_bytes=98568192 fat_scratch_peak_bytes=98568192
(Worker_TP1 pid=1238) INFO 09-02 23:30:44 [exl3.py:451] exl3 fat-expert P0: layers=1848 fat_layers=1739 (94.1%) fat_expert_slots=40420 max_rows=2048 avg_max_rows=1288.2 hist_le128=109 hist_gt128=1739 hist=[0, 12, 33, 64, 33, 183, 254, 1269, 0]
(Worker_TP1 pid=1238) INFO 09-02 23:30:44 [exl3.py:464] exl3 e2 diag schema=1 configured_tier=kernel effective_tier=kernel tier_reason=kernel_ok shared_suh=1 shared_suh_layers=42/42 sym_exl3_moe=1 sym_fat_gemm=1 sym_fat_gemm_scatter=1 cap=12.1 cap_ok=1 tp_rank=1 tp_size=4 prefill_layer_calls=1848 thin_calls=109 row_tile_calls=0 fallback_calls=kernel=1738,batched=0,sorted=0,legacy=0 fallback_reasons=kernel_ok=1738,thin_only=109 fat_expert_runs=40405 direct_calls=40405 scatter_calls=40405 fat_layers=1739 fat_expert_slots=40420 max_rows=2048 fused_temps_allocs=1 fused_temps_bytes=14155776 fat_scratch_allocs=1 fat_scratch_bytes=98568192 fat_scratch_peak_bytes=98568192
(Worker_TP1 pid=1238) INFO 09-02 23:30:45 [exl3.py:451] exl3 fat-expert P0: layers=1890 fat_layers=1781 (94.2%) fat_expert_slots=41444 max_rows=2048 avg_max_rows=1292.2 hist_le128=109 hist_gt128=1781 hist=[0, 12, 33, 64, 33, 186, 259, 1303, 0]
(Worker_TP1 pid=1238) INFO 09-02 23:30:45 [exl3.py:464] exl3 e2 diag schema=1 configured_tier=kernel effective_tier=kernel tier_reason=kernel_ok shared_suh=1 shared_suh_layers=42/42 sym_exl3_moe=1 sym_fat_gemm=1 sym_fat_gemm_scatter=1 cap=12.1 cap_ok=1 tp_rank=1 tp_size=4 prefill_layer_calls=1890 thin_calls=109 row_tile_calls=0 fallback_calls=kernel=1780,batched=0,sorted=0,legacy=0 fallback_reasons=kernel_ok=1780,thin_only=109 fat_expert_runs=41427 direct_calls=41427 scatter_calls=41427 fat_layers=1781 fat_expert_slots=41444 max_rows=2048 fused_temps_allocs=1 fused_temps_bytes=14155776 fat_scratch_allocs=1 fat_scratch_bytes=98568192 fat_scratch_peak_bytes=98568192
(Worker_TP1 pid=1238) INFO 09-02 23:30:47 [exl3.py:451] exl3 fat-expert P0: layers=1932 fat_layers=1823 (94.4%) fat_expert_slots=42480 max_rows=2048 avg_max_rows=1295.8 hist_le128=109 hist_gt128=1823 hist=[0, 12, 33, 64, 33, 189, 265, 1336, 0]
(Worker_TP1 pid=1238) INFO 09-02 23:30:47 [exl3.py:464] exl3 e2 diag schema=1 configured_tier=kernel effective_tier=kernel tier_reason=kernel_ok shared_suh=1 shared_suh_layers=42/42 sym_exl3_moe=1 sym_fat_gemm=1 sym_fat_gemm_scatter=1 cap=12.1 cap_ok=1 tp_rank=1 tp_size=4 prefill_layer_calls=1932 thin_calls=109 row_tile_calls=0 fallback_calls=kernel=1822,batched=0,sorted=0,legacy=0 fallback_reasons=kernel_ok=1822,thin_only=109 fat_expert_runs=42464 direct_calls=42464 scatter_calls=42464 fat_layers=1823 fat_expert_slots=42480 max_rows=2048 fused_temps_allocs=1 fused_temps_bytes=14155776 fat_scratch_allocs=1 fat_scratch_bytes=98568192 fat_scratch_peak_bytes=98568192
(Worker_TP1 pid=1238) INFO 09-02 23:30:48 [exl3.py:451] exl3 fat-expert P0: layers=1974 fat_layers=1865 (94.5%) fat_expert_slots=43521 max_rows=2048 avg_max_rows=1299.4 hist_le128=109 hist_gt128=1865 hist=[0, 12, 33, 64, 33, 193, 271, 1368, 0]
(Worker_TP1 pid=1238) INFO 09-02 23:30:48 [exl3.py:464] exl3 e2 diag schema=1 configured_tier=kernel effective_tier=kernel tier_reason=kernel_ok shared_suh=1 shared_suh_layers=42/42 sym_exl3_moe=1 sym_fat_gemm=1 sym_fat_gemm_scatter=1 cap=12.1 cap_ok=1 tp_rank=1 tp_size=4 prefill_layer_calls=1974 thin_calls=109 row_tile_calls=0 fallback_calls=kernel=1864,batched=0,sorted=0,legacy=0 fallback_reasons=kernel_ok=1864,thin_only=109 fat_expert_runs=43507 direct_calls=43507 scatter_calls=43507 fat_layers=1865 fat_expert_slots=43521 max_rows=2048 fused_temps_allocs=1 fused_temps_bytes=14155776 fat_scratch_allocs=1 fat_scratch_bytes=98568192 fat_scratch_peak_bytes=98568192
(Worker_TP1 pid=1238) INFO 09-02 23:30:49 [exl3.py:451] exl3 fat-expert P0: layers=2016 fat_layers=1907 (94.6%) fat_expert_slots=44559 max_rows=2048 avg_max_rows=1302.8 hist_le128=109 hist_gt128=1907 hist=[0, 12, 33, 64, 33, 197, 276, 1401, 0]
(Worker_TP1 pid=1238) INFO 09-02 23:30:49 [exl3.py:464] exl3 e2 diag schema=1 configured_tier=kernel effective_tier=kernel tier_reason=kernel_ok shared_suh=1 shared_suh_layers=42/42 sym_exl3_moe=1 sym_fat_gemm=1 sym_fat_gemm_scatter=1 cap=12.1 cap_ok=1 tp_rank=1 tp_size=4 prefill_layer_calls=2016 thin_calls=109 row_tile_calls=0 fallback_calls=kernel=1906,batched=0,sorted=0,legacy=0 fallback_reasons=kernel_ok=1906,thin_only=109 fat_expert_runs=44545 direct_calls=44545 scatter_calls=44545 fat_layers=1907 fat_expert_slots=44559 max_rows=2048 fused_temps_allocs=1 fused_temps_bytes=14155776 fat_scratch_allocs=1 fat_scratch_bytes=98568192 fat_scratch_peak_bytes=98568192
(Worker_TP1 pid=1238) INFO 09-02 23:30:51 [exl3.py:451] exl3 fat-expert P0: layers=2058 fat_layers=1949 (94.7%) fat_expert_slots=45607 max_rows=2048 avg_max_rows=1306.0 hist_le128=109 hist_gt128=1949 hist=[0, 12, 33, 64, 33, 201, 281, 1434, 0]
(Worker_TP1 pid=1238) INFO 09-02 23:30:51 [exl3.py:464] exl3 e2 diag schema=1 configured_tier=kernel effective_tier=kernel tier_reason=kernel_ok shared_suh=1 shared_suh_layers=42/42 sym_exl3_moe=1 sym_fat_gemm=1 sym_fat_gemm_scatter=1 cap=12.1 cap_ok=1 tp_rank=1 tp_size=4 prefill_layer_calls=2058 thin_calls=109 row_tile_calls=0 fallback_calls=kernel=1948,batched=0,sorted=0,legacy=0 fallback_reasons=kernel_ok=1948,thin_only=109 fat_expert_runs=45594 direct_calls=45594 scatter_calls=45594 fat_layers=1949 fat_expert_slots=45607 max_rows=2048 fused_temps_allocs=1 fused_temps_bytes=14155776 fat_scratch_allocs=1 fat_scratch_bytes=98568192 fat_scratch_peak_bytes=98568192
(Worker_TP1 pid=1238) INFO 09-02 23:30:52 [exl3.py:451] exl3 fat-expert P0: layers=2100 fat_layers=1991 (94.8%) fat_expert_slots=46680 max_rows=2048 avg_max_rows=1309.1 hist_le128=109 hist_gt128=1991 hist=[0, 12, 33, 64, 33, 205, 286, 1467, 0]
(Worker_TP1 pid=1238) INFO 09-02 23:30:52 [exl3.py:464] exl3 e2 diag schema=1 configured_tier=kernel effective_tier=kernel tier_reason=kernel_ok shared_suh=1 shared_suh_layers=42/42 sym_exl3_moe=1 sym_fat_gemm=1 sym_fat_gemm_scatter=1 cap=12.1 cap_ok=1 tp_rank=1 tp_size=4 prefill_layer_calls=2100 thin_calls=109 row_tile_calls=0 fallback_calls=kernel=1990,batched=0,sorted=0,legacy=0 fallback_reasons=kernel_ok=1990,thin_only=109 fat_expert_runs=46668 direct_calls=46668 scatter_calls=46668 fat_layers=1991 fat_expert_slots=46680 max_rows=2048 fused_temps_allocs=1 fused_temps_bytes=14155776 fat_scratch_allocs=1 fat_scratch_bytes=98568192 fat_scratch_peak_bytes=98568192
(Worker_TP1 pid=1238) INFO 09-02 23:30:54 [exl3.py:451] exl3 fat-expert P0: layers=2142 fat_layers=2033 (94.9%) fat_expert_slots=47724 max_rows=2048 avg_max_rows=1311.8 hist_le128=109 hist_gt128=2033 hist=[0, 12, 33, 64, 33, 210, 291, 1499, 0]
(Worker_TP1 pid=1238) INFO 09-02 23:30:54 [exl3.py:464] exl3 e2 diag schema=1 configured_tier=kernel effective_tier=kernel tier_reason=kernel_ok shared_suh=1 shared_suh_layers=42/42 sym_exl3_moe=1 sym_fat_gemm=1 sym_fat_gemm_scatter=1 cap=12.1 cap_ok=1 tp_rank=1 tp_size=4 prefill_layer_calls=2142 thin_calls=109 row_tile_calls=0 fallback_calls=kernel=2032,batched=0,sorted=0,legacy=0 fallback_reasons=kernel_ok=2032,thin_only=109 fat_expert_runs=47713 direct_calls=47713 scatter_calls=47713 fat_layers=2033 fat_expert_slots=47724 max_rows=2048 fused_temps_allocs=1 fused_temps_bytes=14155776 fat_scratch_allocs=1 fat_scratch_bytes=98568192 fat_scratch_peak_bytes=98568192
(Worker_TP1 pid=1238) INFO 09-02 23:30:55 [exl3.py:451] exl3 fat-expert P0: layers=2184 fat_layers=2075 (95.0%) fat_expert_slots=48780 max_rows=2048 avg_max_rows=1314.4 hist_le128=109 hist_gt128=2075 hist=[0, 12, 33, 64, 33, 214, 297, 1531, 0]
(Worker_TP1 pid=1238) INFO 09-02 23:30:55 [exl3.py:464] exl3 e2 diag schema=1 configured_tier=kernel effective_tier=kernel tier_reason=kernel_ok shared_suh=1 shared_suh_layers=42/42 sym_exl3_moe=1 sym_fat_gemm=1 sym_fat_gemm_scatter=1 cap=12.1 cap_ok=1 tp_rank=1 tp_size=4 prefill_layer_calls=2184 thin_calls=109 row_tile_calls=0 fallback_calls=kernel=2074,batched=0,sorted=0,legacy=0 fallback_reasons=kernel_ok=2074,thin_only=109 fat_expert_runs=48768 direct_calls=48768 scatter_calls=48768 fat_layers=2075 fat_expert_slots=48780 max_rows=2048 fused_temps_allocs=1 fused_temps_bytes=14155776 fat_scratch_allocs=1 fat_scratch_bytes=98568192 fat_scratch_peak_bytes=98568192
(Worker_TP1 pid=1238) INFO 09-02 23:30:57 [exl3.py:451] exl3 fat-expert P0: layers=2226 fat_layers=2117 (95.1%) fat_expert_slots=49839 max_rows=2048 avg_max_rows=1317.1 hist_le128=109 hist_gt128=2117 hist=[0, 12, 33, 64, 33, 218, 302, 1564, 0]
(Worker_TP1 pid=1238) INFO 09-02 23:30:57 [exl3.py:464] exl3 e2 diag schema=1 configured_tier=kernel effective_tier=kernel tier_reason=kernel_ok shared_suh=1 shared_suh_layers=42/42 sym_exl3_moe=1 sym_fat_gemm=1 sym_fat_gemm_scatter=1 cap=12.1 cap_ok=1 tp_rank=1 tp_size=4 prefill_layer_calls=2226 thin_calls=109 row_tile_calls=0 fallback_calls=kernel=2116,batched=0,sorted=0,legacy=0 fallback_reasons=kernel_ok=2116,thin_only=109 fat_expert_runs=49827 direct_calls=49827 scatter_calls=49827 fat_layers=2117 fat_expert_slots=49839 max_rows=2048 fused_temps_allocs=1 fused_temps_bytes=14155776 fat_scratch_allocs=1 fat_scratch_bytes=98568192 fat_scratch_peak_bytes=98568192
(Worker_TP1 pid=1238) INFO 09-02 23:30:58 [exl3.py:451] exl3 fat-expert P0: layers=2268 fat_layers=2159 (95.2%) fat_expert_slots=50913 max_rows=2048 avg_max_rows=1319.5 hist_le128=109 hist_gt128=2159 hist=[0, 12, 33, 64, 33, 222, 308, 1596, 0]
(Worker_TP1 pid=1238) INFO 09-02 23:30:58 [exl3.py:464] exl3 e2 diag schema=1 configured_tier=kernel effective_tier=kernel tier_reason=kernel_ok shared_suh=1 shared_suh_layers=42/42 sym_exl3_moe=1 sym_fat_gemm=1 sym_fat_gemm_scatter=1 cap=12.1 cap_ok=1 tp_rank=1 tp_size=4 prefill_layer_calls=2268 thin_calls=109 row_tile_calls=0 fallback_calls=kernel=2158,batched=0,sorted=0,legacy=0 fallback_reasons=kernel_ok=2158,thin_only=109 fat_expert_runs=50902 direct_calls=50902 scatter_calls=50902 fat_layers=2159 fat_expert_slots=50913 max_rows=2048 fused_temps_allocs=1 fused_temps_bytes=14155776 fat_scratch_allocs=1 fat_scratch_bytes=98568192 fat_scratch_peak_bytes=98568192
(Worker_TP1 pid=1238) INFO 09-02 23:31:00 [exl3.py:451] exl3 fat-expert P0: layers=2310 fat_layers=2201 (95.3%) fat_expert_slots=51995 max_rows=2048 avg_max_rows=1322.1 hist_le128=109 hist_gt128=2201 hist=[0, 12, 33, 64, 33, 227, 312, 1629, 0]
(Worker_TP1 pid=1238) INFO 09-02 23:31:00 [exl3.py:464] exl3 e2 diag schema=1 configured_tier=kernel effective_tier=kernel tier_reason=kernel_ok shared_suh=1 shared_suh_layers=42/42 sym_exl3_moe=1 sym_fat_gemm=1 sym_fat_gemm_scatter=1 cap=12.1 cap_ok=1 tp_rank=1 tp_size=4 prefill_layer_calls=2310 thin_calls=109 row_tile_calls=0 fallback_calls=kernel=2200,batched=0,sorted=0,legacy=0 fallback_reasons=kernel_ok=2200,thin_only=109 fat_expert_runs=51984 direct_calls=51984 scatter_calls=51984 fat_layers=2201 fat_expert_slots=51995 max_rows=2048 fused_temps_allocs=1 fused_temps_bytes=14155776 fat_scratch_allocs=1 fat_scratch_bytes=98568192 fat_scratch_peak_bytes=98568192
(Worker_TP1 pid=1238) INFO 09-02 23:31:01 [exl3.py:451] exl3 fat-expert P0: layers=2352 fat_layers=2243 (95.4%) fat_expert_slots=53079 max_rows=2048 avg_max_rows=1324.4 hist_le128=109 hist_gt128=2243 hist=[0, 12, 33, 64, 33, 232, 317, 1661, 0]
(Worker_TP1 pid=1238) INFO 09-02 23:31:01 [exl3.py:464] exl3 e2 diag schema=1 configured_tier=kernel effective_tier=kernel tier_reason=kernel_ok shared_suh=1 shared_suh_layers=42/42 sym_exl3_moe=1 sym_fat_gemm=1 sym_fat_gemm_scatter=1 cap=12.1 cap_ok=1 tp_rank=1 tp_size=4 prefill_layer_calls=2352 thin_calls=109 row_tile_calls=0 fallback_calls=kernel=2242,batched=0,sorted=0,legacy=0 fallback_reasons=kernel_ok=2242,thin_only=109 fat_expert_runs=53068 direct_calls=53068 scatter_calls=53068 fat_layers=2243 fat_expert_slots=53079 max_rows=2048 fused_temps_allocs=1 fused_temps_bytes=14155776 fat_scratch_allocs=1 fat_scratch_bytes=98568192 fat_scratch_peak_bytes=98568192
(Worker_TP1 pid=1238) INFO 09-02 23:31:02 [exl3.py:451] exl3 fat-expert P0: layers=2394 fat_layers=2285 (95.4%) fat_expert_slots=54172 max_rows=2048 avg_max_rows=1326.8 hist_le128=109 hist_gt128=2285 hist=[0, 12, 33, 64, 33, 236, 322, 1694, 0]
(Worker_TP1 pid=1238) INFO 09-02 23:31:02 [exl3.py:464] exl3 e2 diag schema=1 configured_tier=kernel effective_tier=kernel tier_reason=kernel_ok shared_suh=1 shared_suh_layers=42/42 sym_exl3_moe=1 sym_fat_gemm=1 sym_fat_gemm_scatter=1 cap=12.1 cap_ok=1 tp_rank=1 tp_size=4 prefill_layer_calls=2394 thin_calls=109 row_tile_calls=0 fallback_calls=kernel=2284,batched=0,sorted=0,legacy=0 fallback_reasons=kernel_ok=2284,thin_only=109 fat_expert_runs=54159 direct_calls=54159 scatter_calls=54159 fat_layers=2285 fat_expert_slots=54172 max_rows=2048 fused_temps_allocs=1 fused_temps_bytes=14155776 fat_scratch_allocs=1 fat_scratch_bytes=98568192 fat_scratch_peak_bytes=98568192
(Worker_TP1 pid=1238) INFO 09-02 23:31:04 [exl3.py:451] exl3 fat-expert P0: layers=2436 fat_layers=2327 (95.5%) fat_expert_slots=55241 max_rows=2048 avg_max_rows=1329.0 hist_le128=109 hist_gt128=2327 hist=[0, 12, 33, 64, 33, 241, 326, 1727, 0]
(Worker_TP1 pid=1238) INFO 09-02 23:31:04 [exl3.py:464] exl3 e2 diag schema=1 configured_tier=kernel effective_tier=kernel tier_reason=kernel_ok shared_suh=1 shared_suh_layers=42/42 sym_exl3_moe=1 sym_fat_gemm=1 sym_fat_gemm_scatter=1 cap=12.1 cap_ok=1 tp_rank=1 tp_size=4 prefill_layer_calls=2436 thin_calls=109 row_tile_calls=0 fallback_calls=kernel=2326,batched=0,sorted=0,legacy=0 fallback_reasons=kernel_ok=2326,thin_only=109 fat_expert_runs=55230 direct_calls=55230 scatter_calls=55230 fat_layers=2327 fat_expert_slots=55241 max_rows=2048 fused_temps_allocs=1 fused_temps_bytes=14155776 fat_scratch_allocs=1 fat_scratch_bytes=98568192 fat_scratch_peak_bytes=98568192
(Worker_TP1 pid=1238) INFO 09-02 23:31:06 [exl3.py:451] exl3 fat-expert P0: layers=2478 fat_layers=2369 (95.6%) fat_expert_slots=56302 max_rows=2048 avg_max_rows=1331.2 hist_le128=109 hist_gt128=2369 hist=[0, 12, 33, 64, 33, 244, 332, 1760, 0]
(Worker_TP1 pid=1238) INFO 09-02 23:31:06 [exl3.py:464] exl3 e2 diag schema=1 configured_tier=kernel effective_tier=kernel tier_reason=kernel_ok shared_suh=1 shared_suh_layers=42/42 sym_exl3_moe=1 sym_fat_gemm=1 sym_fat_gemm_scatter=1 cap=12.1 cap_ok=1 tp_rank=1 tp_size=4 prefill_layer_calls=2478 thin_calls=109 row_tile_calls=0 fallback_calls=kernel=2368,batched=0,sorted=0,legacy=0 fallback_reasons=kernel_ok=2368,thin_only=109 fat_expert_runs=56291 direct_calls=56291 scatter_calls=56291 fat_layers=2369 fat_expert_slots=56302 max_rows=2048 fused_temps_allocs=1 fused_temps_bytes=14155776 fat_scratch_allocs=1 fat_scratch_bytes=98568192 fat_scratch_peak_bytes=98568192
(Worker_TP1 pid=1238) INFO 09-02 23:31:06 [exl3.py:451] exl3 fat-expert P0: layers=2520 fat_layers=2411 (95.7%) fat_expert_slots=56806 max_rows=2048 avg_max_rows=1319.8 hist_le128=109 hist_gt128=2411 hist=[0, 12, 33, 64, 38, 249, 364, 1760, 0]
(Worker_TP1 pid=1238) INFO 09-02 23:31:06 [exl3.py:464] exl3 e2 diag schema=1 configured_tier=kernel effective_tier=kernel tier_reason=kernel_ok shared_suh=1 shared_suh_layers=42/42 sym_exl3_moe=1 sym_fat_gemm=1 sym_fat_gemm_scatter=1 cap=12.1 cap_ok=1 tp_rank=1 tp_size=4 prefill_layer_calls=2520 thin_calls=109 row_tile_calls=0 fallback_calls=kernel=2410,batched=0,sorted=0,legacy=0 fallback_reasons=kernel_ok=2410,thin_only=109 fat_expert_runs=56795 direct_calls=56795 scatter_calls=56795 fat_layers=2411 fat_expert_slots=56806 max_rows=2048 fused_temps_allocs=1 fused_temps_bytes=14155776 fat_scratch_allocs=1 fat_scratch_bytes=98568192 fat_scratch_peak_bytes=98568192
(Worker_TP1 pid=1238) INFO 09-02 23:31:08 [exl3.py:451] exl3 fat-expert P0: layers=2562 fat_layers=2453 (95.7%) fat_expert_slots=57715 max_rows=2048 avg_max_rows=1317.9 hist_le128=109 hist_gt128=2453 hist=[0, 12, 33, 64, 38, 254, 370, 1791, 0]
(Worker_TP1 pid=1238) INFO 09-02 23:31:08 [exl3.py:464] exl3 e2 diag schema=1 configured_tier=kernel effective_tier=kernel tier_reason=kernel_ok shared_suh=1 shared_suh_layers=42/42 sym_exl3_moe=1 sym_fat_gemm=1 sym_fat_gemm_scatter=1 cap=12.1 cap_ok=1 tp_rank=1 tp_size=4 prefill_layer_calls=2562 thin_calls=109 row_tile_calls=0 fallback_calls=kernel=2452,batched=0,sorted=0,legacy=0 fallback_reasons=kernel_ok=2452,thin_only=109 fat_expert_runs=57704 direct_calls=57704 scatter_calls=57704 fat_layers=2453 fat_expert_slots=57715 max_rows=2048 fused_temps_allocs=1 fused_temps_bytes=14155776 fat_scratch_allocs=1 fat_scratch_bytes=98568192 fat_scratch_peak_bytes=98568192
(Worker_TP1 pid=1238) INFO 09-02 23:31:19 [exl3.py:451] exl3 fat-expert P0: layers=2604 fat_layers=2457 (94.4%) fat_expert_slots=57719 max_rows=2048 avg_max_rows=1297.9 hist_le128=147 hist_gt128=2457 hist=[0, 13, 50, 84, 42, 254, 370, 1791, 0]
(Worker_TP1 pid=1238) INFO 09-02 23:31:19 [exl3.py:464] exl3 e2 diag schema=1 configured_tier=kernel effective_tier=kernel tier_reason=kernel_ok shared_suh=1 shared_suh_layers=42/42 sym_exl3_moe=1 sym_fat_gemm=1 sym_fat_gemm_scatter=1 cap=12.1 cap_ok=1 tp_rank=1 tp_size=4 prefill_layer_calls=2604 thin_calls=146 row_tile_calls=0 fallback_calls=kernel=2457,batched=0,sorted=0,legacy=0 fallback_reasons=kernel_ok=2457,thin_only=146 fat_expert_runs=57719 direct_calls=57719 scatter_calls=57719 fat_layers=2457 fat_expert_slots=57719 max_rows=2048 fused_temps_allocs=1 fused_temps_bytes=14155776 fat_scratch_allocs=1 fat_scratch_bytes=98568192 fat_scratch_peak_bytes=98568192
(Worker_TP1 pid=1238) INFO 09-02 23:31:41 [exl3.py:451] exl3 fat-expert P0: layers=2646 fat_layers=2492 (94.2%) fat_expert_slots=57804 max_rows=2048 avg_max_rows=1280.6 hist_le128=154 hist_gt128=2492 hist=[0, 13, 50, 91, 66, 265, 370, 1791, 0]
(Worker_TP1 pid=1238) INFO 09-02 23:31:41 [exl3.py:464] exl3 e2 diag schema=1 configured_tier=kernel effective_tier=kernel tier_reason=kernel_ok shared_suh=1 shared_suh_layers=42/42 sym_exl3_moe=1 sym_fat_gemm=1 sym_fat_gemm_scatter=1 cap=12.1 cap_ok=1 tp_rank=1 tp_size=4 prefill_layer_calls=2646 thin_calls=153 row_tile_calls=0 fallback_calls=kernel=2492,batched=0,sorted=0,legacy=0 fallback_reasons=kernel_ok=2492,thin_only=153 fat_expert_runs=57804 direct_calls=57804 scatter_calls=57804 fat_layers=2492 fat_expert_slots=57804 max_rows=2048 fused_temps_allocs=1 fused_temps_bytes=14155776 fat_scratch_allocs=1 fat_scratch_bytes=98568192 fat_scratch_peak_bytes=98568192
(Worker_TP1 pid=1238) INFO 09-02 23:31:41 [exl3.py:451] exl3 fat-expert P0: layers=2688 fat_layers=2523 (93.9%) fat_expert_slots=57864 max_rows=2048 avg_max_rows=1263.3 hist_le128=165 hist_gt128=2523 hist=[0, 13, 51, 101, 92, 270, 370, 1791, 0]
(Worker_TP1 pid=1238) INFO 09-02 23:31:41 [exl3.py:464] exl3 e2 diag schema=1 configured_tier=kernel effective_tier=kernel tier_reason=kernel_ok shared_suh=1 shared_suh_layers=42/42 sym_exl3_moe=1 sym_fat_gemm=1 sym_fat_gemm_scatter=1 cap=12.1 cap_ok=1 tp_rank=1 tp_size=4 prefill_layer_calls=2688 thin_calls=164 row_tile_calls=0 fallback_calls=kernel=2523,batched=0,sorted=0,legacy=0 fallback_reasons=kernel_ok=2523,thin_only=164 fat_expert_runs=57864 direct_calls=57864 scatter_calls=57864 fat_layers=2523 fat_expert_slots=57864 max_rows=2048 fused_temps_allocs=1 fused_temps_bytes=14155776 fat_scratch_allocs=1 fat_scratch_bytes=98568192 fat_scratch_peak_bytes=98568192
(Worker_TP1 pid=1238) INFO 09-02 23:32:21 [exl3.py:451] exl3 fat-expert P0: layers=2730 fat_layers=2565 (94.0%) fat_expert_slots=58948 max_rows=2048 avg_max_rows=1265.6 hist_le128=165 hist_gt128=2565 hist=[0, 13, 51, 101, 92, 273, 374, 1826, 0]
(Worker_TP1 pid=1238) INFO 09-02 23:32:21 [exl3.py:464] exl3 e2 diag schema=1 configured_tier=kernel effective_tier=kernel tier_reason=kernel_ok shared_suh=1 shared_suh_layers=42/42 sym_exl3_moe=1 sym_fat_gemm=1 sym_fat_gemm_scatter=1 cap=12.1 cap_ok=1 tp_rank=1 tp_size=4 prefill_layer_calls=2730 thin_calls=165 row_tile_calls=0 fallback_calls=kernel=2564,batched=0,sorted=0,legacy=0 fallback_reasons=kernel_ok=2564,thin_only=165 fat_expert_runs=58926 direct_calls=58926 scatter_calls=58926 fat_layers=2565 fat_expert_slots=58948 max_rows=2048 fused_temps_allocs=1 fused_temps_bytes=14155776 fat_scratch_allocs=1 fat_scratch_bytes=98568192 fat_scratch_peak_bytes=98568192
(Worker_TP1 pid=1238) INFO 09-02 23:32:23 [exl3.py:451] exl3 fat-expert P0: layers=2772 fat_layers=2607 (94.0%) fat_expert_slots=59989 max_rows=2048 avg_max_rows=1268.6 hist_le128=165 hist_gt128=2607 hist=[0, 13, 51, 101, 92, 277, 378, 1860, 0]
(Worker_TP1 pid=1238) INFO 09-02 23:32:23 [exl3.py:464] exl3 e2 diag schema=1 configured_tier=kernel effective_tier=kernel tier_reason=kernel_ok shared_suh=1 shared_suh_layers=42/42 sym_exl3_moe=1 sym_fat_gemm=1 sym_fat_gemm_scatter=1 cap=12.1 cap_ok=1 tp_rank=1 tp_size=4 prefill_layer_calls=2772 thin_calls=165 row_tile_calls=0 fallback_calls=kernel=2606,batched=0,sorted=0,legacy=0 fallback_reasons=kernel_ok=2606,thin_only=165 fat_expert_runs=59968 direct_calls=59968 scatter_calls=59968 fat_layers=2607 fat_expert_slots=59989 max_rows=2048 fused_temps_allocs=1 fused_temps_bytes=14155776 fat_scratch_allocs=1 fat_scratch_bytes=98568192 fat_scratch_peak_bytes=98568192
(Worker_TP1 pid=1238) INFO 09-02 23:32:24 [exl3.py:451] exl3 fat-expert P0: layers=2814 fat_layers=2649 (94.1%) fat_expert_slots=61033 max_rows=2048 avg_max_rows=1271.9 hist_le128=165 hist_gt128=2649 hist=[0, 13, 51, 101, 92, 281, 381, 1895, 0]
(Worker_TP1 pid=1238) INFO 09-02 23:32:24 [exl3.py:464] exl3 e2 diag schema=1 configured_tier=kernel effective_tier=kernel tier_reason=kernel_ok shared_suh=1 shared_suh_layers=42/42 sym_exl3_moe=1 sym_fat_gemm=1 sym_fat_gemm_scatter=1 cap=12.1 cap_ok=1 tp_rank=1 tp_size=4 prefill_layer_calls=2814 thin_calls=165 row_tile_calls=0 fallback_calls=kernel=2648,batched=0,sorted=0,legacy=0 fallback_reasons=kernel_ok=2648,thin_only=165 fat_expert_runs=61011 direct_calls=61011 scatter_calls=61011 fat_layers=2649 fat_expert_slots=61033 max_rows=2048 fused_temps_allocs=1 fused_temps_bytes=14155776 fat_scratch_allocs=1 fat_scratch_bytes=98568192 fat_scratch_peak_bytes=98568192
(Worker_TP1 pid=1238) INFO 09-02 23:32:25 [exl3.py:451] exl3 fat-expert P0: layers=2856 fat_layers=2691 (94.2%) fat_expert_slots=62085 max_rows=2048 avg_max_rows=1275.2 hist_le128=165 hist_gt128=2691 hist=[0, 13, 51, 101, 92, 284, 385, 1930, 0]
(Worker_TP1 pid=1238) INFO 09-02 23:32:25 [exl3.py:464] exl3 e2 diag schema=1 configured_tier=kernel effective_tier=kernel tier_reason=kernel_ok shared_suh=1 shared_suh_layers=42/42 sym_exl3_moe=1 sym_fat_gemm=1 sym_fat_gemm_scatter=1 cap=12.1 cap_ok=1 tp_rank=1 tp_size=4 prefill_layer_calls=2856 thin_calls=165 row_tile_calls=0 fallback_calls=kernel=2690,batched=0,sorted=0,legacy=0 fallback_reasons=kernel_ok=2690,thin_only=165 fat_expert_runs=62062 direct_calls=62062 scatter_calls=62062 fat_layers=2691 fat_expert_slots=62085 max_rows=2048 fused_temps_allocs=1 fused_temps_bytes=14155776 fat_scratch_allocs=1 fat_scratch_bytes=98568192 fat_scratch_peak_bytes=98568192
(Worker_TP1 pid=1238) INFO 09-02 23:32:27 [exl3.py:451] exl3 fat-expert P0: layers=2898 fat_layers=2733 (94.3%) fat_expert_slots=63142 max_rows=2048 avg_max_rows=1278.4 hist_le128=165 hist_gt128=2733 hist=[0, 13, 51, 101, 92, 287, 389, 1965, 0]
(Worker_TP1 pid=1238) INFO 09-02 23:32:27 [exl3.py:464] exl3 e2 diag schema=1 configured_tier=kernel effective_tier=kernel tier_reason=kernel_ok shared_suh=1 shared_suh_layers=42/42 sym_exl3_moe=1 sym_fat_gemm=1 sym_fat_gemm_scatter=1 cap=12.1 cap_ok=1 tp_rank=1 tp_size=4 prefill_layer_calls=2898 thin_calls=165 row_tile_calls=0 fallback_calls=kernel=2732,batched=0,sorted=0,legacy=0 fallback_reasons=kernel_ok=2732,thin_only=165 fat_expert_runs=63118 direct_calls=63118 scatter_calls=63118 fat_layers=2733 fat_expert_slots=63142 max_rows=2048 fused_temps_allocs=1 fused_temps_bytes=14155776 fat_scratch_allocs=1 fat_scratch_bytes=98568192 fat_scratch_peak_bytes=98568192
(Worker_TP1 pid=1238) INFO 09-02 23:32:28 [exl3.py:451] exl3 fat-expert P0: layers=2940 fat_layers=2775 (94.4%) fat_expert_slots=64188 max_rows=2048 avg_max_rows=1281.0 hist_le128=165 hist_gt128=2775 hist=[0, 13, 51, 101, 92, 291, 393, 1999, 0]
(Worker_TP1 pid=1238) INFO 09-02 23:32:28 [exl3.py:464] exl3 e2 diag schema=1 configured_tier=kernel effective_tier=kernel tier_reason=kernel_ok shared_suh=1 shared_suh_layers=42/42 sym_exl3_moe=1 sym_fat_gemm=1 sym_fat_gemm_scatter=1 cap=12.1 cap_ok=1 tp_rank=1 tp_size=4 prefill_layer_calls=2940 thin_calls=165 row_tile_calls=0 fallback_calls=kernel=2774,batched=0,sorted=0,legacy=0 fallback_reasons=kernel_ok=2774,thin_only=165 fat_expert_runs=64166 direct_calls=64166 scatter_calls=64166 fat_layers=2775 fat_expert_slots=64188 max_rows=2048 fused_temps_allocs=1 fused_temps_bytes=14155776 fat_scratch_allocs=1 fat_scratch_bytes=98568192 fat_scratch_peak_bytes=98568192
(Worker_TP1 pid=1238) INFO 09-02 23:32:30 [exl3.py:451] exl3 fat-expert P0: layers=2982 fat_layers=2817 (94.5%) fat_expert_slots=65233 max_rows=2048 avg_max_rows=1283.8 hist_le128=165 hist_gt128=2817 hist=[0, 13, 51, 101, 92, 294, 397, 2034, 0]
(Worker_TP1 pid=1238) INFO 09-02 23:32:30 [exl3.py:464] exl3 e2 diag schema=1 configured_tier=kernel effective_tier=kernel tier_reason=kernel_ok shared_suh=1 shared_suh_layers=42/42 sym_exl3_moe=1 sym_fat_gemm=1 sym_fat_gemm_scatter=1 cap=12.1 cap_ok=1 tp_rank=1 tp_size=4 prefill_layer_calls=2982 thin_calls=165 row_tile_calls=0 fallback_calls=kernel=2816,batched=0,sorted=0,legacy=0 fallback_reasons=kernel_ok=2816,thin_only=165 fat_expert_runs=65216 direct_calls=65216 scatter_calls=65216 fat_layers=2817 fat_expert_slots=65233 max_rows=2048 fused_temps_allocs=1 fused_temps_bytes=14155776 fat_scratch_allocs=1 fat_scratch_bytes=98568192 fat_scratch_peak_bytes=98568192
(Worker_TP1 pid=1238) INFO 09-02 23:32:31 [exl3.py:451] exl3 fat-expert P0: layers=3024 fat_layers=2859 (94.5%) fat_expert_slots=66296 max_rows=2048 avg_max_rows=1286.5 hist_le128=165 hist_gt128=2859 hist=[0, 13, 51, 101, 92, 297, 401, 2069, 0]
(Worker_TP1 pid=1238) INFO 09-02 23:32:31 [exl3.py:464] exl3 e2 diag schema=1 configured_tier=kernel effective_tier=kernel tier_reason=kernel_ok shared_suh=1 shared_suh_layers=42/42 sym_exl3_moe=1 sym_fat_gemm=1 sym_fat_gemm_scatter=1 cap=12.1 cap_ok=1 tp_rank=1 tp_size=4 prefill_layer_calls=3024 thin_calls=165 row_tile_calls=0 fallback_calls=kernel=2858,batched=0,sorted=0,legacy=0 fallback_reasons=kernel_ok=2858,thin_only=165 fat_expert_runs=66275 direct_calls=66275 scatter_calls=66275 fat_layers=2859 fat_expert_slots=66296 max_rows=2048 fused_temps_allocs=1 fused_temps_bytes=14155776 fat_scratch_allocs=1 fat_scratch_bytes=98568192 fat_scratch_peak_bytes=98568192
(Worker_TP1 pid=1238) INFO 09-02 23:32:32 [exl3.py:451] exl3 fat-expert P0: layers=3066 fat_layers=2901 (94.6%) fat_expert_slots=67355 max_rows=2048 avg_max_rows=1289.2 hist_le128=165 hist_gt128=2901 hist=[0, 13, 51, 101, 92, 300, 405, 2104, 0]
(Worker_TP1 pid=1238) INFO 09-02 23:32:32 [exl3.py:464] exl3 e2 diag schema=1 configured_tier=kernel effective_tier=kernel tier_reason=kernel_ok shared_suh=1 shared_suh_layers=42/42 sym_exl3_moe=1 sym_fat_gemm=1 sym_fat_gemm_scatter=1 cap=12.1 cap_ok=1 tp_rank=1 tp_size=4 prefill_layer_calls=3066 thin_calls=165 row_tile_calls=0 fallback_calls=kernel=2900,batched=0,sorted=0,legacy=0 fallback_reasons=kernel_ok=2900,thin_only=165 fat_expert_runs=67334 direct_calls=67334 scatter_calls=67334 fat_layers=2901 fat_expert_slots=67355 max_rows=2048 fused_temps_allocs=1 fused_temps_bytes=14155776 fat_scratch_allocs=1 fat_scratch_bytes=98568192 fat_scratch_peak_bytes=98568192
(Worker_TP1 pid=1238) INFO 09-02 23:32:34 [exl3.py:451] exl3 fat-expert P0: layers=3108 fat_layers=2943 (94.7%) fat_expert_slots=68392 max_rows=2048 avg_max_rows=1291.8 hist_le128=165 hist_gt128=2943 hist=[0, 13, 51, 101, 92, 303, 409, 2139, 0]
(Worker_TP1 pid=1238) INFO 09-02 23:32:34 [exl3.py:464] exl3 e2 diag schema=1 configured_tier=kernel effective_tier=kernel tier_reason=kernel_ok shared_suh=1 shared_suh_layers=42/42 sym_exl3_moe=1 sym_fat_gemm=1 sym_fat_gemm_scatter=1 cap=12.1 cap_ok=1 tp_rank=1 tp_size=4 prefill_layer_calls=3108 thin_calls=165 row_tile_calls=0 fallback_calls=kernel=2942,batched=0,sorted=0,legacy=0 fallback_reasons=kernel_ok=2942,thin_only=165 fat_expert_runs=68372 direct_calls=68372 scatter_calls=68372 fat_layers=2943 fat_expert_slots=68392 max_rows=2048 fused_temps_allocs=1 fused_temps_bytes=14155776 fat_scratch_allocs=1 fat_scratch_bytes=98568192 fat_scratch_peak_bytes=98568192
(Worker_TP1 pid=1238) INFO 09-02 23:32:35 [exl3.py:451] exl3 fat-expert P0: layers=3150 fat_layers=2985 (94.8%) fat_expert_slots=69454 max_rows=2048 avg_max_rows=1294.1 hist_le128=165 hist_gt128=2985 hist=[0, 13, 51, 101, 92, 306, 414, 2173, 0]
(Worker_TP1 pid=1238) INFO 09-02 23:32:35 [exl3.py:464] exl3 e2 diag schema=1 configured_tier=kernel effective_tier=kernel tier_reason=kernel_ok shared_suh=1 shared_suh_layers=42/42 sym_exl3_moe=1 sym_fat_gemm=1 sym_fat_gemm_scatter=1 cap=12.1 cap_ok=1 tp_rank=1 tp_size=4 prefill_layer_calls=3150 thin_calls=165 row_tile_calls=0 fallback_calls=kernel=2984,batched=0,sorted=0,legacy=0 fallback_reasons=kernel_ok=2984,thin_only=165 fat_expert_runs=69435 direct_calls=69435 scatter_calls=69435 fat_layers=2985 fat_expert_slots=69454 max_rows=2048 fused_temps_allocs=1 fused_temps_bytes=14155776 fat_scratch_allocs=1 fat_scratch_bytes=98568192 fat_scratch_peak_bytes=98568192
(Worker_TP1 pid=1238) INFO 09-02 23:32:37 [exl3.py:451] exl3 fat-expert P0: layers=3192 fat_layers=3027 (94.8%) fat_expert_slots=70515 max_rows=2048 avg_max_rows=1296.1 hist_le128=165 hist_gt128=3027 hist=[0, 13, 51, 101, 92, 309, 420, 2206, 0]
(Worker_TP1 pid=1238) INFO 09-02 23:32:37 [exl3.py:464] exl3 e2 diag schema=1 configured_tier=kernel effective_tier=kernel tier_reason=kernel_ok shared_suh=1 shared_suh_layers=42/42 sym_exl3_moe=1 sym_fat_gemm=1 sym_fat_gemm_scatter=1 cap=12.1 cap_ok=1 tp_rank=1 tp_size=4 prefill_layer_calls=3192 thin_calls=165 row_tile_calls=0 fallback_calls=kernel=3026,batched=0,sorted=0,legacy=0 fallback_reasons=kernel_ok=3026,thin_only=165 fat_expert_runs=70498 direct_calls=70498 scatter_calls=70498 fat_layers=3027 fat_expert_slots=70515 max_rows=2048 fused_temps_allocs=1 fused_temps_bytes=14155776 fat_scratch_allocs=1 fat_scratch_bytes=98568192 fat_scratch_peak_bytes=98568192
(Worker_TP1 pid=1238) INFO 09-02 23:32:38 [exl3.py:451] exl3 fat-expert P0: layers=3234 fat_layers=3069 (94.9%) fat_expert_slots=71573 max_rows=2048 avg_max_rows=1298.0 hist_le128=165 hist_gt128=3069 hist=[0, 13, 51, 101, 92, 312, 426, 2239, 0]
(Worker_TP1 pid=1238) INFO 09-02 23:32:38 [exl3.py:464] exl3 e2 diag schema=1 configured_tier=kernel effective_tier=kernel tier_reason=kernel_ok shared_suh=1 shared_suh_layers=42/42 sym_exl3_moe=1 sym_fat_gemm=1 sym_fat_gemm_scatter=1 cap=12.1 cap_ok=1 tp_rank=1 tp_size=4 prefill_layer_calls=3234 thin_calls=165 row_tile_calls=0 fallback_calls=kernel=3068,batched=0,sorted=0,legacy=0 fallback_reasons=kernel_ok=3068,thin_only=165 fat_expert_runs=71559 direct_calls=71559 scatter_calls=71559 fat_layers=3069 fat_expert_slots=71573 max_rows=2048 fused_temps_allocs=1 fused_temps_bytes=14155776 fat_scratch_allocs=1 fat_scratch_bytes=98568192 fat_scratch_peak_bytes=98568192
(Worker_TP1 pid=1238) INFO 09-02 23:32:40 [exl3.py:451] exl3 fat-expert P0: layers=3276 fat_layers=3111 (95.0%) fat_expert_slots=72620 max_rows=2048 avg_max_rows=1300.0 hist_le128=165 hist_gt128=3111 hist=[0, 13, 51, 101, 92, 315, 431, 2273, 0]
(Worker_TP1 pid=1238) INFO 09-02 23:32:40 [exl3.py:464] exl3 e2 diag schema=1 configured_tier=kernel effective_tier=kernel tier_reason=kernel_ok shared_suh=1 shared_suh_layers=42/42 sym_exl3_moe=1 sym_fat_gemm=1 sym_fat_gemm_scatter=1 cap=12.1 cap_ok=1 tp_rank=1 tp_size=4 prefill_layer_calls=3276 thin_calls=165 row_tile_calls=0 fallback_calls=kernel=3110,batched=0,sorted=0,legacy=0 fallback_reasons=kernel_ok=3110,thin_only=165 fat_expert_runs=72603 direct_calls=72603 scatter_calls=72603 fat_layers=3111 fat_expert_slots=72620 max_rows=2048 fused_temps_allocs=1 fused_temps_bytes=14155776 fat_scratch_allocs=1 fat_scratch_bytes=98568192 fat_scratch_peak_bytes=98568192
(Worker_TP1 pid=1238) INFO 09-02 23:32:41 [exl3.py:451] exl3 fat-expert P0: layers=3318 fat_layers=3153 (95.0%) fat_expert_slots=73667 max_rows=2048 avg_max_rows=1302.1 hist_le128=165 hist_gt128=3153 hist=[0, 13, 51, 101, 92, 318, 438, 2305, 0]
(Worker_TP1 pid=1238) INFO 09-02 23:32:41 [exl3.py:464] exl3 e2 diag schema=1 configured_tier=kernel effective_tier=kernel tier_reason=kernel_ok shared_suh=1 shared_suh_layers=42/42 sym_exl3_moe=1 sym_fat_gemm=1 sym_fat_gemm_scatter=1 cap=12.1 cap_ok=1 tp_rank=1 tp_size=4 prefill_layer_calls=3318 thin_calls=165 row_tile_calls=0 fallback_calls=kernel=3152,batched=0,sorted=0,legacy=0 fallback_reasons=kernel_ok=3152,thin_only=165 fat_expert_runs=73649 direct_calls=73649 scatter_calls=73649 fat_layers=3153 fat_expert_slots=73667 max_rows=2048 fused_temps_allocs=1 fused_temps_bytes=14155776 fat_scratch_allocs=1 fat_scratch_bytes=98568192 fat_scratch_peak_bytes=98568192
(Worker_TP1 pid=1238) INFO 09-02 23:32:42 [exl3.py:451] exl3 fat-expert P0: layers=3360 fat_layers=3195 (95.1%) fat_expert_slots=74702 max_rows=2048 avg_max_rows=1304.1 hist_le128=165 hist_gt128=3195 hist=[0, 13, 51, 101, 92, 321, 442, 2340, 0]
(Worker_TP1 pid=1238) INFO 09-02 23:32:42 [exl3.py:464] exl3 e2 diag schema=1 configured_tier=kernel effective_tier=kernel tier_reason=kernel_ok shared_suh=1 shared_suh_layers=42/42 sym_exl3_moe=1 sym_fat_gemm=1 sym_fat_gemm_scatter=1 cap=12.1 cap_ok=1 tp_rank=1 tp_size=4 prefill_layer_calls=3360 thin_calls=165 row_tile_calls=0 fallback_calls=kernel=3194,batched=0,sorted=0,legacy=0 fallback_reasons=kernel_ok=3194,thin_only=165 fat_expert_runs=74688 direct_calls=74688 scatter_calls=74688 fat_layers=3195 fat_expert_slots=74702 max_rows=2048 fused_temps_allocs=1 fused_temps_bytes=14155776 fat_scratch_allocs=1 fat_scratch_bytes=98568192 fat_scratch_peak_bytes=98568192
(Worker_TP1 pid=1238) INFO 09-02 23:32:44 [exl3.py:451] exl3 fat-expert P0: layers=3402 fat_layers=3237 (95.1%) fat_expert_slots=75747 max_rows=2048 avg_max_rows=1305.9 hist_le128=165 hist_gt128=3237 hist=[0, 13, 51, 101, 92, 324, 447, 2374, 0]
(Worker_TP1 pid=1238) INFO 09-02 23:32:44 [exl3.py:464] exl3 e2 diag schema=1 configured_tier=kernel effective_tier=kernel tier_reason=kernel_ok shared_suh=1 shared_suh_layers=42/42 sym_exl3_moe=1 sym_fat_gemm=1 sym_fat_gemm_scatter=1 cap=12.1 cap_ok=1 tp_rank=1 tp_size=4 prefill_layer_calls=3402 thin_calls=165 row_tile_calls=0 fallback_calls=kernel=3236,batched=0,sorted=0,legacy=0 fallback_reasons=kernel_ok=3236,thin_only=165 fat_expert_runs=75731 direct_calls=75731 scatter_calls=75731 fat_layers=3237 fat_expert_slots=75747 max_rows=2048 fused_temps_allocs=1 fused_temps_bytes=14155776 fat_scratch_allocs=1 fat_scratch_bytes=98568192 fat_scratch_peak_bytes=98568192
(Worker_TP1 pid=1238) INFO 09-02 23:32:45 [exl3.py:451] exl3 fat-expert P0: layers=3444 fat_layers=3279 (95.2%) fat_expert_slots=76782 max_rows=2048 avg_max_rows=1307.6 hist_le128=165 hist_gt128=3279 hist=[0, 13, 51, 101, 92, 328, 451, 2408, 0]
(Worker_TP1 pid=1238) INFO 09-02 23:32:45 [exl3.py:464] exl3 e2 diag schema=1 configured_tier=kernel effective_tier=kernel tier_reason=kernel_ok shared_suh=1 shared_suh_layers=42/42 sym_exl3_moe=1 sym_fat_gemm=1 sym_fat_gemm_scatter=1 cap=12.1 cap_ok=1 tp_rank=1 tp_size=4 prefill_layer_calls=3444 thin_calls=165 row_tile_calls=0 fallback_calls=kernel=3278,batched=0,sorted=0,legacy=0 fallback_reasons=kernel_ok=3278,thin_only=165 fat_expert_runs=76768 direct_calls=76768 scatter_calls=76768 fat_layers=3279 fat_expert_slots=76782 max_rows=2048 fused_temps_allocs=1 fused_temps_bytes=14155776 fat_scratch_allocs=1 fat_scratch_bytes=98568192 fat_scratch_peak_bytes=98568192
(Worker_TP1 pid=1238) INFO 09-02 23:32:47 [exl3.py:451] exl3 fat-expert P0: layers=3486 fat_layers=3321 (95.3%) fat_expert_slots=77827 max_rows=2048 avg_max_rows=1309.2 hist_le128=165 hist_gt128=3321 hist=[0, 13, 51, 101, 92, 331, 457, 2441, 0]
(Worker_TP1 pid=1238) INFO 09-02 23:32:47 [exl3.py:464] exl3 e2 diag schema=1 configured_tier=kernel effective_tier=kernel tier_reason=kernel_ok shared_suh=1 shared_suh_layers=42/42 sym_exl3_moe=1 sym_fat_gemm=1 sym_fat_gemm_scatter=1 cap=12.1 cap_ok=1 tp_rank=1 tp_size=4 prefill_layer_calls=3486 thin_calls=165 row_tile_calls=0 fallback_calls=kernel=3320,batched=0,sorted=0,legacy=0 fallback_reasons=kernel_ok=3320,thin_only=165 fat_expert_runs=77813 direct_calls=77813 scatter_calls=77813 fat_layers=3321 fat_expert_slots=77827 max_rows=2048 fused_temps_allocs=1 fused_temps_bytes=14155776 fat_scratch_allocs=1 fat_scratch_bytes=98568192 fat_scratch_peak_bytes=98568192
(Worker_TP1 pid=1238) INFO 09-02 23:32:48 [exl3.py:451] exl3 fat-expert P0: layers=3528 fat_layers=3363 (95.3%) fat_expert_slots=78867 max_rows=2048 avg_max_rows=1310.8 hist_le128=165 hist_gt128=3363 hist=[0, 13, 51, 101, 92, 334, 464, 2473, 0]
(Worker_TP1 pid=1238) INFO 09-02 23:32:48 [exl3.py:464] exl3 e2 diag schema=1 configured_tier=kernel effective_tier=kernel tier_reason=kernel_ok shared_suh=1 shared_suh_layers=42/42 sym_exl3_moe=1 sym_fat_gemm=1 sym_fat_gemm_scatter=1 cap=12.1 cap_ok=1 tp_rank=1 tp_size=4 prefill_layer_calls=3528 thin_calls=165 row_tile_calls=0 fallback_calls=kernel=3362,batched=0,sorted=0,legacy=0 fallback_reasons=kernel_ok=3362,thin_only=165 fat_expert_runs=78852 direct_calls=78852 scatter_calls=78852 fat_layers=3363 fat_expert_slots=78867 max_rows=2048 fused_temps_allocs=1 fused_temps_bytes=14155776 fat_scratch_allocs=1 fat_scratch_bytes=98568192 fat_scratch_peak_bytes=98568192
(Worker_TP1 pid=1238) INFO 09-02 23:32:50 [exl3.py:451] exl3 fat-expert P0: layers=3570 fat_layers=3405 (95.4%) fat_expert_slots=79942 max_rows=2048 avg_max_rows=1312.1 hist_le128=165 hist_gt128=3405 hist=[0, 13, 51, 101, 92, 338, 467, 2508, 0]
(Worker_TP1 pid=1238) INFO 09-02 23:32:50 [exl3.py:464] exl3 e2 diag schema=1 configured_tier=kernel effective_tier=kernel tier_reason=kernel_ok shared_suh=1 shared_suh_layers=42/42 sym_exl3_moe=1 sym_fat_gemm=1 sym_fat_gemm_scatter=1 cap=12.1 cap_ok=1 tp_rank=1 tp_size=4 prefill_layer_calls=3570 thin_calls=165 row_tile_calls=0 fallback_calls=kernel=3404,batched=0,sorted=0,legacy=0 fallback_reasons=kernel_ok=3404,thin_only=165 fat_expert_runs=79925 direct_calls=79925 scatter_calls=79925 fat_layers=3405 fat_expert_slots=79942 max_rows=2048 fused_temps_allocs=1 fused_temps_bytes=14155776 fat_scratch_allocs=1 fat_scratch_bytes=98568192 fat_scratch_peak_bytes=98568192
(Worker_TP1 pid=1238) INFO 09-02 23:32:51 [exl3.py:451] exl3 fat-expert P0: layers=3612 fat_layers=3447 (95.4%) fat_expert_slots=81001 max_rows=2048 avg_max_rows=1313.9 hist_le128=165 hist_gt128=3447 hist=[0, 13, 51, 101, 92, 342, 471, 2542, 0]
(Worker_TP1 pid=1238) INFO 09-02 23:32:51 [exl3.py:464] exl3 e2 diag schema=1 configured_tier=kernel effective_tier=kernel tier_reason=kernel_ok shared_suh=1 shared_suh_layers=42/42 sym_exl3_moe=1 sym_fat_gemm=1 sym_fat_gemm_scatter=1 cap=12.1 cap_ok=1 tp_rank=1 tp_size=4 prefill_layer_calls=3612 thin_calls=165 row_tile_calls=0 fallback_calls=kernel=3446,batched=0,sorted=0,legacy=0 fallback_reasons=kernel_ok=3446,thin_only=165 fat_expert_runs=80985 direct_calls=80985 scatter_calls=80985 fat_layers=3447 fat_expert_slots=81001 max_rows=2048 fused_temps_allocs=1 fused_temps_bytes=14155776 fat_scratch_allocs=1 fat_scratch_bytes=98568192 fat_scratch_peak_bytes=98568192
(Worker_TP1 pid=1238) INFO 09-02 23:32:52 [exl3.py:451] exl3 fat-expert P0: layers=3654 fat_layers=3489 (95.5%) fat_expert_slots=82040 max_rows=2048 avg_max_rows=1315.7 hist_le128=165 hist_gt128=3489 hist=[0, 13, 51, 101, 92, 345, 475, 2577, 0]
(Worker_TP1 pid=1238) INFO 09-02 23:32:52 [exl3.py:464] exl3 e2 diag schema=1 configured_tier=kernel effective_tier=kernel tier_reason=kernel_ok shared_suh=1 shared_suh_layers=42/42 sym_exl3_moe=1 sym_fat_gemm=1 sym_fat_gemm_scatter=1 cap=12.1 cap_ok=1 tp_rank=1 tp_size=4 prefill_layer_calls=3654 thin_calls=165 row_tile_calls=0 fallback_calls=kernel=3488,batched=0,sorted=0,legacy=0 fallback_reasons=kernel_ok=3488,thin_only=165 fat_expert_runs=82025 direct_calls=82025 scatter_calls=82025 fat_layers=3489 fat_expert_slots=82040 max_rows=2048 fused_temps_allocs=1 fused_temps_bytes=14155776 fat_scratch_allocs=1 fat_scratch_bytes=98568192 fat_scratch_peak_bytes=98568192
(Worker_TP1 pid=1238) INFO 09-02 23:32:54 [exl3.py:451] exl3 fat-expert P0: layers=3696 fat_layers=3531 (95.5%) fat_expert_slots=83092 max_rows=2048 avg_max_rows=1317.3 hist_le128=165 hist_gt128=3531 hist=[0, 13, 51, 101, 92, 348, 480, 2611, 0]
(Worker_TP1 pid=1238) INFO 09-02 23:32:54 [exl3.py:464] exl3 e2 diag schema=1 configured_tier=kernel effective_tier=kernel tier_reason=kernel_ok shared_suh=1 shared_suh_layers=42/42 sym_exl3_moe=1 sym_fat_gemm=1 sym_fat_gemm_scatter=1 cap=12.1 cap_ok=1 tp_rank=1 tp_size=4 prefill_layer_calls=3696 thin_calls=165 row_tile_calls=0 fallback_calls=kernel=3530,batched=0,sorted=0,legacy=0 fallback_reasons=kernel_ok=3530,thin_only=165 fat_expert_runs=83078 direct_calls=83078 scatter_calls=83078 fat_layers=3531 fat_expert_slots=83092 max_rows=2048 fused_temps_allocs=1 fused_temps_bytes=14155776 fat_scratch_allocs=1 fat_scratch_bytes=98568192 fat_scratch_peak_bytes=98568192
(Worker_TP1 pid=1238) INFO 09-02 23:32:55 [exl3.py:451] exl3 fat-expert P0: layers=3738 fat_layers=3573 (95.6%) fat_expert_slots=84138 max_rows=2048 avg_max_rows=1318.8 hist_le128=165 hist_gt128=3573 hist=[0, 13, 51, 101, 92, 351, 486, 2644, 0]
(Worker_TP1 pid=1238) INFO 09-02 23:32:55 [exl3.py:464] exl3 e2 diag schema=1 configured_tier=kernel effective_tier=kernel tier_reason=kernel_ok shared_suh=1 shared_suh_layers=42/42 sym_exl3_moe=1 sym_fat_gemm=1 sym_fat_gemm_scatter=1 cap=12.1 cap_ok=1 tp_rank=1 tp_size=4 prefill_layer_calls=3738 thin_calls=165 row_tile_calls=0 fallback_calls=kernel=3572,batched=0,sorted=0,legacy=0 fallback_reasons=kernel_ok=3572,thin_only=165 fat_expert_runs=84125 direct_calls=84125 scatter_calls=84125 fat_layers=3573 fat_expert_slots=84138 max_rows=2048 fused_temps_allocs=1 fused_temps_bytes=14155776 fat_scratch_allocs=1 fat_scratch_bytes=98568192 fat_scratch_peak_bytes=98568192
(Worker_TP1 pid=1238) INFO 09-02 23:32:57 [exl3.py:451] exl3 fat-expert P0: layers=3780 fat_layers=3615 (95.6%) fat_expert_slots=85193 max_rows=2048 avg_max_rows=1320.4 hist_le128=165 hist_gt128=3615 hist=[0, 13, 51, 101, 92, 356, 489, 2678, 0]
(Worker_TP1 pid=1238) INFO 09-02 23:32:57 [exl3.py:464] exl3 e2 diag schema=1 configured_tier=kernel effective_tier=kernel tier_reason=kernel_ok shared_suh=1 shared_suh_layers=42/42 sym_exl3_moe=1 sym_fat_gemm=1 sym_fat_gemm_scatter=1 cap=12.1 cap_ok=1 tp_rank=1 tp_size=4 prefill_layer_calls=3780 thin_calls=165 row_tile_calls=0 fallback_calls=kernel=3614,batched=0,sorted=0,legacy=0 fallback_reasons=kernel_ok=3614,thin_only=165 fat_expert_runs=85180 direct_calls=85180 scatter_calls=85180 fat_layers=3615 fat_expert_slots=85193 max_rows=2048 fused_temps_allocs=1 fused_temps_bytes=14155776 fat_scratch_allocs=1 fat_scratch_bytes=98568192 fat_scratch_peak_bytes=98568192
(Worker_TP1 pid=1238) INFO 09-02 23:32:58 [exl3.py:451] exl3 fat-expert P0: layers=3822 fat_layers=3657 (95.7%) fat_expert_slots=86240 max_rows=2048 avg_max_rows=1322.0 hist_le128=165 hist_gt128=3657 hist=[0, 13, 51, 101, 92, 360, 494, 2711, 0]
(Worker_TP1 pid=1238) INFO 09-02 23:32:58 [exl3.py:464] exl3 e2 diag schema=1 configured_tier=kernel effective_tier=kernel tier_reason=kernel_ok shared_suh=1 shared_suh_layers=42/42 sym_exl3_moe=1 sym_fat_gemm=1 sym_fat_gemm_scatter=1 cap=12.1 cap_ok=1 tp_rank=1 tp_size=4 prefill_layer_calls=3822 thin_calls=165 row_tile_calls=0 fallback_calls=kernel=3656,batched=0,sorted=0,legacy=0 fallback_reasons=kernel_ok=3656,thin_only=165 fat_expert_runs=86228 direct_calls=86228 scatter_calls=86228 fat_layers=3657 fat_expert_slots=86240 max_rows=2048 fused_temps_allocs=1 fused_temps_bytes=14155776 fat_scratch_allocs=1 fat_scratch_bytes=98568192 fat_scratch_peak_bytes=98568192
(Worker_TP1 pid=1238) INFO 09-02 23:33:00 [exl3.py:451] exl3 fat-expert P0: layers=3864 fat_layers=3699 (95.7%) fat_expert_slots=87292 max_rows=2048 avg_max_rows=1323.5 hist_le128=165 hist_gt128=3699 hist=[0, 13, 51, 101, 92, 364, 498, 2745, 0]
(Worker_TP1 pid=1238) INFO 09-02 23:33:00 [exl3.py:464] exl3 e2 diag schema=1 configured_tier=kernel effective_tier=kernel tier_reason=kernel_ok shared_suh=1 shared_suh_layers=42/42 sym_exl3_moe=1 sym_fat_gemm=1 sym_fat_gemm_scatter=1 cap=12.1 cap_ok=1 tp_rank=1 tp_size=4 prefill_layer_calls=3864 thin_calls=165 row_tile_calls=0 fallback_calls=kernel=3698,batched=0,sorted=0,legacy=0 fallback_reasons=kernel_ok=3698,thin_only=165 fat_expert_runs=87278 direct_calls=87278 scatter_calls=87278 fat_layers=3699 fat_expert_slots=87292 max_rows=2048 fused_temps_allocs=1 fused_temps_bytes=14155776 fat_scratch_allocs=1 fat_scratch_bytes=98568192 fat_scratch_peak_bytes=98568192
(Worker_TP1 pid=1238) INFO 09-02 23:33:01 [exl3.py:451] exl3 fat-expert P0: layers=3906 fat_layers=3741 (95.8%) fat_expert_slots=88352 max_rows=2048 avg_max_rows=1324.9 hist_le128=165 hist_gt128=3741 hist=[0, 13, 51, 101, 92, 368, 502, 2779, 0]
(Worker_TP1 pid=1238) INFO 09-02 23:33:01 [exl3.py:464] exl3 e2 diag schema=1 configured_tier=kernel effective_tier=kernel tier_reason=kernel_ok shared_suh=1 shared_suh_layers=42/42 sym_exl3_moe=1 sym_fat_gemm=1 sym_fat_gemm_scatter=1 cap=12.1 cap_ok=1 tp_rank=1 tp_size=4 prefill_layer_calls=3906 thin_calls=165 row_tile_calls=0 fallback_calls=kernel=3740,batched=0,sorted=0,legacy=0 fallback_reasons=kernel_ok=3740,thin_only=165 fat_expert_runs=88340 direct_calls=88340 scatter_calls=88340 fat_layers=3741 fat_expert_slots=88352 max_rows=2048 fused_temps_allocs=1 fused_temps_bytes=14155776 fat_scratch_allocs=1 fat_scratch_bytes=98568192 fat_scratch_peak_bytes=98568192
(Worker_TP1 pid=1238) INFO 09-02 23:33:02 [exl3.py:451] exl3 fat-expert P0: layers=3948 fat_layers=3783 (95.8%) fat_expert_slots=89415 max_rows=2048 avg_max_rows=1326.2 hist_le128=165 hist_gt128=3783 hist=[0, 13, 51, 101, 92, 372, 507, 2812, 0]
(Worker_TP1 pid=1238) INFO 09-02 23:33:02 [exl3.py:464] exl3 e2 diag schema=1 configured_tier=kernel effective_tier=kernel tier_reason=kernel_ok shared_suh=1 shared_suh_layers=42/42 sym_exl3_moe=1 sym_fat_gemm=1 sym_fat_gemm_scatter=1 cap=12.1 cap_ok=1 tp_rank=1 tp_size=4 prefill_layer_calls=3948 thin_calls=165 row_tile_calls=0 fallback_calls=kernel=3782,batched=0,sorted=0,legacy=0 fallback_reasons=kernel_ok=3782,thin_only=165 fat_expert_runs=89403 direct_calls=89403 scatter_calls=89403 fat_layers=3783 fat_expert_slots=89415 max_rows=2048 fused_temps_allocs=1 fused_temps_bytes=14155776 fat_scratch_allocs=1 fat_scratch_bytes=98568192 fat_scratch_peak_bytes=98568192
(Worker_TP1 pid=1238) INFO 09-02 23:33:04 [exl3.py:451] exl3 fat-expert P0: layers=3990 fat_layers=3825 (95.9%) fat_expert_slots=90497 max_rows=2048 avg_max_rows=1327.4 hist_le128=165 hist_gt128=3825 hist=[0, 13, 51, 101, 92, 376, 512, 2845, 0]
(Worker_TP1 pid=1238) INFO 09-02 23:33:04 [exl3.py:464] exl3 e2 diag schema=1 configured_tier=kernel effective_tier=kernel tier_reason=kernel_ok shared_suh=1 shared_suh_layers=42/42 sym_exl3_moe=1 sym_fat_gemm=1 sym_fat_gemm_scatter=1 cap=12.1 cap_ok=1 tp_rank=1 tp_size=4 prefill_layer_calls=3990 thin_calls=165 row_tile_calls=0 fallback_calls=kernel=3824,batched=0,sorted=0,legacy=0 fallback_reasons=kernel_ok=3824,thin_only=165 fat_expert_runs=90486 direct_calls=90486 scatter_calls=90486 fat_layers=3825 fat_expert_slots=90497 max_rows=2048 fused_temps_allocs=1 fused_temps_bytes=14155776 fat_scratch_allocs=1 fat_scratch_bytes=98568192 fat_scratch_peak_bytes=98568192
(Worker_TP1 pid=1238) INFO 09-02 23:33:05 [exl3.py:451] exl3 fat-expert P0: layers=4032 fat_layers=3867 (95.9%) fat_expert_slots=91567 max_rows=2048 avg_max_rows=1328.6 hist_le128=165 hist_gt128=3867 hist=[0, 13, 51, 101, 92, 379, 518, 2878, 0]
(Worker_TP1 pid=1238) INFO 09-02 23:33:05 [exl3.py:464] exl3 e2 diag schema=1 configured_tier=kernel effective_tier=kernel tier_reason=kernel_ok shared_suh=1 shared_suh_layers=42/42 sym_exl3_moe=1 sym_fat_gemm=1 sym_fat_gemm_scatter=1 cap=12.1 cap_ok=1 tp_rank=1 tp_size=4 prefill_layer_calls=4032 thin_calls=165 row_tile_calls=0 fallback_calls=kernel=3866,batched=0,sorted=0,legacy=0 fallback_reasons=kernel_ok=3866,thin_only=165 fat_expert_runs=91556 direct_calls=91556 scatter_calls=91556 fat_layers=3867 fat_expert_slots=91567 max_rows=2048 fused_temps_allocs=1 fused_temps_bytes=14155776 fat_scratch_allocs=1 fat_scratch_bytes=98568192 fat_scratch_peak_bytes=98568192
(Worker_TP1 pid=1238) INFO 09-02 23:33:07 [exl3.py:451] exl3 fat-expert P0: layers=4074 fat_layers=3909 (95.9%) fat_expert_slots=92648 max_rows=2048 avg_max_rows=1329.9 hist_le128=165 hist_gt128=3909 hist=[0, 13, 51, 101, 92, 382, 524, 2911, 0]
(Worker_TP1 pid=1238) INFO 09-02 23:33:07 [exl3.py:464] exl3 e2 diag schema=1 configured_tier=kernel effective_tier=kernel tier_reason=kernel_ok shared_suh=1 shared_suh_layers=42/42 sym_exl3_moe=1 sym_fat_gemm=1 sym_fat_gemm_scatter=1 cap=12.1 cap_ok=1 tp_rank=1 tp_size=4 prefill_layer_calls=4074 thin_calls=165 row_tile_calls=0 fallback_calls=kernel=3908,batched=0,sorted=0,legacy=0 fallback_reasons=kernel_ok=3908,thin_only=165 fat_expert_runs=92637 direct_calls=92637 scatter_calls=92637 fat_layers=3909 fat_expert_slots=92648 max_rows=2048 fused_temps_allocs=1 fused_temps_bytes=14155776 fat_scratch_allocs=1 fat_scratch_bytes=98568192 fat_scratch_peak_bytes=98568192
(Worker_TP1 pid=1238) INFO 09-02 23:33:08 [exl3.py:451] exl3 fat-expert P0: layers=4116 fat_layers=3951 (96.0%) fat_expert_slots=93730 max_rows=2048 avg_max_rows=1330.9 hist_le128=165 hist_gt128=3951 hist=[0, 13, 51, 101, 92, 386, 530, 2943, 0]
(Worker_TP1 pid=1238) INFO 09-02 23:33:08 [exl3.py:464] exl3 e2 diag schema=1 configured_tier=kernel effective_tier=kernel tier_reason=kernel_ok shared_suh=1 shared_suh_layers=42/42 sym_exl3_moe=1 sym_fat_gemm=1 sym_fat_gemm_scatter=1 cap=12.1 cap_ok=1 tp_rank=1 tp_size=4 prefill_layer_calls=4116 thin_calls=165 row_tile_calls=0 fallback_calls=kernel=3950,batched=0,sorted=0,legacy=0 fallback_reasons=kernel_ok=3950,thin_only=165 fat_expert_runs=93719 direct_calls=93719 scatter_calls=93719 fat_layers=3951 fat_expert_slots=93730 max_rows=2048 fused_temps_allocs=1 fused_temps_bytes=14155776 fat_scratch_allocs=1 fat_scratch_bytes=98568192 fat_scratch_peak_bytes=98568192
(Worker_TP1 pid=1238) INFO 09-02 23:33:10 [exl3.py:451] exl3 fat-expert P0: layers=4158 fat_layers=3993 (96.0%) fat_expert_slots=94794 max_rows=2048 avg_max_rows=1331.7 hist_le128=165 hist_gt128=3993 hist=[0, 13, 51, 101, 92, 389, 536, 2976, 0]
(Worker_TP1 pid=1238) INFO 09-02 23:33:10 [exl3.py:464] exl3 e2 diag schema=1 configured_tier=kernel effective_tier=kernel tier_reason=kernel_ok shared_suh=1 shared_suh_layers=42/42 sym_exl3_moe=1 sym_fat_gemm=1 sym_fat_gemm_scatter=1 cap=12.1 cap_ok=1 tp_rank=1 tp_size=4 prefill_layer_calls=4158 thin_calls=165 row_tile_calls=0 fallback_calls=kernel=3992,batched=0,sorted=0,legacy=0 fallback_reasons=kernel_ok=3992,thin_only=165 fat_expert_runs=94783 direct_calls=94783 scatter_calls=94783 fat_layers=3993 fat_expert_slots=94794 max_rows=2048 fused_temps_allocs=1 fused_temps_bytes=14155776 fat_scratch_allocs=1 fat_scratch_bytes=98568192 fat_scratch_peak_bytes=98568192
(Worker_TP1 pid=1238) INFO 09-02 23:33:11 [exl3.py:451] exl3 fat-expert P0: layers=4200 fat_layers=4035 (96.1%) fat_expert_slots=95875 max_rows=2048 avg_max_rows=1332.8 hist_le128=165 hist_gt128=4035 hist=[0, 13, 51, 101, 92, 392, 542, 3009, 0]
(Worker_TP1 pid=1238) INFO 09-02 23:33:11 [exl3.py:464] exl3 e2 diag schema=1 configured_tier=kernel effective_tier=kernel tier_reason=kernel_ok shared_suh=1 shared_suh_layers=42/42 sym_exl3_moe=1 sym_fat_gemm=1 sym_fat_gemm_scatter=1 cap=12.1 cap_ok=1 tp_rank=1 tp_size=4 prefill_layer_calls=4200 thin_calls=165 row_tile_calls=0 fallback_calls=kernel=4034,batched=0,sorted=0,legacy=0 fallback_reasons=kernel_ok=4034,thin_only=165 fat_expert_runs=95864 direct_calls=95864 scatter_calls=95864 fat_layers=4035 fat_expert_slots=95875 max_rows=2048 fused_temps_allocs=1 fused_temps_bytes=14155776 fat_scratch_allocs=1 fat_scratch_bytes=98568192 fat_scratch_peak_bytes=98568192
(Worker_TP1 pid=1238) INFO 09-02 23:33:13 [exl3.py:451] exl3 fat-expert P0: layers=4242 fat_layers=4077 (96.1%) fat_expert_slots=96981 max_rows=2048 avg_max_rows=1334.0 hist_le128=165 hist_gt128=4077 hist=[0, 13, 51, 101, 92, 395, 548, 3042, 0]
(Worker_TP1 pid=1238) INFO 09-02 23:33:13 [exl3.py:464] exl3 e2 diag schema=1 configured_tier=kernel effective_tier=kernel tier_reason=kernel_ok shared_suh=1 shared_suh_layers=42/42 sym_exl3_moe=1 sym_fat_gemm=1 sym_fat_gemm_scatter=1 cap=12.1 cap_ok=1 tp_rank=1 tp_size=4 prefill_layer_calls=4242 thin_calls=165 row_tile_calls=0 fallback_calls=kernel=4076,batched=0,sorted=0,legacy=0 fallback_reasons=kernel_ok=4076,thin_only=165 fat_expert_runs=96971 direct_calls=96971 scatter_calls=96971 fat_layers=4077 fat_expert_slots=96981 max_rows=2048 fused_temps_allocs=1 fused_temps_bytes=14155776 fat_scratch_allocs=1 fat_scratch_bytes=98568192 fat_scratch_peak_bytes=98568192
(Worker_TP1 pid=1238) INFO 09-02 23:33:14 [exl3.py:451] exl3 fat-expert P0: layers=4284 fat_layers=4119 (96.1%) fat_expert_slots=98087 max_rows=2048 avg_max_rows=1335.0 hist_le128=165 hist_gt128=4119 hist=[0, 13, 51, 101, 92, 398, 554, 3075, 0]
(Worker_TP1 pid=1238) INFO 09-02 23:33:14 [exl3.py:464] exl3 e2 diag schema=1 configured_tier=kernel effective_tier=kernel tier_reason=kernel_ok shared_suh=1 shared_suh_layers=42/42 sym_exl3_moe=1 sym_fat_gemm=1 sym_fat_gemm_scatter=1 cap=12.1 cap_ok=1 tp_rank=1 tp_size=4 prefill_layer_calls=4284 thin_calls=165 row_tile_calls=0 fallback_calls=kernel=4118,batched=0,sorted=0,legacy=0 fallback_reasons=kernel_ok=4118,thin_only=165 fat_expert_runs=98076 direct_calls=98076 scatter_calls=98076 fat_layers=4119 fat_expert_slots=98087 max_rows=2048 fused_temps_allocs=1 fused_temps_bytes=14155776 fat_scratch_allocs=1 fat_scratch_bytes=98568192 fat_scratch_peak_bytes=98568192
(Worker_TP1 pid=1238) INFO 09-02 23:33:16 [exl3.py:451] exl3 fat-expert P0: layers=4326 fat_layers=4161 (96.2%) fat_expert_slots=99157 max_rows=2048 avg_max_rows=1335.9 hist_le128=165 hist_gt128=4161 hist=[0, 13, 51, 101, 92, 402, 560, 3107, 0]
(Worker_TP1 pid=1238) INFO 09-02 23:33:16 [exl3.py:464] exl3 e2 diag schema=1 configured_tier=kernel effective_tier=kernel tier_reason=kernel_ok shared_suh=1 shared_suh_layers=42/42 sym_exl3_moe=1 sym_fat_gemm=1 sym_fat_gemm_scatter=1 cap=12.1 cap_ok=1 tp_rank=1 tp_size=4 prefill_layer_calls=4326 thin_calls=165 row_tile_calls=0 fallback_calls=kernel=4160,batched=0,sorted=0,legacy=0 fallback_reasons=kernel_ok=4160,thin_only=165 fat_expert_runs=99146 direct_calls=99146 scatter_calls=99146 fat_layers=4161 fat_expert_slots=99157 max_rows=2048 fused_temps_allocs=1 fused_temps_bytes=14155776 fat_scratch_allocs=1 fat_scratch_bytes=98568192 fat_scratch_peak_bytes=98568192
(Worker_TP1 pid=1238) INFO 09-02 23:33:17 [exl3.py:451] exl3 fat-expert P0: layers=4368 fat_layers=4203 (96.2%) fat_expert_slots=100260 max_rows=2048 avg_max_rows=1336.7 hist_le128=165 hist_gt128=4203 hist=[0, 13, 51, 101, 92, 406, 566, 3139, 0]
(Worker_TP1 pid=1238) INFO 09-02 23:33:17 [exl3.py:464] exl3 e2 diag schema=1 configured_tier=kernel effective_tier=kernel tier_reason=kernel_ok shared_suh=1 shared_suh_layers=42/42 sym_exl3_moe=1 sym_fat_gemm=1 sym_fat_gemm_scatter=1 cap=12.1 cap_ok=1 tp_rank=1 tp_size=4 prefill_layer_calls=4368 thin_calls=165 row_tile_calls=0 fallback_calls=kernel=4202,batched=0,sorted=0,legacy=0 fallback_reasons=kernel_ok=4202,thin_only=165 fat_expert_runs=100249 direct_calls=100249 scatter_calls=100249 fat_layers=4203 fat_expert_slots=100260 max_rows=2048 fused_temps_allocs=1 fused_temps_bytes=14155776 fat_scratch_allocs=1 fat_scratch_bytes=98568192 fat_scratch_peak_bytes=98568192
(Worker_TP1 pid=1238) INFO 09-02 23:33:19 [exl3.py:451] exl3 fat-expert P0: layers=4410 fat_layers=4245 (96.3%) fat_expert_slots=101358 max_rows=2048 avg_max_rows=1337.4 hist_le128=165 hist_gt128=4245 hist=[0, 13, 51, 101, 92, 409, 573, 3171, 0]
(Worker_TP1 pid=1238) INFO 09-02 23:33:19 [exl3.py:464] exl3 e2 diag schema=1 configured_tier=kernel effective_tier=kernel tier_reason=kernel_ok shared_suh=1 shared_suh_layers=42/42 sym_exl3_moe=1 sym_fat_gemm=1 sym_fat_gemm_scatter=1 cap=12.1 cap_ok=1 tp_rank=1 tp_size=4 prefill_layer_calls=4410 thin_calls=165 row_tile_calls=0 fallback_calls=kernel=4244,batched=0,sorted=0,legacy=0 fallback_reasons=kernel_ok=4244,thin_only=165 fat_expert_runs=101346 direct_calls=101346 scatter_calls=101346 fat_layers=4245 fat_expert_slots=101358 max_rows=2048 fused_temps_allocs=1 fused_temps_bytes=14155776 fat_scratch_allocs=1 fat_scratch_bytes=98568192 fat_scratch_peak_bytes=98568192
(Worker_TP1 pid=1238) INFO 09-02 23:33:20 [exl3.py:451] exl3 fat-expert P0: layers=4452 fat_layers=4287 (96.3%) fat_expert_slots=102458 max_rows=2048 avg_max_rows=1338.2 hist_le128=165 hist_gt128=4287 hist=[0, 13, 51, 101, 92, 413, 579, 3203, 0]
(Worker_TP1 pid=1238) INFO 09-02 23:33:20 [exl3.py:464] exl3 e2 diag schema=1 configured_tier=kernel effective_tier=kernel tier_reason=kernel_ok shared_suh=1 shared_suh_layers=42/42 sym_exl3_moe=1 sym_fat_gemm=1 sym_fat_gemm_scatter=1 cap=12.1 cap_ok=1 tp_rank=1 tp_size=4 prefill_layer_calls=4452 thin_calls=165 row_tile_calls=0 fallback_calls=kernel=4286,batched=0,sorted=0,legacy=0 fallback_reasons=kernel_ok=4286,thin_only=165 fat_expert_runs=102448 direct_calls=102448 scatter_calls=102448 fat_layers=4287 fat_expert_slots=102458 max_rows=2048 fused_temps_allocs=1 fused_temps_bytes=14155776 fat_scratch_allocs=1 fat_scratch_bytes=98568192 fat_scratch_peak_bytes=98568192
(Worker_TP1 pid=1238) INFO 09-02 23:33:22 [exl3.py:451] exl3 fat-expert P0: layers=4494 fat_layers=4329 (96.3%) fat_expert_slots=103561 max_rows=2048 avg_max_rows=1339.0 hist_le128=165 hist_gt128=4329 hist=[0, 13, 51, 101, 92, 416, 585, 3236, 0]
(Worker_TP1 pid=1238) INFO 09-02 23:33:22 [exl3.py:464] exl3 e2 diag schema=1 configured_tier=kernel effective_tier=kernel tier_reason=kernel_ok shared_suh=1 shared_suh_layers=42/42 sym_exl3_moe=1 sym_fat_gemm=1 sym_fat_gemm_scatter=1 cap=12.1 cap_ok=1 tp_rank=1 tp_size=4 prefill_layer_calls=4494 thin_calls=165 row_tile_calls=0 fallback_calls=kernel=4328,batched=0,sorted=0,legacy=0 fallback_reasons=kernel_ok=4328,thin_only=165 fat_expert_runs=103551 direct_calls=103551 scatter_calls=103551 fat_layers=4329 fat_expert_slots=103561 max_rows=2048 fused_temps_allocs=1 fused_temps_bytes=14155776 fat_scratch_allocs=1 fat_scratch_bytes=98568192 fat_scratch_peak_bytes=98568192
(Worker_TP1 pid=1238) INFO 09-02 23:33:23 [exl3.py:451] exl3 fat-expert P0: layers=4536 fat_layers=4371 (96.4%) fat_expert_slots=104665 max_rows=2048 avg_max_rows=1339.8 hist_le128=165 hist_gt128=4371 hist=[0, 13, 51, 101, 92, 420, 590, 3269, 0]
(Worker_TP1 pid=1238) INFO 09-02 23:33:23 [exl3.py:464] exl3 e2 diag schema=1 configured_tier=kernel effective_tier=kernel tier_reason=kernel_ok shared_suh=1 shared_suh_layers=42/42 sym_exl3_moe=1 sym_fat_gemm=1 sym_fat_gemm_scatter=1 cap=12.1 cap_ok=1 tp_rank=1 tp_size=4 prefill_layer_calls=4536 thin_calls=165 row_tile_calls=0 fallback_calls=kernel=4370,batched=0,sorted=0,legacy=0 fallback_reasons=kernel_ok=4370,thin_only=165 fat_expert_runs=104655 direct_calls=104655 scatter_calls=104655 fat_layers=4371 fat_expert_slots=104665 max_rows=2048 fused_temps_allocs=1 fused_temps_bytes=14155776 fat_scratch_allocs=1 fat_scratch_bytes=98568192 fat_scratch_peak_bytes=98568192
(Worker_TP1 pid=1238) INFO 09-02 23:33:24 [exl3.py:451] exl3 fat-expert P0: layers=4578 fat_layers=4413 (96.4%) fat_expert_slots=105755 max_rows=2048 avg_max_rows=1340.5 hist_le128=165 hist_gt128=4413 hist=[0, 13, 51, 101, 92, 423, 596, 3302, 0]
(Worker_TP1 pid=1238) INFO 09-02 23:33:24 [exl3.py:464] exl3 e2 diag schema=1 configured_tier=kernel effective_tier=kernel tier_reason=kernel_ok shared_suh=1 shared_suh_layers=42/42 sym_exl3_moe=1 sym_fat_gemm=1 sym_fat_gemm_scatter=1 cap=12.1 cap_ok=1 tp_rank=1 tp_size=4 prefill_layer_calls=4578 thin_calls=165 row_tile_calls=0 fallback_calls=kernel=4412,batched=0,sorted=0,legacy=0 fallback_reasons=kernel_ok=4412,thin_only=165 fat_expert_runs=105744 direct_calls=105744 scatter_calls=105744 fat_layers=4413 fat_expert_slots=105755 max_rows=2048 fused_temps_allocs=1 fused_temps_bytes=14155776 fat_scratch_allocs=1 fat_scratch_bytes=98568192 fat_scratch_peak_bytes=98568192
(Worker_TP1 pid=1238) INFO 09-02 23:33:26 [exl3.py:451] exl3 fat-expert P0: layers=4620 fat_layers=4455 (96.4%) fat_expert_slots=106858 max_rows=2048 avg_max_rows=1341.3 hist_le128=165 hist_gt128=4455 hist=[0, 13, 51, 101, 92, 427, 602, 3334, 0]
(Worker_TP1 pid=1238) INFO 09-02 23:33:26 [exl3.py:464] exl3 e2 diag schema=1 configured_tier=kernel effective_tier=kernel tier_reason=kernel_ok shared_suh=1 shared_suh_layers=42/42 sym_exl3_moe=1 sym_fat_gemm=1 sym_fat_gemm_scatter=1 cap=12.1 cap_ok=1 tp_rank=1 tp_size=4 prefill_layer_calls=4620 thin_calls=165 row_tile_calls=0 fallback_calls=kernel=4454,batched=0,sorted=0,legacy=0 fallback_reasons=kernel_ok=4454,thin_only=165 fat_expert_runs=106848 direct_calls=106848 scatter_calls=106848 fat_layers=4455 fat_expert_slots=106858 max_rows=2048 fused_temps_allocs=1 fused_temps_bytes=14155776 fat_scratch_allocs=1 fat_scratch_bytes=98568192 fat_scratch_peak_bytes=98568192
(Worker_TP1 pid=1238) INFO 09-02 23:33:27 [exl3.py:451] exl3 fat-expert P0: layers=4662 fat_layers=4497 (96.5%) fat_expert_slots=107958 max_rows=2048 avg_max_rows=1342.1 hist_le128=165 hist_gt128=4497 hist=[0, 13, 51, 101, 92, 431, 607, 3367, 0]
(Worker_TP1 pid=1238) INFO 09-02 23:33:27 [exl3.py:464] exl3 e2 diag schema=1 configured_tier=kernel effective_tier=kernel tier_reason=kernel_ok shared_suh=1 shared_suh_layers=42/42 sym_exl3_moe=1 sym_fat_gemm=1 sym_fat_gemm_scatter=1 cap=12.1 cap_ok=1 tp_rank=1 tp_size=4 prefill_layer_calls=4662 thin_calls=165 row_tile_calls=0 fallback_calls=kernel=4496,batched=0,sorted=0,legacy=0 fallback_reasons=kernel_ok=4496,thin_only=165 fat_expert_runs=107947 direct_calls=107947 scatter_calls=107947 fat_layers=4497 fat_expert_slots=107958 max_rows=2048 fused_temps_allocs=1 fused_temps_bytes=14155776 fat_scratch_allocs=1 fat_scratch_bytes=98568192 fat_scratch_peak_bytes=98568192
(Worker_TP1 pid=1238) INFO 09-02 23:33:29 [exl3.py:451] exl3 fat-expert P0: layers=4704 fat_layers=4539 (96.5%) fat_expert_slots=109055 max_rows=2048 avg_max_rows=1342.8 hist_le128=165 hist_gt128=4539 hist=[0, 13, 51, 101, 92, 435, 613, 3399, 0]
(Worker_TP1 pid=1238) INFO 09-02 23:33:29 [exl3.py:464] exl3 e2 diag schema=1 configured_tier=kernel effective_tier=kernel tier_reason=kernel_ok shared_suh=1 shared_suh_layers=42/42 sym_exl3_moe=1 sym_fat_gemm=1 sym_fat_gemm_scatter=1 cap=12.1 cap_ok=1 tp_rank=1 tp_size=4 prefill_layer_calls=4704 thin_calls=165 row_tile_calls=0 fallback_calls=kernel=4538,batched=0,sorted=0,legacy=0 fallback_reasons=kernel_ok=4538,thin_only=165 fat_expert_runs=109044 direct_calls=109044 scatter_calls=109044 fat_layers=4539 fat_expert_slots=109055 max_rows=2048 fused_temps_allocs=1 fused_temps_bytes=14155776 fat_scratch_allocs=1 fat_scratch_bytes=98568192 fat_scratch_peak_bytes=98568192
(Worker_TP1 pid=1238) INFO 09-02 23:33:30 [exl3.py:451] exl3 fat-expert P0: layers=4746 fat_layers=4581 (96.5%) fat_expert_slots=110151 max_rows=2048 avg_max_rows=1343.5 hist_le128=165 hist_gt128=4581 hist=[0, 13, 51, 101, 92, 439, 619, 3431, 0]
(Worker_TP1 pid=1238) INFO 09-02 23:33:30 [exl3.py:464] exl3 e2 diag schema=1 configured_tier=kernel effective_tier=kernel tier_reason=kernel_ok shared_suh=1 shared_suh_layers=42/42 sym_exl3_moe=1 sym_fat_gemm=1 sym_fat_gemm_scatter=1 cap=12.1 cap_ok=1 tp_rank=1 tp_size=4 prefill_layer_calls=4746 thin_calls=165 row_tile_calls=0 fallback_calls=kernel=4580,batched=0,sorted=0,legacy=0 fallback_reasons=kernel_ok=4580,thin_only=165 fat_expert_runs=110140 direct_calls=110140 scatter_calls=110140 fat_layers=4581 fat_expert_slots=110151 max_rows=2048 fused_temps_allocs=1 fused_temps_bytes=14155776 fat_scratch_allocs=1 fat_scratch_bytes=98568192 fat_scratch_peak_bytes=98568192
(Worker_TP1 pid=1238) INFO 09-02 23:33:32 [exl3.py:451] exl3 fat-expert P0: layers=4788 fat_layers=4623 (96.6%) fat_expert_slots=111249 max_rows=2048 avg_max_rows=1344.2 hist_le128=165 hist_gt128=4623 hist=[0, 13, 51, 101, 92, 443, 624, 3464, 0]
(Worker_TP1 pid=1238) INFO 09-02 23:33:32 [exl3.py:464] exl3 e2 diag schema=1 configured_tier=kernel effective_tier=kernel tier_reason=kernel_ok shared_suh=1 shared_suh_layers=42/42 sym_exl3_moe=1 sym_fat_gemm=1 sym_fat_gemm_scatter=1 cap=12.1 cap_ok=1 tp_rank=1 tp_size=4 prefill_layer_calls=4788 thin_calls=165 row_tile_calls=0 fallback_calls=kernel=4622,batched=0,sorted=0,legacy=0 fallback_reasons=kernel_ok=4622,thin_only=165 fat_expert_runs=111238 direct_calls=111238 scatter_calls=111238 fat_layers=4623 fat_expert_slots=111249 max_rows=2048 fused_temps_allocs=1 fused_temps_bytes=14155776 fat_scratch_allocs=1 fat_scratch_bytes=98568192 fat_scratch_peak_bytes=98568192
(Worker_TP1 pid=1238) INFO 09-02 23:33:33 [exl3.py:451] exl3 fat-expert P0: layers=4830 fat_layers=4665 (96.6%) fat_expert_slots=111941 max_rows=2048 avg_max_rows=1340.2 hist_le128=165 hist_gt128=4665 hist=[0, 13, 51, 101, 95, 446, 642, 3482, 0]
(Worker_TP1 pid=1238) INFO 09-02 23:33:33 [exl3.py:464] exl3 e2 diag schema=1 configured_tier=kernel effective_tier=kernel tier_reason=kernel_ok shared_suh=1 shared_suh_layers=42/42 sym_exl3_moe=1 sym_fat_gemm=1 sym_fat_gemm_scatter=1 cap=12.1 cap_ok=1 tp_rank=1 tp_size=4 prefill_layer_calls=4830 thin_calls=165 row_tile_calls=0 fallback_calls=kernel=4664,batched=0,sorted=0,legacy=0 fallback_reasons=kernel_ok=4664,thin_only=165 fat_expert_runs=111931 direct_calls=111931 scatter_calls=111931 fat_layers=4665 fat_expert_slots=111941 max_rows=2048 fused_temps_allocs=1 fused_temps_bytes=14155776 fat_scratch_allocs=1 fat_scratch_bytes=98568192 fat_scratch_peak_bytes=98568192
