glm53: video placeholders aligned to encoder grid_t (Glm5Next→glm46v)
glm53: disabled GB10 persistent_topk (use top_k_per_row_decode)
glm53: overlay install ok aligned=True
glm53: video placeholders aligned to encoder grid_t (Glm5Next→glm46v)
[suppress-stops-in-reasoning] skipped: /usr/local/lib/python3.12/dist-packages/vllm/v1/engine/detokenizer.py
glm53: video placeholders aligned to encoder grid_t (Glm5Next→glm46v)
scheduler.py: # [glm53-decode-floor] already present — skipping
glm53: video placeholders aligned to encoder grid_t (Glm5Next→glm46v)
[patch_glm5_drafter_group] /usr/local/lib/python3.12/dist-packages/vllm/v1/core/kv_cache_utils.py: already patched (DFLASH2-DRAFTER-GROUP + padded slot-share); no-op.
glm53: video placeholders aligned to encoder grid_t (Glm5Next→glm46v)
kv_cache_coordinator.py: # [glm53-hybrid-apc] already present — skipping
glm53: video placeholders aligned to encoder grid_t (Glm5Next→glm46v)
backend_xgrammar.py: termination fix already present (#52805)
__init__.py: reasoning fix already present (#53046)
glm53: video placeholders aligned to encoder grid_t (Glm5Next→glm46v)
block_table.py: kpool tail slot-map already present
glm53: video placeholders aligned to encoder grid_t (Glm5Next→glm46v)
installed /usr/local/lib/python3.12/dist-packages/vllm/models/glm5next/nvidia/glm53_ablit.py
model.py: ABLIT-HOOK already present — skipping
mtp.py: ABLIT-HOOK already present — skipping
[tp4-r1] launching: vllm serve /root/.cache/huggingface/hub/models--Mia-AiLab--GLM-5.3-Flash-EXL3-TR3-4bpw/snapshots/25a44fdbf16862a46b7cc9921142c6c81350af2f --served-model-name GLM-5.3-Flash-EXL3 --host 0.0.0.0 --port 8890 --tensor-parallel-size 4 --nnodes 4 --node-rank 1 --master-addr 10.200.0.11 --master-port 29531 --distributed-executor-backend mp --tool-call-parser glm47 --enable-auto-tool-choice --reasoning-parser glm45 --enable-prefix-caching --no-enable-flashinfer-autotune --quantization exl3 --max-model-len 1000000 --gpu-memory-utilization 0.75 --max-num-seqs 8 --max-num-batched-tokens 4096 --kv-cache-dtype fp8 --limit-mm-per-prompt {"image":4,"video":1} --skip-mm-profiling --chat-template /opt/glm53/chat_template.jinja --headless --speculative-config {"method":"dflash","model":"/root/.cache/huggingface/hub/models--incoai--GLM-5.3-Flash-DFlash2/snapshots/dc77ff1c99eeb2df044ee3d4f0094eb033fee410","num_speculative_tokens":3,"kv_cache_dtype":"auto","draft_sample_method":"probabilistic","rejection_sample_method":"standard","draft_tensor_parallel_size":4}
glm53: video placeholders aligned to encoder grid_t (Glm5Next→glm46v)
INFO 09-02 23:35:28 [model.py:679] Resolved architecture: Glm5NextForConditionalGeneration
INFO 09-02 23:35:28 [model.py:1973] Using max model len 1000000
INFO 09-02 23:35:31 [cache.py:282] Using fp8 data type to store kv cache. It reduces the GPU memory footprint and boosts the performance. Meanwhile, it may cause accuracy drop without a proper scaling factor
INFO 09-02 23:35:31 [arg_utils.py:2168] Inferred data_parallel_rank 0 from node_rank 1
INFO 09-02 23:35:31 [model.py:679] Resolved architecture: DFlash2DraftModel
INFO 09-02 23:35:31 [model.py:1973] Using max model len 1048576
INFO 09-02 23:35:31 [speculative.py:1256] Overriding draft model max model len from 1048576 to 1000000
INFO 09-02 23:35:31 [scheduler.py:242] Chunked prefill is enabled with max_num_batched_tokens=4096.
INFO 09-02 23:35:31 [config.py:605] Mamba cache mode is set to 'align' for Glm5NextForConditionalGeneration by default when prefix caching is enabled
INFO 09-02 23:35:31 [vllm.py:1319] Auto-enabling VLLM_USE_BREAKABLE_CUDAGRAPH=1. Set VLLM_USE_BREAKABLE_CUDAGRAPH=0 to opt out.
INFO 09-02 23:35:31 [kernel.py:306] Final IR op priority after setting platform defaults: IrOpPriorityConfig(rms_norm=['vllm_c', 'native'], fused_add_rms_norm=['vllm_c', 'native'])
WARNING 09-02 23:35:31 [vllm.py:1849] max_num_scheduled_tokens is set to 4096 based on the speculative decoding settings. This may lead to suboptimal performance. Consider increasing max_num_batched_tokens to accommodate the additional draft token slots, or decrease num_speculative_tokens.
INFO 09-02 23:35:31 [compilation.py:329] Enabled custom fusions: norm_quant, act_quant
INFO 09-02 23:35:31 [serve.py:216] Launching vLLM (v0.1.dev20051+g487ecf187) headless multiproc executor, with head node address 10.200.0.11:29531 for torch.distributed process group.
glm53: video placeholders aligned to encoder grid_t (Glm5Next→glm46v)
glm53: video placeholders aligned to encoder grid_t (Glm5Next→glm46v)
(Worker pid=1239) INFO 09-02 23:35:38 [parallel_state.py:1638] world_size=4 rank=1 local_rank=0 distributed_init_method=tcp://10.200.0.11:29531 backend=nccl
[W902 23:35:38.187790181 socket.cpp:207] [c10d] The hostname of the client socket cannot be retrieved. err=-3
(Worker pid=1239) WARNING 09-02 23:36:01 [symm_mem.py:67] SymmMemCommunicator: Device capability 12.1 not supported, communicator is not available.
(Worker pid=1239) WARNING 09-02 23:36:01 [custom_all_reduce.py:254] Custom collectives are disabled because this multi-node group does not support MNNVL multicast.
(Worker pid=1239) INFO 09-02 23:36:07 [parallel_state.py:1982] rank 1 in world size 4 is assigned as DP rank 0, PP rank 0, PCP rank 0, TP rank 1, EP rank 1, EPLB rank N/A
(Worker pid=1239) INFO 09-02 23:36:07 [gpu_worker.py:386] Using V2 Model Runner
(Worker_TP1 pid=1239) INFO 09-02 23:36:07 [model_runner.py:353] Loading model from scratch...
(Worker_TP1 pid=1239) INFO 09-02 23:36:07 [cuda.py:595] Using backend AttentionBackendEnum.FLASH_ATTN for vit attention
(Worker_TP1 pid=1239) INFO 09-02 23:36:07 [mm_encoder_attention.py:375] Using AttentionBackendEnum.FLASH_ATTN for MMEncoderAttention.
(Worker_TP1 pid=1239) INFO 09-02 23:36:07 [kernel.py:306] Final IR op priority after setting platform defaults: IrOpPriorityConfig(rms_norm=['vllm_c', 'native'], fused_add_rms_norm=['vllm_c', 'native'])
(Worker_TP1 pid=1239) WARNING 09-02 23:36:07 [vllm.py:1849] max_num_scheduled_tokens is set to 4096 based on the speculative decoding settings. This may lead to suboptimal performance. Consider increasing max_num_batched_tokens to accommodate the additional draft token slots, or decrease num_speculative_tokens.
(Worker_TP1 pid=1239) INFO 09-02 23:36:07 [cuda.py:536] Using FLASHINFER_MLA_SPARSE_SM120 attention backend out of potential backends: ['FLASHINFER_MLA_SPARSE_SM120'].
(Worker_TP1 pid=1239) INFO 09-02 23:36:07 [mla_attention.py:475] Using fp8_ds_mla KV cache format for FLASHINFER_MLA_SPARSE_SM120 backend.
(Worker_TP1 pid=1239) WARNING 09-02 23:36:07 [mla_attention.py:551] Sparse MLA impl has no dense-MHA prefill path; using the top-k MQA path only.
(Worker_TP1 pid=1239) INFO 09-02 23:36:07 [deep_gemm.py:191] deep_gemm not found in site-packages, trying vendored vllm.third_party.deep_gemm
(Worker_TP1 pid=1239) INFO 09-02 23:36:07 [deep_gemm.py:136] DeepGEMM E8M0 enabled on current platform.
(Worker_TP1 pid=1239) INFO 09-02 23:36:09 [weight_utils.py:858] Filesystem type for checkpoints: EXT4. Checkpoint size: 163.58 GiB. Available RAM: 64.80 GiB.
(Worker_TP1 pid=1239) INFO 09-02 23:36:09 [weight_utils.py:888] Auto-prefetch is disabled because the filesystem (EXT4) is not a recognized network FS (NFS/Lustre) and the checkpoint size (163.58 GiB) exceeds 90% of available RAM (64.80 GiB).
(Worker_TP1 pid=1239) INFO 09-02 23:38:02 [default_loader.py:430] Loading weights took 113.05 seconds
(Worker_TP1 pid=1239) INFO 09-02 23:38:03 [exl3.py:379] exl3 e2 diag schema=1 configured_tier=kernel effective_tier=kernel tier_reason=kernel_ok shared_suh=1 shared_suh_layers=1/1 sym_exl3_moe=1 sym_fat_gemm=1 sym_fat_gemm_scatter=1 cap=12.1 cap_ok=1 tp_rank=1 tp_size=4 prefill_layer_calls=0 thin_calls=0 row_tile_calls=0 fallback_calls=kernel=0,batched=0,sorted=0,legacy=0 fallback_reasons=none fat_expert_runs=0 direct_calls=0 scatter_calls=0 fat_layers=0 fat_expert_slots=0 max_rows=0 fused_temps_allocs=0 fused_temps_bytes=0 fat_scratch_allocs=0 fat_scratch_bytes=0 fat_scratch_peak_bytes=0
(Worker_TP1 pid=1239) INFO 09-02 23:38:04 [exl3.py:1585] EXL3 MCG trellis engaged for routed experts: bits=4 experts_local=288 hidden=4096 intermediate_local=512 fused_moe=exl3_moe concurrency=6 (no BF16 expert reconstruct at load)
(Worker_TP1 pid=1239) INFO 09-02 23:38:04 [exl3.py:1585] EXL3 MCG trellis engaged for routed experts: bits=4 experts_local=288 hidden=4096 intermediate_local=512 fused_moe=exl3_moe concurrency=6 (no BF16 expert reconstruct at load)
(Worker_TP1 pid=1239) INFO 09-02 23:38:04 [exl3.py:1585] EXL3 MCG trellis engaged for routed experts: bits=4 experts_local=288 hidden=4096 intermediate_local=512 fused_moe=exl3_moe concurrency=6 (no BF16 expert reconstruct at load)
(Worker_TP1 pid=1239) INFO 09-02 23:38:04 [exl3.py:1585] EXL3 MCG trellis engaged for routed experts: bits=4 experts_local=288 hidden=4096 intermediate_local=512 fused_moe=exl3_moe concurrency=6 (no BF16 expert reconstruct at load)
(Worker_TP1 pid=1239) INFO 09-02 23:38:04 [exl3.py:1585] EXL3 MCG trellis engaged for routed experts: bits=4 experts_local=288 hidden=4096 intermediate_local=512 fused_moe=exl3_moe concurrency=6 (no BF16 expert reconstruct at load)
(Worker_TP1 pid=1239) INFO 09-02 23:38:04 [exl3.py:1585] EXL3 MCG trellis engaged for routed experts: bits=4 experts_local=288 hidden=4096 intermediate_local=512 fused_moe=exl3_moe concurrency=6 (no BF16 expert reconstruct at load)
(Worker_TP1 pid=1239) INFO 09-02 23:38:04 [exl3.py:1585] EXL3 MCG trellis engaged for routed experts: bits=4 experts_local=288 hidden=4096 intermediate_local=512 fused_moe=exl3_moe concurrency=6 (no BF16 expert reconstruct at load)
(Worker_TP1 pid=1239) INFO 09-02 23:38:04 [exl3.py:1585] EXL3 MCG trellis engaged for routed experts: bits=4 experts_local=288 hidden=4096 intermediate_local=512 fused_moe=exl3_moe concurrency=6 (no BF16 expert reconstruct at load)
(Worker_TP1 pid=1239) INFO 09-02 23:38:04 [exl3.py:1585] EXL3 MCG trellis engaged for routed experts: bits=4 experts_local=288 hidden=4096 intermediate_local=512 fused_moe=exl3_moe concurrency=6 (no BF16 expert reconstruct at load)
(Worker_TP1 pid=1239) INFO 09-02 23:38:04 [exl3.py:1585] EXL3 MCG trellis engaged for routed experts: bits=4 experts_local=288 hidden=4096 intermediate_local=512 fused_moe=exl3_moe concurrency=6 (no BF16 expert reconstruct at load)
(Worker_TP1 pid=1239) INFO 09-02 23:38:04 [exl3.py:1585] EXL3 MCG trellis engaged for routed experts: bits=4 experts_local=288 hidden=4096 intermediate_local=512 fused_moe=exl3_moe concurrency=6 (no BF16 expert reconstruct at load)
(Worker_TP1 pid=1239) INFO 09-02 23:38:04 [exl3.py:1585] EXL3 MCG trellis engaged for routed experts: bits=4 experts_local=288 hidden=4096 intermediate_local=512 fused_moe=exl3_moe concurrency=6 (no BF16 expert reconstruct at load)
(Worker_TP1 pid=1239) INFO 09-02 23:38:04 [exl3.py:1585] EXL3 MCG trellis engaged for routed experts: bits=4 experts_local=288 hidden=4096 intermediate_local=512 fused_moe=exl3_moe concurrency=6 (no BF16 expert reconstruct at load)
(Worker_TP1 pid=1239) INFO 09-02 23:38:04 [exl3.py:1585] EXL3 MCG trellis engaged for routed experts: bits=4 experts_local=288 hidden=4096 intermediate_local=512 fused_moe=exl3_moe concurrency=6 (no BF16 expert reconstruct at load)
(Worker_TP1 pid=1239) INFO 09-02 23:38:04 [exl3.py:1585] EXL3 MCG trellis engaged for routed experts: bits=4 experts_local=288 hidden=4096 intermediate_local=512 fused_moe=exl3_moe concurrency=6 (no BF16 expert reconstruct at load)
(Worker_TP1 pid=1239) INFO 09-02 23:38:04 [exl3.py:1585] EXL3 MCG trellis engaged for routed experts: bits=4 experts_local=288 hidden=4096 intermediate_local=512 fused_moe=exl3_moe concurrency=6 (no BF16 expert reconstruct at load)
(Worker_TP1 pid=1239) INFO 09-02 23:38:04 [exl3.py:1585] EXL3 MCG trellis engaged for routed experts: bits=4 experts_local=288 hidden=4096 intermediate_local=512 fused_moe=exl3_moe concurrency=6 (no BF16 expert reconstruct at load)
(Worker_TP1 pid=1239) INFO 09-02 23:38:04 [exl3.py:1585] EXL3 MCG trellis engaged for routed experts: bits=4 experts_local=288 hidden=4096 intermediate_local=512 fused_moe=exl3_moe concurrency=6 (no BF16 expert reconstruct at load)
(Worker_TP1 pid=1239) INFO 09-02 23:38:04 [exl3.py:1585] EXL3 MCG trellis engaged for routed experts: bits=4 experts_local=288 hidden=4096 intermediate_local=512 fused_moe=exl3_moe concurrency=6 (no BF16 expert reconstruct at load)
(Worker_TP1 pid=1239) INFO 09-02 23:38:04 [exl3.py:1585] EXL3 MCG trellis engaged for routed experts: bits=4 experts_local=288 hidden=4096 intermediate_local=512 fused_moe=exl3_moe concurrency=6 (no BF16 expert reconstruct at load)
(Worker_TP1 pid=1239) INFO 09-02 23:38:04 [exl3.py:1585] EXL3 MCG trellis engaged for routed experts: bits=4 experts_local=288 hidden=4096 intermediate_local=512 fused_moe=exl3_moe concurrency=6 (no BF16 expert reconstruct at load)
(Worker_TP1 pid=1239) INFO 09-02 23:38:04 [exl3.py:1585] EXL3 MCG trellis engaged for routed experts: bits=4 experts_local=288 hidden=4096 intermediate_local=512 fused_moe=exl3_moe concurrency=6 (no BF16 expert reconstruct at load)
(Worker_TP1 pid=1239) INFO 09-02 23:38:04 [exl3.py:1585] EXL3 MCG trellis engaged for routed experts: bits=4 experts_local=288 hidden=4096 intermediate_local=512 fused_moe=exl3_moe concurrency=6 (no BF16 expert reconstruct at load)
(Worker_TP1 pid=1239) INFO 09-02 23:38:04 [exl3.py:1585] EXL3 MCG trellis engaged for routed experts: bits=4 experts_local=288 hidden=4096 intermediate_local=512 fused_moe=exl3_moe concurrency=6 (no BF16 expert reconstruct at load)
(Worker_TP1 pid=1239) INFO 09-02 23:38:04 [exl3.py:1585] EXL3 MCG trellis engaged for routed experts: bits=4 experts_local=288 hidden=4096 intermediate_local=512 fused_moe=exl3_moe concurrency=6 (no BF16 expert reconstruct at load)
(Worker_TP1 pid=1239) INFO 09-02 23:38:04 [exl3.py:1585] EXL3 MCG trellis engaged for routed experts: bits=4 experts_local=288 hidden=4096 intermediate_local=512 fused_moe=exl3_moe concurrency=6 (no BF16 expert reconstruct at load)
(Worker_TP1 pid=1239) INFO 09-02 23:38:04 [exl3.py:1585] EXL3 MCG trellis engaged for routed experts: bits=4 experts_local=288 hidden=4096 intermediate_local=512 fused_moe=exl3_moe concurrency=6 (no BF16 expert reconstruct at load)
(Worker_TP1 pid=1239) INFO 09-02 23:38:04 [exl3.py:1585] EXL3 MCG trellis engaged for routed experts: bits=4 experts_local=288 hidden=4096 intermediate_local=512 fused_moe=exl3_moe concurrency=6 (no BF16 expert reconstruct at load)
(Worker_TP1 pid=1239) INFO 09-02 23:38:04 [exl3.py:1585] EXL3 MCG trellis engaged for routed experts: bits=4 experts_local=288 hidden=4096 intermediate_local=512 fused_moe=exl3_moe concurrency=6 (no BF16 expert reconstruct at load)
(Worker_TP1 pid=1239) INFO 09-02 23:38:04 [exl3.py:1585] EXL3 MCG trellis engaged for routed experts: bits=4 experts_local=288 hidden=4096 intermediate_local=512 fused_moe=exl3_moe concurrency=6 (no BF16 expert reconstruct at load)
(Worker_TP1 pid=1239) INFO 09-02 23:38:04 [exl3.py:1585] EXL3 MCG trellis engaged for routed experts: bits=4 experts_local=288 hidden=4096 intermediate_local=512 fused_moe=exl3_moe concurrency=6 (no BF16 expert reconstruct at load)
(Worker_TP1 pid=1239) INFO 09-02 23:38:04 [exl3.py:1585] EXL3 MCG trellis engaged for routed experts: bits=4 experts_local=288 hidden=4096 intermediate_local=512 fused_moe=exl3_moe concurrency=6 (no BF16 expert reconstruct at load)
(Worker_TP1 pid=1239) INFO 09-02 23:38:04 [exl3.py:1585] EXL3 MCG trellis engaged for routed experts: bits=4 experts_local=288 hidden=4096 intermediate_local=512 fused_moe=exl3_moe concurrency=6 (no BF16 expert reconstruct at load)
(Worker_TP1 pid=1239) INFO 09-02 23:38:04 [exl3.py:1585] EXL3 MCG trellis engaged for routed experts: bits=4 experts_local=288 hidden=4096 intermediate_local=512 fused_moe=exl3_moe concurrency=6 (no BF16 expert reconstruct at load)
(Worker_TP1 pid=1239) INFO 09-02 23:38:04 [exl3.py:1585] EXL3 MCG trellis engaged for routed experts: bits=4 experts_local=288 hidden=4096 intermediate_local=512 fused_moe=exl3_moe concurrency=6 (no BF16 expert reconstruct at load)
(Worker_TP1 pid=1239) INFO 09-02 23:38:04 [exl3.py:1585] EXL3 MCG trellis engaged for routed experts: bits=4 experts_local=288 hidden=4096 intermediate_local=512 fused_moe=exl3_moe concurrency=6 (no BF16 expert reconstruct at load)
(Worker_TP1 pid=1239) INFO 09-02 23:38:04 [exl3.py:1585] EXL3 MCG trellis engaged for routed experts: bits=4 experts_local=288 hidden=4096 intermediate_local=512 fused_moe=exl3_moe concurrency=6 (no BF16 expert reconstruct at load)
(Worker_TP1 pid=1239) INFO 09-02 23:38:04 [exl3.py:1585] EXL3 MCG trellis engaged for routed experts: bits=4 experts_local=288 hidden=4096 intermediate_local=512 fused_moe=exl3_moe concurrency=6 (no BF16 expert reconstruct at load)
(Worker_TP1 pid=1239) INFO 09-02 23:38:13 [exl3.py:1585] EXL3 MCG trellis engaged for routed experts: bits=4 experts_local=288 hidden=4096 intermediate_local=512 fused_moe=exl3_moe concurrency=6 (no BF16 expert reconstruct at load)
(Worker_TP1 pid=1239) INFO 09-02 23:38:13 [exl3.py:1585] EXL3 MCG trellis engaged for routed experts: bits=4 experts_local=288 hidden=4096 intermediate_local=512 fused_moe=exl3_moe concurrency=6 (no BF16 expert reconstruct at load)
(Worker_TP1 pid=1239) INFO 09-02 23:38:13 [exl3.py:1585] EXL3 MCG trellis engaged for routed experts: bits=4 experts_local=288 hidden=4096 intermediate_local=512 fused_moe=exl3_moe concurrency=6 (no BF16 expert reconstruct at load)
(Worker_TP1 pid=1239) INFO 09-02 23:38:13 [exl3.py:1585] EXL3 MCG trellis engaged for routed experts: bits=4 experts_local=288 hidden=4096 intermediate_local=512 fused_moe=exl3_moe concurrency=6 (no BF16 expert reconstruct at load)
(Worker_TP1 pid=1239) INFO 09-02 23:38:13 [eagle3_utils.py:28] Using Eagle3 auxiliary layers from config: (6, 15, 25, 34, 43)
(Worker_TP1 pid=1239) INFO 09-02 23:38:13 [kernel.py:306] Final IR op priority after setting platform defaults: IrOpPriorityConfig(rms_norm=['vllm_c', 'native'], fused_add_rms_norm=['vllm_c', 'native'])
(Worker_TP1 pid=1239) INFO 09-02 23:38:18 [cuda.py:536] Using FLASH_ATTN attention backend out of potential backends: ['FLASH_ATTN', 'FLASHINFER', 'TRITON_ATTN', 'FLEX_ATTENTION'].
(Worker_TP1 pid=1239) INFO 09-02 23:38:18 [flash_attn.py:867] Using FlashAttention version 2
(Worker_TP1 pid=1239) INFO 09-02 23:38:19 [weight_utils.py:858] Filesystem type for checkpoints: EXT4. Checkpoint size: 2.18 GiB. Available RAM: 64.53 GiB.
(Worker_TP1 pid=1239) INFO 09-02 23:38:19 [weight_utils.py:881] Auto-prefetch is disabled because the filesystem (EXT4) is not a recognized network FS (NFS/Lustre). If you want to force prefetching, start vLLM with --safetensors-load-strategy=prefetch.
(Worker_TP1 pid=1239) INFO 09-02 23:38:22 [default_loader.py:430] Loading weights took 2.70 seconds
(Worker_TP1 pid=1239) WARNING 09-02 23:38:22 [speculator.py:191] Draft model DFlash2Qwen3ForCausalLM does not support external multimodal embeddings. Embeddings from the target model will not be passed to the drafter; using text-only draft inputs instead.
(Worker_TP1 pid=1239) INFO 09-02 23:38:27 [model_runner.py:374] Model loading took 41.82 GiB and 140.162583 seconds
(Worker_TP1 pid=1239) INFO 09-02 23:38:27 [interface.py:635] Setting kv cache block size to 64 for DEEPSEEK_V32_INDEXER backend.
(Worker_TP1 pid=1239) INFO 09-02 23:38:27 [interface.py:926] Setting attention block size to 1792 tokens to ensure that attention page size is >= mamba page size.
(Worker_TP1 pid=1239) INFO 09-02 23:38:27 [interface.py:950] Padding mamba page size by 4.74% to ensure that mamba page size and attention page size are exactly equal.
INFO 09-02 23:40:11 [torch_utils.py:262] Reducing Torch threads from 20 to 1 for serving. Set OMP_NUM_THREADS in the external environment to override.
(Worker_TP1 pid=1239) INFO 09-02 23:40:30 [exl3.py:451] exl3 fat-expert P0: layers=42 fat_layers=42 (100.0%) fat_expert_slots=336 max_rows=4096 avg_max_rows=4096.0 hist_le128=0 hist_gt128=42 hist=[0, 0, 0, 0, 0, 0, 0, 0, 42]
(Worker_TP1 pid=1239) INFO 09-02 23:40:30 [exl3.py:464] exl3 e2 diag schema=1 configured_tier=kernel effective_tier=kernel tier_reason=kernel_ok shared_suh=1 shared_suh_layers=42/42 sym_exl3_moe=1 sym_fat_gemm=1 sym_fat_gemm_scatter=1 cap=12.1 cap_ok=1 tp_rank=1 tp_size=4 prefill_layer_calls=42 thin_calls=0 row_tile_calls=0 fallback_calls=kernel=41,batched=0,sorted=0,legacy=0 fallback_reasons=kernel_ok=41 fat_expert_runs=328 direct_calls=328 scatter_calls=328 fat_layers=42 fat_expert_slots=336 max_rows=4096 fused_temps_allocs=1 fused_temps_bytes=14155776 fat_scratch_allocs=1 fat_scratch_bytes=182454272 fat_scratch_peak_bytes=182454272
(Worker_TP1 pid=1239) INFO 09-02 23:40:31 [kv_cache_utils.py:1554] DFlash2 drafter KV: padded slot-share block=64 mla_page=1175552 (was block=16); exact-fit page mismatch draft_bytes/token=1024
(Worker_TP1 pid=1239) INFO 09-02 23:40:31 [indexer.py:836] DSA indexer decode path: use_flattening=True supports_varlen=False (next_n=4, use_fp4_indexer_cache=False)
(Worker_TP1 pid=1239) INFO 09-02 23:40:32 [kernel.py:306] Final IR op priority after setting platform defaults: IrOpPriorityConfig(rms_norm=['vllm_c', 'native'], fused_add_rms_norm=['vllm_c', 'native'])
(Worker_TP1 pid=1239) INFO 09-02 23:40:32 [breakable_cudagraph.py:288] Breakable CUDA graph enabled
(Worker_TP1 pid=1239) /usr/local/lib/python3.12/dist-packages/triton/language/core.py:2284: UserWarning: tl.make_block_ptr is deprecated. Use TensorDescriptor or tl.make_tensor_descriptor instead.
(Worker_TP1 pid=1239)   warn("tl.make_block_ptr is deprecated. Use TensorDescriptor or tl.make_tensor_descriptor instead.")
(Worker_TP1 pid=1239) INFO 09-02 23:41:29 [model_runner.py:952] Estimated CUDA graph memory: 0.17 GiB total
(Worker_TP1 pid=1239) INFO 09-02 23:41:29 [gpu_worker.py:564] Available KV cache memory: 42.85 GiB
(Worker_TP1 pid=1239) INFO 09-02 23:41:29 [gpu_worker.py:579] CUDA graph memory profiling is enabled (default since v0.21.0). The current --gpu-memory-utilization=0.7500 is equivalent to --gpu-memory-utilization=0.7486 without CUDA graph memory profiling. To maintain the same effective KV cache size as before, increase --gpu-memory-utilization to 0.7514. To disable, set VLLM_MEMORY_PROFILER_ESTIMATE_CUDAGRAPHS=0.
(Worker_TP1 pid=1239) INFO 09-02 23:41:30 [kernel.py:306] Final IR op priority after setting platform defaults: IrOpPriorityConfig(rms_norm=['vllm_c', 'native'], fused_add_rms_norm=['vllm_c', 'native'])
(Worker_TP1 pid=1239) INFO 09-02 23:41:37 [spec_decode_rejection_warmup.py:64] Warming up spec-decode rejection sampler kernels (vocab=154880, num_spec=3, dtype_pairs=[('torch.bfloat16', 'torch.bfloat16'), ('torch.float32', 'torch.bfloat16'), ('torch.bfloat16', 'torch.float32'), ('torch.float32', 'torch.float32')], block_verify=False).
(Worker_TP1 pid=1239) INFO 09-02 23:41:40 [kernel_warmup.py:95] Warming up ll_bf16 router GEMM kernels for shapes: ((4096, 288),).
(Worker_TP1 pid=1239) INFO 09-02 23:41:41 [kernel_warmup.py:170] Skipping FlashInfer autotune because it is disabled.
(Worker_TP1 pid=1239) INFO 09-02 23:41:47 [speculator.py:137] Capturing model for DFlash2 speculator...
(Worker_TP1 pid=1239) INFO 09-02 23:42:19 [model_runner.py:1012] Graph capturing finished in 38 secs, took 0.35 GiB
(Worker_TP1 pid=1239) INFO 09-02 23:42:19 [gpu_worker.py:727] CUDA graph pool memory: 0.35 GiB (actual), 0.17 GiB (estimated), difference: 0.18 GiB (51.4%).
(Worker_TP1 pid=1239) INFO 09-02 23:42:19 [gpu_worker.py:790] Free memory on device (106.52/121.69 GiB) on startup. Desired GPU memory utilization is (0.75, 91.27 GiB). Actual usage is 46.67 GiB for consumed memory (weights + non-torch), 1.75 GiB for peak activation, and 0.35 GiB for CUDAGraph memory. Replace gpu_memory_utilization config with `--kv-cache-memory=45475141632` (42.35 GiB) to fit into requested memory, or `--kv-cache-memory=61854955520` (57.61 GiB) to fully utilize gpu memory. Current kv cache memory in use is 42.85 GiB.
(Worker_TP1 pid=1239) INFO 09-02 23:42:25 [jit_monitor.py:79] Kernel JIT monitor activated; monitored JIT compilations during inference will use mode=warn.
(Worker_TP1 pid=1239) INFO 09-02 23:42:25 [torch_utils.py:262] Reducing Torch threads from 20 to 1 for serving. Set OMP_NUM_THREADS in the external environment to override.
(Worker_TP1 pid=1239) WARNING 09-02 23:43:50 [jit_monitor.py:135] Triton kernel JIT compilation during inference: _prepare_dflash_inputs_kernel. This causes a latency spike; consider extending warmup to cover this shape/config.
(Worker_TP1 pid=1239) WARNING 09-02 23:43:50 [jit_monitor.py:135] Triton kernel JIT compilation during inference: _compute_local_logits_stats_kernel. This causes a latency spike; consider extending warmup to cover this shape/config.
(Worker_TP1 pid=1239) WARNING 09-02 23:43:51 [jit_monitor.py:135] Triton kernel JIT compilation during inference: _rejection_kernel. This causes a latency spike; consider extending warmup to cover this shape/config.
(Worker_TP1 pid=1239) WARNING 09-02 23:43:51 [jit_monitor.py:135] Triton kernel JIT compilation during inference: _resample_kernel. This causes a latency spike; consider extending warmup to cover this shape/config.
(Worker_TP1 pid=1239) WARNING 09-02 23:43:51 [jit_monitor.py:135] TileLang JIT compilation during inference: mhc_pre_big_fuse_with_norm_tilelang. This causes a latency spike; consider extending warmup to cover this shape/config.
(Worker_TP1 pid=1239) WARNING 09-02 23:43:53 [jit_monitor.py:135] Triton kernel JIT compilation during inference: _topk_topp_kernel. This causes a latency spike; consider extending warmup to cover this shape/config.
(Worker_TP1 pid=1239) INFO 09-02 23:43:57 [exl3.py:451] exl3 fat-expert P0: layers=84 fat_layers=84 (100.0%) fat_expert_slots=3307 max_rows=4096 avg_max_rows=2733.8 hist_le128=0 hist_gt128=84 hist=[0, 0, 0, 0, 0, 3, 2, 36, 43]
(Worker_TP1 pid=1239) INFO 09-02 23:43:57 [exl3.py:464] exl3 e2 diag schema=1 configured_tier=kernel effective_tier=kernel tier_reason=kernel_ok shared_suh=1 shared_suh_layers=42/42 sym_exl3_moe=1 sym_fat_gemm=1 sym_fat_gemm_scatter=1 cap=12.1 cap_ok=1 tp_rank=1 tp_size=4 prefill_layer_calls=84 thin_calls=0 row_tile_calls=0 fallback_calls=kernel=83,batched=0,sorted=0,legacy=0 fallback_reasons=kernel_ok=83 fat_expert_runs=3238 direct_calls=3238 scatter_calls=3238 fat_layers=84 fat_expert_slots=3307 max_rows=4096 fused_temps_allocs=1 fused_temps_bytes=14155776 fat_scratch_allocs=1 fat_scratch_bytes=182454272 fat_scratch_peak_bytes=182454272
(Worker_TP1 pid=1239) INFO 09-02 23:44:00 [exl3.py:451] exl3 fat-expert P0: layers=126 fat_layers=126 (100.0%) fat_expert_slots=5762 max_rows=4096 avg_max_rows=2475.6 hist_le128=0 hist_gt128=126 hist=[0, 0, 0, 0, 0, 5, 4, 52, 65]
(Worker_TP1 pid=1239) INFO 09-02 23:44:00 [exl3.py:464] exl3 e2 diag schema=1 configured_tier=kernel effective_tier=kernel tier_reason=kernel_ok shared_suh=1 shared_suh_layers=42/42 sym_exl3_moe=1 sym_fat_gemm=1 sym_fat_gemm_scatter=1 cap=12.1 cap_ok=1 tp_rank=1 tp_size=4 prefill_layer_calls=126 thin_calls=0 row_tile_calls=0 fallback_calls=kernel=125,batched=0,sorted=0,legacy=0 fallback_reasons=kernel_ok=125 fat_expert_runs=5706 direct_calls=5706 scatter_calls=5706 fat_layers=126 fat_expert_slots=5762 max_rows=4096 fused_temps_allocs=1 fused_temps_bytes=14155776 fat_scratch_allocs=1 fat_scratch_bytes=182454272 fat_scratch_peak_bytes=182454272
(Worker_TP1 pid=1239) INFO 09-02 23:44:03 [exl3.py:451] exl3 fat-expert P0: layers=168 fat_layers=168 (100.0%) fat_expert_slots=9084 max_rows=4096 avg_max_rows=2140.7 hist_le128=0 hist_gt128=168 hist=[0, 0, 0, 0, 0, 9, 17, 75, 67]
(Worker_TP1 pid=1239) INFO 09-02 23:44:03 [exl3.py:464] exl3 e2 diag schema=1 configured_tier=kernel effective_tier=kernel tier_reason=kernel_ok shared_suh=1 shared_suh_layers=42/42 sym_exl3_moe=1 sym_fat_gemm=1 sym_fat_gemm_scatter=1 cap=12.1 cap_ok=1 tp_rank=1 tp_size=4 prefill_layer_calls=168 thin_calls=0 row_tile_calls=0 fallback_calls=kernel=167,batched=0,sorted=0,legacy=0 fallback_reasons=kernel_ok=167 fat_expert_runs=8992 direct_calls=8992 scatter_calls=8992 fat_layers=168 fat_expert_slots=9084 max_rows=4096 fused_temps_allocs=1 fused_temps_bytes=14155776 fat_scratch_allocs=1 fat_scratch_bytes=182454272 fat_scratch_peak_bytes=182454272
(Worker_TP1 pid=1239) INFO 09-02 23:44:06 [exl3.py:451] exl3 fat-expert P0: layers=210 fat_layers=210 (100.0%) fat_expert_slots=12321 max_rows=4096 avg_max_rows=1973.8 hist_le128=0 hist_gt128=210 hist=[0, 0, 0, 0, 0, 9, 29, 100, 72]
(Worker_TP1 pid=1239) INFO 09-02 23:44:06 [exl3.py:464] exl3 e2 diag schema=1 configured_tier=kernel effective_tier=kernel tier_reason=kernel_ok shared_suh=1 shared_suh_layers=42/42 sym_exl3_moe=1 sym_fat_gemm=1 sym_fat_gemm_scatter=1 cap=12.1 cap_ok=1 tp_rank=1 tp_size=4 prefill_layer_calls=210 thin_calls=0 row_tile_calls=0 fallback_calls=kernel=209,batched=0,sorted=0,legacy=0 fallback_reasons=kernel_ok=209 fat_expert_runs=12228 direct_calls=12228 scatter_calls=12228 fat_layers=210 fat_expert_slots=12321 max_rows=4096 fused_temps_allocs=1 fused_temps_bytes=14155776 fat_scratch_allocs=1 fat_scratch_bytes=182454272 fat_scratch_peak_bytes=182454272
(Worker_TP1 pid=1239) INFO 09-02 23:44:09 [exl3.py:451] exl3 fat-expert P0: layers=252 fat_layers=252 (100.0%) fat_expert_slots=14814 max_rows=4096 avg_max_rows=1811.5 hist_le128=0 hist_gt128=252 hist=[0, 0, 0, 0, 0, 12, 51, 117, 72]
(Worker_TP1 pid=1239) INFO 09-02 23:44:09 [exl3.py:464] exl3 e2 diag schema=1 configured_tier=kernel effective_tier=kernel tier_reason=kernel_ok shared_suh=1 shared_suh_layers=42/42 sym_exl3_moe=1 sym_fat_gemm=1 sym_fat_gemm_scatter=1 cap=12.1 cap_ok=1 tp_rank=1 tp_size=4 prefill_layer_calls=252 thin_calls=0 row_tile_calls=0 fallback_calls=kernel=251,batched=0,sorted=0,legacy=0 fallback_reasons=kernel_ok=251 fat_expert_runs=14751 direct_calls=14751 scatter_calls=14751 fat_layers=252 fat_expert_slots=14814 max_rows=4096 fused_temps_allocs=1 fused_temps_bytes=14155776 fat_scratch_allocs=1 fat_scratch_bytes=182454272 fat_scratch_peak_bytes=182454272
(Worker_TP1 pid=1239) INFO 09-02 23:44:21 [exl3.py:451] exl3 fat-expert P0: layers=294 fat_layers=272 (92.5%) fat_expert_slots=14851 max_rows=4096 avg_max_rows=1573.1 hist_le128=22 hist_gt128=272 hist=[0, 0, 0, 22, 17, 15, 51, 117, 72]
(Worker_TP1 pid=1239) INFO 09-02 23:44:21 [exl3.py:464] exl3 e2 diag schema=1 configured_tier=kernel effective_tier=kernel tier_reason=kernel_ok shared_suh=1 shared_suh_layers=42/42 sym_exl3_moe=1 sym_fat_gemm=1 sym_fat_gemm_scatter=1 cap=12.1 cap_ok=1 tp_rank=1 tp_size=4 prefill_layer_calls=294 thin_calls=21 row_tile_calls=0 fallback_calls=kernel=272,batched=0,sorted=0,legacy=0 fallback_reasons=kernel_ok=272,thin_only=21 fat_expert_runs=14851 direct_calls=14851 scatter_calls=14851 fat_layers=272 fat_expert_slots=14851 max_rows=4096 fused_temps_allocs=1 fused_temps_bytes=14155776 fat_scratch_allocs=1 fat_scratch_bytes=182454272 fat_scratch_peak_bytes=182454272
(Worker_TP1 pid=1239) INFO 09-02 23:44:30 [exl3.py:451] exl3 fat-expert P0: layers=336 fat_layers=314 (93.5%) fat_expert_slots=15721 max_rows=4096 avg_max_rows=1448.8 hist_le128=22 hist_gt128=314 hist=[0, 0, 0, 22, 21, 27, 73, 121, 72]
(Worker_TP1 pid=1239) INFO 09-02 23:44:30 [exl3.py:464] exl3 e2 diag schema=1 configured_tier=kernel effective_tier=kernel tier_reason=kernel_ok shared_suh=1 shared_suh_layers=42/42 sym_exl3_moe=1 sym_fat_gemm=1 sym_fat_gemm_scatter=1 cap=12.1 cap_ok=1 tp_rank=1 tp_size=4 prefill_layer_calls=336 thin_calls=22 row_tile_calls=0 fallback_calls=kernel=313,batched=0,sorted=0,legacy=0 fallback_reasons=kernel_ok=313,thin_only=22 fat_expert_runs=15699 direct_calls=15699 scatter_calls=15699 fat_layers=314 fat_expert_slots=15721 max_rows=4096 fused_temps_allocs=1 fused_temps_bytes=14155776 fat_scratch_allocs=1 fat_scratch_bytes=182454272 fat_scratch_peak_bytes=182454272
(Worker_TP1 pid=1239) INFO 09-02 23:44:31 [exl3.py:451] exl3 fat-expert P0: layers=378 fat_layers=356 (94.2%) fat_expert_slots=16292 max_rows=4096 avg_max_rows=1335.6 hist_le128=22 hist_gt128=356 hist=[0, 0, 0, 22, 26, 58, 79, 121, 72]
(Worker_TP1 pid=1239) INFO 09-02 23:44:31 [exl3.py:464] exl3 e2 diag schema=1 configured_tier=kernel effective_tier=kernel tier_reason=kernel_ok shared_suh=1 shared_suh_layers=42/42 sym_exl3_moe=1 sym_fat_gemm=1 sym_fat_gemm_scatter=1 cap=12.1 cap_ok=1 tp_rank=1 tp_size=4 prefill_layer_calls=378 thin_calls=22 row_tile_calls=0 fallback_calls=kernel=355,batched=0,sorted=0,legacy=0 fallback_reasons=kernel_ok=355,thin_only=22 fat_expert_runs=16282 direct_calls=16282 scatter_calls=16282 fat_layers=356 fat_expert_slots=16292 max_rows=4096 fused_temps_allocs=1 fused_temps_bytes=14155776 fat_scratch_allocs=1 fat_scratch_bytes=182454272 fat_scratch_peak_bytes=182454272
(Worker_TP1 pid=1239) INFO 09-02 23:44:31 [exl3.py:451] exl3 fat-expert P0: layers=420 fat_layers=356 (84.8%) fat_expert_slots=16292 max_rows=4096 avg_max_rows=1206.6 hist_le128=64 hist_gt128=356 hist=[0, 12, 22, 30, 26, 58, 79, 121, 72]
(Worker_TP1 pid=1239) INFO 09-02 23:44:31 [exl3.py:464] exl3 e2 diag schema=1 configured_tier=kernel effective_tier=kernel tier_reason=kernel_ok shared_suh=1 shared_suh_layers=42/42 sym_exl3_moe=1 sym_fat_gemm=1 sym_fat_gemm_scatter=1 cap=12.1 cap_ok=1 tp_rank=1 tp_size=4 prefill_layer_calls=420 thin_calls=63 row_tile_calls=0 fallback_calls=kernel=356,batched=0,sorted=0,legacy=0 fallback_reasons=kernel_ok=356,thin_only=63 fat_expert_runs=16292 direct_calls=16292 scatter_calls=16292 fat_layers=356 fat_expert_slots=16292 max_rows=4096 fused_temps_allocs=1 fused_temps_bytes=14155776 fat_scratch_allocs=1 fat_scratch_bytes=182454272 fat_scratch_peak_bytes=182454272
(Worker_TP1 pid=1239) INFO 09-02 23:44:47 [exl3.py:451] exl3 fat-expert P0: layers=462 fat_layers=398 (86.1%) fat_expert_slots=19359 max_rows=4096 avg_max_rows=1216.3 hist_le128=64 hist_gt128=398 hist=[0, 12, 22, 30, 26, 62, 85, 152, 73]
(Worker_TP1 pid=1239) INFO 09-02 23:44:47 [exl3.py:464] exl3 e2 diag schema=1 configured_tier=kernel effective_tier=kernel tier_reason=kernel_ok shared_suh=1 shared_suh_layers=42/42 sym_exl3_moe=1 sym_fat_gemm=1 sym_fat_gemm_scatter=1 cap=12.1 cap_ok=1 tp_rank=1 tp_size=4 prefill_layer_calls=462 thin_calls=64 row_tile_calls=0 fallback_calls=kernel=397,batched=0,sorted=0,legacy=0 fallback_reasons=kernel_ok=397,thin_only=64 fat_expert_runs=19279 direct_calls=19279 scatter_calls=19279 fat_layers=398 fat_expert_slots=19359 max_rows=4096 fused_temps_allocs=1 fused_temps_bytes=14155776 fat_scratch_allocs=1 fat_scratch_bytes=182454272 fat_scratch_peak_bytes=182454272
(Worker_TP1 pid=1239) INFO 09-02 23:44:50 [exl3.py:451] exl3 fat-expert P0: layers=504 fat_layers=440 (87.3%) fat_expert_slots=21950 max_rows=4096 avg_max_rows=1263.9 hist_le128=64 hist_gt128=440 hist=[0, 12, 22, 30, 26, 64, 87, 181, 82]
(Worker_TP1 pid=1239) INFO 09-02 23:44:50 [exl3.py:464] exl3 e2 diag schema=1 configured_tier=kernel effective_tier=kernel tier_reason=kernel_ok shared_suh=1 shared_suh_layers=42/42 sym_exl3_moe=1 sym_fat_gemm=1 sym_fat_gemm_scatter=1 cap=12.1 cap_ok=1 tp_rank=1 tp_size=4 prefill_layer_calls=504 thin_calls=64 row_tile_calls=0 fallback_calls=kernel=439,batched=0,sorted=0,legacy=0 fallback_reasons=kernel_ok=439,thin_only=64 fat_expert_runs=21887 direct_calls=21887 scatter_calls=21887 fat_layers=440 fat_expert_slots=21950 max_rows=4096 fused_temps_allocs=1 fused_temps_bytes=14155776 fat_scratch_allocs=1 fat_scratch_bytes=182454272 fat_scratch_peak_bytes=182454272
(Worker_TP1 pid=1239) INFO 09-02 23:44:53 [exl3.py:451] exl3 fat-expert P0: layers=546 fat_layers=482 (88.3%) fat_expert_slots=25456 max_rows=4096 avg_max_rows=1252.3 hist_le128=64 hist_gt128=482 hist=[0, 12, 22, 30, 26, 67, 102, 205, 82]
(Worker_TP1 pid=1239) INFO 09-02 23:44:53 [exl3.py:464] exl3 e2 diag schema=1 configured_tier=kernel effective_tier=kernel tier_reason=kernel_ok shared_suh=1 shared_suh_layers=42/42 sym_exl3_moe=1 sym_fat_gemm=1 sym_fat_gemm_scatter=1 cap=12.1 cap_ok=1 tp_rank=1 tp_size=4 prefill_layer_calls=546 thin_calls=64 row_tile_calls=0 fallback_calls=kernel=481,batched=0,sorted=0,legacy=0 fallback_reasons=kernel_ok=481,thin_only=64 fat_expert_runs=25359 direct_calls=25359 scatter_calls=25359 fat_layers=482 fat_expert_slots=25456 max_rows=4096 fused_temps_allocs=1 fused_temps_bytes=14155776 fat_scratch_allocs=1 fat_scratch_bytes=182454272 fat_scratch_peak_bytes=182454272
(Worker_TP1 pid=1239) INFO 09-02 23:44:57 [exl3.py:451] exl3 fat-expert P0: layers=588 fat_layers=524 (89.1%) fat_expert_slots=28845 max_rows=4096 avg_max_rows=1251.4 hist_le128=64 hist_gt128=524 hist=[0, 12, 22, 30, 26, 69, 115, 227, 87]
(Worker_TP1 pid=1239) INFO 09-02 23:44:57 [exl3.py:464] exl3 e2 diag schema=1 configured_tier=kernel effective_tier=kernel tier_reason=kernel_ok shared_suh=1 shared_suh_layers=42/42 sym_exl3_moe=1 sym_fat_gemm=1 sym_fat_gemm_scatter=1 cap=12.1 cap_ok=1 tp_rank=1 tp_size=4 prefill_layer_calls=588 thin_calls=64 row_tile_calls=0 fallback_calls=kernel=523,batched=0,sorted=0,legacy=0 fallback_reasons=kernel_ok=523,thin_only=64 fat_expert_runs=28750 direct_calls=28750 scatter_calls=28750 fat_layers=524 fat_expert_slots=28845 max_rows=4096 fused_temps_allocs=1 fused_temps_bytes=14155776 fat_scratch_allocs=1 fat_scratch_bytes=182454272 fat_scratch_peak_bytes=182454272
(Worker_TP1 pid=1239) INFO 09-02 23:44:57 [exl3.py:451] exl3 fat-expert P0: layers=630 fat_layers=524 (83.2%) fat_expert_slots=28845 max_rows=4096 avg_max_rows=1170.9 hist_le128=106 hist_gt128=524 hist=[0, 21, 54, 31, 26, 69, 115, 227, 87]
(Worker_TP1 pid=1239) INFO 09-02 23:44:57 [exl3.py:464] exl3 e2 diag schema=1 configured_tier=kernel effective_tier=kernel tier_reason=kernel_ok shared_suh=1 shared_suh_layers=42/42 sym_exl3_moe=1 sym_fat_gemm=1 sym_fat_gemm_scatter=1 cap=12.1 cap_ok=1 tp_rank=1 tp_size=4 prefill_layer_calls=630 thin_calls=105 row_tile_calls=0 fallback_calls=kernel=524,batched=0,sorted=0,legacy=0 fallback_reasons=kernel_ok=524,thin_only=105 fat_expert_runs=28845 direct_calls=28845 scatter_calls=28845 fat_layers=524 fat_expert_slots=28845 max_rows=4096 fused_temps_allocs=1 fused_temps_bytes=14155776 fat_scratch_allocs=1 fat_scratch_bytes=182454272 fat_scratch_peak_bytes=182454272
(Worker_TP1 pid=1239) INFO 09-02 23:45:11 [exl3.py:451] exl3 fat-expert P0: layers=672 fat_layers=524 (78.0%) fat_expert_slots=28845 max_rows=4096 avg_max_rows=1100.5 hist_le128=148 hist_gt128=524 hist=[2, 28, 86, 32, 26, 69, 115, 227, 87]
(Worker_TP1 pid=1239) INFO 09-02 23:45:11 [exl3.py:464] exl3 e2 diag schema=1 configured_tier=kernel effective_tier=kernel tier_reason=kernel_ok shared_suh=1 shared_suh_layers=42/42 sym_exl3_moe=1 sym_fat_gemm=1 sym_fat_gemm_scatter=1 cap=12.1 cap_ok=1 tp_rank=1 tp_size=4 prefill_layer_calls=672 thin_calls=147 row_tile_calls=0 fallback_calls=kernel=524,batched=0,sorted=0,legacy=0 fallback_reasons=kernel_ok=524,thin_only=147 fat_expert_runs=28845 direct_calls=28845 scatter_calls=28845 fat_layers=524 fat_expert_slots=28845 max_rows=4096 fused_temps_allocs=1 fused_temps_bytes=14155776 fat_scratch_allocs=1 fat_scratch_bytes=182454272 fat_scratch_peak_bytes=182454272
(Worker_TP1 pid=1239) INFO 09-02 23:45:11 [exl3.py:451] exl3 fat-expert P0: layers=714 fat_layers=524 (73.4%) fat_expert_slots=28845 max_rows=4096 avg_max_rows=1038.4 hist_le128=190 hist_gt128=524 hist=[2, 43, 105, 40, 26, 69, 115, 227, 87]
(Worker_TP1 pid=1239) INFO 09-02 23:45:11 [exl3.py:464] exl3 e2 diag schema=1 configured_tier=kernel effective_tier=kernel tier_reason=kernel_ok shared_suh=1 shared_suh_layers=42/42 sym_exl3_moe=1 sym_fat_gemm=1 sym_fat_gemm_scatter=1 cap=12.1 cap_ok=1 tp_rank=1 tp_size=4 prefill_layer_calls=714 thin_calls=189 row_tile_calls=0 fallback_calls=kernel=524,batched=0,sorted=0,legacy=0 fallback_reasons=kernel_ok=524,thin_only=189 fat_expert_runs=28845 direct_calls=28845 scatter_calls=28845 fat_layers=524 fat_expert_slots=28845 max_rows=4096 fused_temps_allocs=1 fused_temps_bytes=14155776 fat_scratch_allocs=1 fat_scratch_bytes=182454272 fat_scratch_peak_bytes=182454272
(Worker_TP1 pid=1239) INFO 09-02 23:45:18 [exl3.py:451] exl3 fat-expert P0: layers=756 fat_layers=566 (74.9%) fat_expert_slots=30817 max_rows=4096 avg_max_rows=1141.0 hist_le128=190 hist_gt128=566 hist=[2, 43, 105, 40, 26, 69, 119, 229, 123]
(Worker_TP1 pid=1239) INFO 09-02 23:45:18 [exl3.py:464] exl3 e2 diag schema=1 configured_tier=kernel effective_tier=kernel tier_reason=kernel_ok shared_suh=1 shared_suh_layers=42/42 sym_exl3_moe=1 sym_fat_gemm=1 sym_fat_gemm_scatter=1 cap=12.1 cap_ok=1 tp_rank=1 tp_size=4 prefill_layer_calls=756 thin_calls=190 row_tile_calls=0 fallback_calls=kernel=565,batched=0,sorted=0,legacy=0 fallback_reasons=kernel_ok=565,thin_only=190 fat_expert_runs=30785 direct_calls=30785 scatter_calls=30785 fat_layers=566 fat_expert_slots=30817 max_rows=4096 fused_temps_allocs=1 fused_temps_bytes=14155776 fat_scratch_allocs=1 fat_scratch_bytes=182454272 fat_scratch_peak_bytes=182454272
(Worker_TP1 pid=1239) INFO 09-02 23:45:21 [exl3.py:451] exl3 fat-expert P0: layers=798 fat_layers=608 (76.2%) fat_expert_slots=32701 max_rows=4096 avg_max_rows=1237.4 hist_le128=190 hist_gt128=608 hist=[2, 43, 105, 40, 26, 69, 123, 232, 158]
(Worker_TP1 pid=1239) INFO 09-02 23:45:21 [exl3.py:464] exl3 e2 diag schema=1 configured_tier=kernel effective_tier=kernel tier_reason=kernel_ok shared_suh=1 shared_suh_layers=42/42 sym_exl3_moe=1 sym_fat_gemm=1 sym_fat_gemm_scatter=1 cap=12.1 cap_ok=1 tp_rank=1 tp_size=4 prefill_layer_calls=798 thin_calls=190 row_tile_calls=0 fallback_calls=kernel=607,batched=0,sorted=0,legacy=0 fallback_reasons=kernel_ok=607,thin_only=190 fat_expert_runs=32669 direct_calls=32669 scatter_calls=32669 fat_layers=608 fat_expert_slots=32701 max_rows=4096 fused_temps_allocs=1 fused_temps_bytes=14155776 fat_scratch_allocs=1 fat_scratch_bytes=182454272 fat_scratch_peak_bytes=182454272
(Worker_TP1 pid=1239) INFO 09-02 23:45:23 [exl3.py:451] exl3 fat-expert P0: layers=840 fat_layers=650 (77.4%) fat_expert_slots=34551 max_rows=4096 avg_max_rows=1324.0 hist_le128=190 hist_gt128=650 hist=[2, 43, 105, 40, 26, 69, 126, 236, 193]
(Worker_TP1 pid=1239) INFO 09-02 23:45:23 [exl3.py:464] exl3 e2 diag schema=1 configured_tier=kernel effective_tier=kernel tier_reason=kernel_ok shared_suh=1 shared_suh_layers=42/42 sym_exl3_moe=1 sym_fat_gemm=1 sym_fat_gemm_scatter=1 cap=12.1 cap_ok=1 tp_rank=1 tp_size=4 prefill_layer_calls=840 thin_calls=190 row_tile_calls=0 fallback_calls=kernel=649,batched=0,sorted=0,legacy=0 fallback_reasons=kernel_ok=649,thin_only=190 fat_expert_runs=34518 direct_calls=34518 scatter_calls=34518 fat_layers=650 fat_expert_slots=34551 max_rows=4096 fused_temps_allocs=1 fused_temps_bytes=14155776 fat_scratch_allocs=1 fat_scratch_bytes=182454272 fat_scratch_peak_bytes=182454272
(Worker_TP1 pid=1239) INFO 09-02 23:45:25 [exl3.py:451] exl3 fat-expert P0: layers=882 fat_layers=692 (78.5%) fat_expert_slots=35505 max_rows=4096 avg_max_rows=1324.3 hist_le128=190 hist_gt128=692 hist=[2, 43, 105, 40, 26, 73, 130, 270, 193]
(Worker_TP1 pid=1239) INFO 09-02 23:45:25 [exl3.py:464] exl3 e2 diag schema=1 configured_tier=kernel effective_tier=kernel tier_reason=kernel_ok shared_suh=1 shared_suh_layers=42/42 sym_exl3_moe=1 sym_fat_gemm=1 sym_fat_gemm_scatter=1 cap=12.1 cap_ok=1 tp_rank=1 tp_size=4 prefill_layer_calls=882 thin_calls=190 row_tile_calls=0 fallback_calls=kernel=691,batched=0,sorted=0,legacy=0 fallback_reasons=kernel_ok=691,thin_only=190 fat_expert_runs=35483 direct_calls=35483 scatter_calls=35483 fat_layers=692 fat_expert_slots=35505 max_rows=4096 fused_temps_allocs=1 fused_temps_bytes=14155776 fat_scratch_allocs=1 fat_scratch_bytes=182454272 fat_scratch_peak_bytes=182454272
(Worker_TP1 pid=1239) INFO 09-02 23:45:26 [exl3.py:451] exl3 fat-expert P0: layers=924 fat_layers=734 (79.4%) fat_expert_slots=36180 max_rows=4096 avg_max_rows=1308.0 hist_le128=190 hist_gt128=734 hist=[2, 43, 105, 40, 27, 78, 139, 297, 193]
(Worker_TP1 pid=1239) INFO 09-02 23:45:26 [exl3.py:464] exl3 e2 diag schema=1 configured_tier=kernel effective_tier=kernel tier_reason=kernel_ok shared_suh=1 shared_suh_layers=42/42 sym_exl3_moe=1 sym_fat_gemm=1 sym_fat_gemm_scatter=1 cap=12.1 cap_ok=1 tp_rank=1 tp_size=4 prefill_layer_calls=924 thin_calls=190 row_tile_calls=0 fallback_calls=kernel=733,batched=0,sorted=0,legacy=0 fallback_reasons=kernel_ok=733,thin_only=190 fat_expert_runs=36163 direct_calls=36163 scatter_calls=36163 fat_layers=734 fat_expert_slots=36180 max_rows=4096 fused_temps_allocs=1 fused_temps_bytes=14155776 fat_scratch_allocs=1 fat_scratch_bytes=182454272 fat_scratch_peak_bytes=182454272
(Worker_TP1 pid=1239) INFO 09-02 23:45:36 [exl3.py:451] exl3 fat-expert P0: layers=966 fat_layers=776 (80.3%) fat_expert_slots=39251 max_rows=4096 avg_max_rows=1309.3 hist_le128=190 hist_gt128=776 hist=[2, 43, 105, 40, 27, 82, 144, 329, 194]
(Worker_TP1 pid=1239) INFO 09-02 23:45:36 [exl3.py:464] exl3 e2 diag schema=1 configured_tier=kernel effective_tier=kernel tier_reason=kernel_ok shared_suh=1 shared_suh_layers=42/42 sym_exl3_moe=1 sym_fat_gemm=1 sym_fat_gemm_scatter=1 cap=12.1 cap_ok=1 tp_rank=1 tp_size=4 prefill_layer_calls=966 thin_calls=190 row_tile_calls=0 fallback_calls=kernel=775,batched=0,sorted=0,legacy=0 fallback_reasons=kernel_ok=775,thin_only=190 fat_expert_runs=39179 direct_calls=39179 scatter_calls=39179 fat_layers=776 fat_expert_slots=39251 max_rows=4096 fused_temps_allocs=1 fused_temps_bytes=14155776 fat_scratch_allocs=1 fat_scratch_bytes=182454272 fat_scratch_peak_bytes=182454272
(Worker_TP1 pid=1239) WARNING 09-02 23:45:36 [jit_monitor.py:135] Triton kernel JIT compilation during inference: _gumbel_sample_kernel. This causes a latency spike; consider extending warmup to cover this shape/config.
(Worker_TP1 pid=1239) INFO 09-02 23:45:39 [exl3.py:451] exl3 fat-expert P0: layers=1008 fat_layers=818 (81.2%) fat_expert_slots=41802 max_rows=4096 avg_max_rows=1332.6 hist_le128=190 hist_gt128=818 hist=[2, 43, 105, 40, 27, 84, 146, 353, 208]
(Worker_TP1 pid=1239) INFO 09-02 23:45:39 [exl3.py:464] exl3 e2 diag schema=1 configured_tier=kernel effective_tier=kernel tier_reason=kernel_ok shared_suh=1 shared_suh_layers=42/42 sym_exl3_moe=1 sym_fat_gemm=1 sym_fat_gemm_scatter=1 cap=12.1 cap_ok=1 tp_rank=1 tp_size=4 prefill_layer_calls=1008 thin_calls=190 row_tile_calls=0 fallback_calls=kernel=817,batched=0,sorted=0,legacy=0 fallback_reasons=kernel_ok=817,thin_only=190 fat_expert_runs=41736 direct_calls=41736 scatter_calls=41736 fat_layers=818 fat_expert_slots=41802 max_rows=4096 fused_temps_allocs=1 fused_temps_bytes=14155776 fat_scratch_allocs=1 fat_scratch_bytes=182454272 fat_scratch_peak_bytes=182454272
(Worker_TP1 pid=1239) INFO 09-02 23:45:42 [exl3.py:451] exl3 fat-expert P0: layers=1050 fat_layers=860 (81.9%) fat_expert_slots=45206 max_rows=4096 avg_max_rows=1324.8 hist_le128=190 hist_gt128=860 hist=[2, 43, 105, 40, 27, 87, 160, 377, 209]
(Worker_TP1 pid=1239) INFO 09-02 23:45:42 [exl3.py:464] exl3 e2 diag schema=1 configured_tier=kernel effective_tier=kernel tier_reason=kernel_ok shared_suh=1 shared_suh_layers=42/42 sym_exl3_moe=1 sym_fat_gemm=1 sym_fat_gemm_scatter=1 cap=12.1 cap_ok=1 tp_rank=1 tp_size=4 prefill_layer_calls=1050 thin_calls=190 row_tile_calls=0 fallback_calls=kernel=859,batched=0,sorted=0,legacy=0 fallback_reasons=kernel_ok=859,thin_only=190 fat_expert_runs=45115 direct_calls=45115 scatter_calls=45115 fat_layers=860 fat_expert_slots=45206 max_rows=4096 fused_temps_allocs=1 fused_temps_bytes=14155776 fat_scratch_allocs=1 fat_scratch_bytes=182454272 fat_scratch_peak_bytes=182454272
(Worker_TP1 pid=1239) INFO 09-02 23:45:45 [exl3.py:451] exl3 fat-expert P0: layers=1092 fat_layers=902 (82.6%) fat_expert_slots=48603 max_rows=4096 avg_max_rows=1321.3 hist_le128=190 hist_gt128=902 hist=[2, 43, 105, 40, 27, 90, 172, 399, 214]
(Worker_TP1 pid=1239) INFO 09-02 23:45:45 [exl3.py:464] exl3 e2 diag schema=1 configured_tier=kernel effective_tier=kernel tier_reason=kernel_ok shared_suh=1 shared_suh_layers=42/42 sym_exl3_moe=1 sym_fat_gemm=1 sym_fat_gemm_scatter=1 cap=12.1 cap_ok=1 tp_rank=1 tp_size=4 prefill_layer_calls=1092 thin_calls=190 row_tile_calls=0 fallback_calls=kernel=901,batched=0,sorted=0,legacy=0 fallback_reasons=kernel_ok=901,thin_only=190 fat_expert_runs=48511 direct_calls=48511 scatter_calls=48511 fat_layers=902 fat_expert_slots=48603 max_rows=4096 fused_temps_allocs=1 fused_temps_bytes=14155776 fat_scratch_allocs=1 fat_scratch_bytes=182454272 fat_scratch_peak_bytes=182454272
(Worker_TP1 pid=1239) INFO 09-02 23:45:47 [exl3.py:451] exl3 fat-expert P0: layers=1134 fat_layers=944 (83.2%) fat_expert_slots=49993 max_rows=4096 avg_max_rows=1297.1 hist_le128=190 hist_gt128=944 hist=[2, 43, 105, 40, 27, 102, 197, 404, 214]
(Worker_TP1 pid=1239) INFO 09-02 23:45:47 [exl3.py:464] exl3 e2 diag schema=1 configured_tier=kernel effective_tier=kernel tier_reason=kernel_ok shared_suh=1 shared_suh_layers=42/42 sym_exl3_moe=1 sym_fat_gemm=1 sym_fat_gemm_scatter=1 cap=12.1 cap_ok=1 tp_rank=1 tp_size=4 prefill_layer_calls=1134 thin_calls=190 row_tile_calls=0 fallback_calls=kernel=943,batched=0,sorted=0,legacy=0 fallback_reasons=kernel_ok=943,thin_only=190 fat_expert_runs=49954 direct_calls=49954 scatter_calls=49954 fat_layers=944 fat_expert_slots=49993 max_rows=4096 fused_temps_allocs=1 fused_temps_bytes=14155776 fat_scratch_allocs=1 fat_scratch_bytes=182454272 fat_scratch_peak_bytes=182454272
(Worker_TP1 pid=1239) INFO 09-02 23:45:51 [exl3.py:451] exl3 fat-expert P0: layers=1176 fat_layers=948 (80.6%) fat_expert_slots=49997 max_rows=4096 avg_max_rows=1253.3 hist_le128=228 hist_gt128=948 hist=[2, 44, 127, 55, 31, 102, 197, 404, 214]
(Worker_TP1 pid=1239) INFO 09-02 23:45:51 [exl3.py:464] exl3 e2 diag schema=1 configured_tier=kernel effective_tier=kernel tier_reason=kernel_ok shared_suh=1 shared_suh_layers=42/42 sym_exl3_moe=1 sym_fat_gemm=1 sym_fat_gemm_scatter=1 cap=12.1 cap_ok=1 tp_rank=1 tp_size=4 prefill_layer_calls=1176 thin_calls=227 row_tile_calls=0 fallback_calls=kernel=948,batched=0,sorted=0,legacy=0 fallback_reasons=kernel_ok=948,thin_only=227 fat_expert_runs=49997 direct_calls=49997 scatter_calls=49997 fat_layers=948 fat_expert_slots=49997 max_rows=4096 fused_temps_allocs=1 fused_temps_bytes=14155776 fat_scratch_allocs=1 fat_scratch_bytes=182454272 fat_scratch_peak_bytes=182454272
(Worker_TP1 pid=1239) INFO 09-02 23:45:54 [exl3.py:451] exl3 fat-expert P0: layers=1218 fat_layers=990 (81.3%) fat_expert_slots=51975 max_rows=4096 avg_max_rows=1292.0 hist_le128=228 hist_gt128=990 hist=[2, 44, 127, 55, 31, 102, 201, 409, 247]
(Worker_TP1 pid=1239) INFO 09-02 23:45:54 [exl3.py:464] exl3 e2 diag schema=1 configured_tier=kernel effective_tier=kernel tier_reason=kernel_ok shared_suh=1 shared_suh_layers=42/42 sym_exl3_moe=1 sym_fat_gemm=1 sym_fat_gemm_scatter=1 cap=12.1 cap_ok=1 tp_rank=1 tp_size=4 prefill_layer_calls=1218 thin_calls=228 row_tile_calls=0 fallback_calls=kernel=989,batched=0,sorted=0,legacy=0 fallback_reasons=kernel_ok=989,thin_only=228 fat_expert_runs=51942 direct_calls=51942 scatter_calls=51942 fat_layers=990 fat_expert_slots=51975 max_rows=4096 fused_temps_allocs=1 fused_temps_bytes=14155776 fat_scratch_allocs=1 fat_scratch_bytes=182454272 fat_scratch_peak_bytes=182454272
(Worker_TP1 pid=1239) INFO 09-02 23:45:57 [exl3.py:451] exl3 fat-expert P0: layers=1260 fat_layers=1032 (81.9%) fat_expert_slots=53880 max_rows=4096 avg_max_rows=1346.9 hist_le128=228 hist_gt128=1032 hist=[2, 44, 127, 55, 31, 102, 205, 413, 281]
(Worker_TP1 pid=1239) INFO 09-02 23:45:57 [exl3.py:464] exl3 e2 diag schema=1 configured_tier=kernel effective_tier=kernel tier_reason=kernel_ok shared_suh=1 shared_suh_layers=42/42 sym_exl3_moe=1 sym_fat_gemm=1 sym_fat_gemm_scatter=1 cap=12.1 cap_ok=1 tp_rank=1 tp_size=4 prefill_layer_calls=1260 thin_calls=228 row_tile_calls=0 fallback_calls=kernel=1031,batched=0,sorted=0,legacy=0 fallback_reasons=kernel_ok=1031,thin_only=228 fat_expert_runs=53846 direct_calls=53846 scatter_calls=53846 fat_layers=1032 fat_expert_slots=53880 max_rows=4096 fused_temps_allocs=1 fused_temps_bytes=14155776 fat_scratch_allocs=1 fat_scratch_bytes=182454272 fat_scratch_peak_bytes=182454272
(Worker_TP1 pid=1239) INFO 09-02 23:46:00 [exl3.py:451] exl3 fat-expert P0: layers=1302 fat_layers=1074 (82.5%) fat_expert_slots=55782 max_rows=4096 avg_max_rows=1398.4 hist_le128=228 hist_gt128=1074 hist=[2, 44, 127, 55, 31, 102, 208, 419, 314]
(Worker_TP1 pid=1239) INFO 09-02 23:46:00 [exl3.py:464] exl3 e2 diag schema=1 configured_tier=kernel effective_tier=kernel tier_reason=kernel_ok shared_suh=1 shared_suh_layers=42/42 sym_exl3_moe=1 sym_fat_gemm=1 sym_fat_gemm_scatter=1 cap=12.1 cap_ok=1 tp_rank=1 tp_size=4 prefill_layer_calls=1302 thin_calls=228 row_tile_calls=0 fallback_calls=kernel=1073,batched=0,sorted=0,legacy=0 fallback_reasons=kernel_ok=1073,thin_only=228 fat_expert_runs=55749 direct_calls=55749 scatter_calls=55749 fat_layers=1074 fat_expert_slots=55782 max_rows=4096 fused_temps_allocs=1 fused_temps_bytes=14155776 fat_scratch_allocs=1 fat_scratch_bytes=182454272 fat_scratch_peak_bytes=182454272
(Worker_TP1 pid=1239) INFO 09-02 23:46:03 [exl3.py:451] exl3 fat-expert P0: layers=1344 fat_layers=1116 (83.0%) fat_expert_slots=57610 max_rows=4096 avg_max_rows=1448.2 hist_le128=228 hist_gt128=1116 hist=[2, 44, 127, 55, 31, 102, 211, 425, 347]
(Worker_TP1 pid=1239) INFO 09-02 23:46:03 [exl3.py:464] exl3 e2 diag schema=1 configured_tier=kernel effective_tier=kernel tier_reason=kernel_ok shared_suh=1 shared_suh_layers=42/42 sym_exl3_moe=1 sym_fat_gemm=1 sym_fat_gemm_scatter=1 cap=12.1 cap_ok=1 tp_rank=1 tp_size=4 prefill_layer_calls=1344 thin_calls=228 row_tile_calls=0 fallback_calls=kernel=1115,batched=0,sorted=0,legacy=0 fallback_reasons=kernel_ok=1115,thin_only=228 fat_expert_runs=57576 direct_calls=57576 scatter_calls=57576 fat_layers=1116 fat_expert_slots=57610 max_rows=4096 fused_temps_allocs=1 fused_temps_bytes=14155776 fat_scratch_allocs=1 fat_scratch_bytes=182454272 fat_scratch_peak_bytes=182454272
(Worker_TP1 pid=1239) INFO 09-02 23:46:06 [exl3.py:451] exl3 fat-expert P0: layers=1386 fat_layers=1158 (83.5%) fat_expert_slots=59448 max_rows=4096 avg_max_rows=1495.8 hist_le128=228 hist_gt128=1158 hist=[2, 44, 127, 55, 31, 102, 214, 431, 380]
(Worker_TP1 pid=1239) INFO 09-02 23:46:06 [exl3.py:464] exl3 e2 diag schema=1 configured_tier=kernel effective_tier=kernel tier_reason=kernel_ok shared_suh=1 shared_suh_layers=42/42 sym_exl3_moe=1 sym_fat_gemm=1 sym_fat_gemm_scatter=1 cap=12.1 cap_ok=1 tp_rank=1 tp_size=4 prefill_layer_calls=1386 thin_calls=228 row_tile_calls=0 fallback_calls=kernel=1157,batched=0,sorted=0,legacy=0 fallback_reasons=kernel_ok=1157,thin_only=228 fat_expert_runs=59418 direct_calls=59418 scatter_calls=59418 fat_layers=1158 fat_expert_slots=59448 max_rows=4096 fused_temps_allocs=1 fused_temps_bytes=14155776 fat_scratch_allocs=1 fat_scratch_bytes=182454272 fat_scratch_peak_bytes=182454272
(Worker_TP1 pid=1239) INFO 09-02 23:46:09 [exl3.py:451] exl3 fat-expert P0: layers=1428 fat_layers=1200 (84.0%) fat_expert_slots=61272 max_rows=4096 avg_max_rows=1540.6 hist_le128=228 hist_gt128=1200 hist=[2, 44, 127, 55, 31, 102, 217, 436, 414]
(Worker_TP1 pid=1239) INFO 09-02 23:46:09 [exl3.py:464] exl3 e2 diag schema=1 configured_tier=kernel effective_tier=kernel tier_reason=kernel_ok shared_suh=1 shared_suh_layers=42/42 sym_exl3_moe=1 sym_fat_gemm=1 sym_fat_gemm_scatter=1 cap=12.1 cap_ok=1 tp_rank=1 tp_size=4 prefill_layer_calls=1428 thin_calls=228 row_tile_calls=0 fallback_calls=kernel=1199,batched=0,sorted=0,legacy=0 fallback_reasons=kernel_ok=1199,thin_only=228 fat_expert_runs=61239 direct_calls=61239 scatter_calls=61239 fat_layers=1200 fat_expert_slots=61272 max_rows=4096 fused_temps_allocs=1 fused_temps_bytes=14155776 fat_scratch_allocs=1 fat_scratch_bytes=182454272 fat_scratch_peak_bytes=182454272
(Worker_TP1 pid=1239) INFO 09-02 23:46:09 [exl3.py:451] exl3 fat-expert P0: layers=1470 fat_layers=1241 (84.4%) fat_expert_slots=61650 max_rows=4096 avg_max_rows=1510.2 hist_le128=229 hist_gt128=1241 hist=[2, 44, 127, 56, 38, 110, 243, 436, 414]
(Worker_TP1 pid=1239) INFO 09-02 23:46:09 [exl3.py:464] exl3 e2 diag schema=1 configured_tier=kernel effective_tier=kernel tier_reason=kernel_ok shared_suh=1 shared_suh_layers=42/42 sym_exl3_moe=1 sym_fat_gemm=1 sym_fat_gemm_scatter=1 cap=12.1 cap_ok=1 tp_rank=1 tp_size=4 prefill_layer_calls=1470 thin_calls=229 row_tile_calls=0 fallback_calls=kernel=1240,batched=0,sorted=0,legacy=0 fallback_reasons=kernel_ok=1240,thin_only=229 fat_expert_runs=61635 direct_calls=61635 scatter_calls=61635 fat_layers=1241 fat_expert_slots=61650 max_rows=4096 fused_temps_allocs=1 fused_temps_bytes=14155776 fat_scratch_allocs=1 fat_scratch_bytes=182454272 fat_scratch_peak_bytes=182454272
(Worker_TP1 pid=1239) INFO 09-02 23:46:20 [exl3.py:451] exl3 fat-expert P0: layers=1512 fat_layers=1283 (84.9%) fat_expert_slots=64823 max_rows=4096 avg_max_rows=1502.9 hist_le128=229 hist_gt128=1283 hist=[2, 44, 127, 56, 38, 114, 252, 464, 415]
(Worker_TP1 pid=1239) INFO 09-02 23:46:20 [exl3.py:464] exl3 e2 diag schema=1 configured_tier=kernel effective_tier=kernel tier_reason=kernel_ok shared_suh=1 shared_suh_layers=42/42 sym_exl3_moe=1 sym_fat_gemm=1 sym_fat_gemm_scatter=1 cap=12.1 cap_ok=1 tp_rank=1 tp_size=4 prefill_layer_calls=1512 thin_calls=229 row_tile_calls=0 fallback_calls=kernel=1282,batched=0,sorted=0,legacy=0 fallback_reasons=kernel_ok=1282,thin_only=229 fat_expert_runs=64751 direct_calls=64751 scatter_calls=64751 fat_layers=1283 fat_expert_slots=64823 max_rows=4096 fused_temps_allocs=1 fused_temps_bytes=14155776 fat_scratch_allocs=1 fat_scratch_bytes=182454272 fat_scratch_peak_bytes=182454272
(Worker_TP1 pid=1239) INFO 09-02 23:46:23 [exl3.py:451] exl3 fat-expert P0: layers=1554 fat_layers=1325 (85.3%) fat_expert_slots=67678 max_rows=4096 avg_max_rows=1500.5 hist_le128=229 hist_gt128=1325 hist=[2, 44, 127, 56, 38, 117, 253, 498, 419]
(Worker_TP1 pid=1239) INFO 09-02 23:46:23 [exl3.py:464] exl3 e2 diag schema=1 configured_tier=kernel effective_tier=kernel tier_reason=kernel_ok shared_suh=1 shared_suh_layers=42/42 sym_exl3_moe=1 sym_fat_gemm=1 sym_fat_gemm_scatter=1 cap=12.1 cap_ok=1 tp_rank=1 tp_size=4 prefill_layer_calls=1554 thin_calls=229 row_tile_calls=0 fallback_calls=kernel=1324,batched=0,sorted=0,legacy=0 fallback_reasons=kernel_ok=1324,thin_only=229 fat_expert_runs=67611 direct_calls=67611 scatter_calls=67611 fat_layers=1325 fat_expert_slots=67678 max_rows=4096 fused_temps_allocs=1 fused_temps_bytes=14155776 fat_scratch_allocs=1 fat_scratch_bytes=182454272 fat_scratch_peak_bytes=182454272
(Worker_TP1 pid=1239) INFO 09-02 23:46:27 [exl3.py:451] exl3 fat-expert P0: layers=1596 fat_layers=1367 (85.7%) fat_expert_slots=71191 max_rows=4096 avg_max_rows=1490.7 hist_le128=229 hist_gt128=1367 hist=[2, 44, 127, 56, 38, 117, 270, 523, 419]
(Worker_TP1 pid=1239) INFO 09-02 23:46:27 [exl3.py:464] exl3 e2 diag schema=1 configured_tier=kernel effective_tier=kernel tier_reason=kernel_ok shared_suh=1 shared_suh_layers=42/42 sym_exl3_moe=1 sym_fat_gemm=1 sym_fat_gemm_scatter=1 cap=12.1 cap_ok=1 tp_rank=1 tp_size=4 prefill_layer_calls=1596 thin_calls=229 row_tile_calls=0 fallback_calls=kernel=1366,batched=0,sorted=0,legacy=0 fallback_reasons=kernel_ok=1366,thin_only=229 fat_expert_runs=71090 direct_calls=71090 scatter_calls=71090 fat_layers=1367 fat_expert_slots=71191 max_rows=4096 fused_temps_allocs=1 fused_temps_bytes=14155776 fat_scratch_allocs=1 fat_scratch_bytes=182454272 fat_scratch_peak_bytes=182454272
(Worker_TP1 pid=1239) INFO 09-02 23:46:29 [exl3.py:451] exl3 fat-expert P0: layers=1638 fat_layers=1409 (86.0%) fat_expert_slots=73466 max_rows=4096 avg_max_rows=1474.4 hist_le128=229 hist_gt128=1409 hist=[2, 44, 127, 56, 38, 124, 296, 532, 419]
(Worker_TP1 pid=1239) INFO 09-02 23:46:29 [exl3.py:464] exl3 e2 diag schema=1 configured_tier=kernel effective_tier=kernel tier_reason=kernel_ok shared_suh=1 shared_suh_layers=42/42 sym_exl3_moe=1 sym_fat_gemm=1 sym_fat_gemm_scatter=1 cap=12.1 cap_ok=1 tp_rank=1 tp_size=4 prefill_layer_calls=1638 thin_calls=229 row_tile_calls=0 fallback_calls=kernel=1408,batched=0,sorted=0,legacy=0 fallback_reasons=kernel_ok=1408,thin_only=229 fat_expert_runs=73403 direct_calls=73403 scatter_calls=73403 fat_layers=1409 fat_expert_slots=73466 max_rows=4096 fused_temps_allocs=1 fused_temps_bytes=14155776 fat_scratch_allocs=1 fat_scratch_bytes=182454272 fat_scratch_peak_bytes=182454272
(Worker_TP1 pid=1239) INFO 09-02 23:46:34 [exl3.py:451] exl3 fat-expert P0: layers=1680 fat_layers=1451 (86.4%) fat_expert_slots=74376 max_rows=4096 avg_max_rows=1470.6 hist_le128=229 hist_gt128=1451 hist=[2, 44, 127, 56, 38, 129, 300, 565, 419]
(Worker_TP1 pid=1239) INFO 09-02 23:46:34 [exl3.py:464] exl3 e2 diag schema=1 configured_tier=kernel effective_tier=kernel tier_reason=kernel_ok shared_suh=1 shared_suh_layers=42/42 sym_exl3_moe=1 sym_fat_gemm=1 sym_fat_gemm_scatter=1 cap=12.1 cap_ok=1 tp_rank=1 tp_size=4 prefill_layer_calls=1680 thin_calls=229 row_tile_calls=0 fallback_calls=kernel=1450,batched=0,sorted=0,legacy=0 fallback_reasons=kernel_ok=1450,thin_only=229 fat_expert_runs=74354 direct_calls=74354 scatter_calls=74354 fat_layers=1451 fat_expert_slots=74376 max_rows=4096 fused_temps_allocs=1 fused_temps_bytes=14155776 fat_scratch_allocs=1 fat_scratch_bytes=182454272 fat_scratch_peak_bytes=182454272
(Worker_TP1 pid=1239) INFO 09-02 23:46:35 [exl3.py:451] exl3 fat-expert P0: layers=1722 fat_layers=1493 (86.7%) fat_expert_slots=75138 max_rows=4096 avg_max_rows=1460.0 hist_le128=229 hist_gt128=1493 hist=[2, 44, 127, 56, 39, 134, 305, 596, 419]
(Worker_TP1 pid=1239) INFO 09-02 23:46:35 [exl3.py:464] exl3 e2 diag schema=1 configured_tier=kernel effective_tier=kernel tier_reason=kernel_ok shared_suh=1 shared_suh_layers=42/42 sym_exl3_moe=1 sym_fat_gemm=1 sym_fat_gemm_scatter=1 cap=12.1 cap_ok=1 tp_rank=1 tp_size=4 prefill_layer_calls=1722 thin_calls=229 row_tile_calls=0 fallback_calls=kernel=1492,batched=0,sorted=0,legacy=0 fallback_reasons=kernel_ok=1492,thin_only=229 fat_expert_runs=75117 direct_calls=75117 scatter_calls=75117 fat_layers=1493 fat_expert_slots=75138 max_rows=4096 fused_temps_allocs=1 fused_temps_bytes=14155776 fat_scratch_allocs=1 fat_scratch_bytes=182454272 fat_scratch_peak_bytes=182454272
(Worker_TP1 pid=1239) INFO 09-02 23:46:49 [exl3.py:451] exl3 fat-expert P0: layers=1764 fat_layers=1535 (87.0%) fat_expert_slots=78216 max_rows=4096 avg_max_rows=1456.8 hist_le128=229 hist_gt128=1535 hist=[2, 44, 127, 56, 39, 138, 311, 627, 420]
(Worker_TP1 pid=1239) INFO 09-02 23:46:49 [exl3.py:464] exl3 e2 diag schema=1 configured_tier=kernel effective_tier=kernel tier_reason=kernel_ok shared_suh=1 shared_suh_layers=42/42 sym_exl3_moe=1 sym_fat_gemm=1 sym_fat_gemm_scatter=1 cap=12.1 cap_ok=1 tp_rank=1 tp_size=4 prefill_layer_calls=1764 thin_calls=229 row_tile_calls=0 fallback_calls=kernel=1534,batched=0,sorted=0,legacy=0 fallback_reasons=kernel_ok=1534,thin_only=229 fat_expert_runs=78139 direct_calls=78139 scatter_calls=78139 fat_layers=1535 fat_expert_slots=78216 max_rows=4096 fused_temps_allocs=1 fused_temps_bytes=14155776 fat_scratch_allocs=1 fat_scratch_bytes=182454272 fat_scratch_peak_bytes=182454272
(Worker_TP1 pid=1239) INFO 09-02 23:46:52 [exl3.py:451] exl3 fat-expert P0: layers=1806 fat_layers=1577 (87.3%) fat_expert_slots=81159 max_rows=4096 avg_max_rows=1453.9 hist_le128=229 hist_gt128=1577 hist=[2, 44, 127, 56, 39, 142, 311, 665, 420]
(Worker_TP1 pid=1239) INFO 09-02 23:46:52 [exl3.py:464] exl3 e2 diag schema=1 configured_tier=kernel effective_tier=kernel tier_reason=kernel_ok shared_suh=1 shared_suh_layers=42/42 sym_exl3_moe=1 sym_fat_gemm=1 sym_fat_gemm_scatter=1 cap=12.1 cap_ok=1 tp_rank=1 tp_size=4 prefill_layer_calls=1806 thin_calls=229 row_tile_calls=0 fallback_calls=kernel=1576,batched=0,sorted=0,legacy=0 fallback_reasons=kernel_ok=1576,thin_only=229 fat_expert_runs=81091 direct_calls=81091 scatter_calls=81091 fat_layers=1577 fat_expert_slots=81159 max_rows=4096 fused_temps_allocs=1 fused_temps_bytes=14155776 fat_scratch_allocs=1 fat_scratch_bytes=182454272 fat_scratch_peak_bytes=182454272
(Worker_TP1 pid=1239) INFO 09-02 23:46:55 [exl3.py:451] exl3 fat-expert P0: layers=1848 fat_layers=1619 (87.6%) fat_expert_slots=84567 max_rows=4096 avg_max_rows=1442.8 hist_le128=229 hist_gt128=1619 hist=[2, 44, 127, 56, 39, 146, 330, 684, 420]
(Worker_TP1 pid=1239) INFO 09-02 23:46:55 [exl3.py:464] exl3 e2 diag schema=1 configured_tier=kernel effective_tier=kernel tier_reason=kernel_ok shared_suh=1 shared_suh_layers=42/42 sym_exl3_moe=1 sym_fat_gemm=1 sym_fat_gemm_scatter=1 cap=12.1 cap_ok=1 tp_rank=1 tp_size=4 prefill_layer_calls=1848 thin_calls=229 row_tile_calls=0 fallback_calls=kernel=1618,batched=0,sorted=0,legacy=0 fallback_reasons=kernel_ok=1618,thin_only=229 fat_expert_runs=84483 direct_calls=84483 scatter_calls=84483 fat_layers=1619 fat_expert_slots=84567 max_rows=4096 fused_temps_allocs=1 fused_temps_bytes=14155776 fat_scratch_allocs=1 fat_scratch_bytes=182454272 fat_scratch_peak_bytes=182454272
(Worker_TP1 pid=1239) INFO 09-02 23:46:58 [exl3.py:451] exl3 fat-expert P0: layers=1890 fat_layers=1661 (87.9%) fat_expert_slots=87987 max_rows=4096 avg_max_rows=1438.1 hist_le128=229 hist_gt128=1661 hist=[2, 44, 127, 56, 39, 146, 347, 706, 423]
(Worker_TP1 pid=1239) INFO 09-02 23:46:58 [exl3.py:464] exl3 e2 diag schema=1 configured_tier=kernel effective_tier=kernel tier_reason=kernel_ok shared_suh=1 shared_suh_layers=42/42 sym_exl3_moe=1 sym_fat_gemm=1 sym_fat_gemm_scatter=1 cap=12.1 cap_ok=1 tp_rank=1 tp_size=4 prefill_layer_calls=1890 thin_calls=229 row_tile_calls=0 fallback_calls=kernel=1660,batched=0,sorted=0,legacy=0 fallback_reasons=kernel_ok=1660,thin_only=229 fat_expert_runs=87887 direct_calls=87887 scatter_calls=87887 fat_layers=1661 fat_expert_slots=87987 max_rows=4096 fused_temps_allocs=1 fused_temps_bytes=14155776 fat_scratch_allocs=1 fat_scratch_bytes=182454272 fat_scratch_peak_bytes=182454272
(Worker_TP1 pid=1239) INFO 09-02 23:47:02 [exl3.py:451] exl3 fat-expert P0: layers=1932 fat_layers=1703 (88.1%) fat_expert_slots=91604 max_rows=4096 avg_max_rows=1426.6 hist_le128=229 hist_gt128=1703 hist=[2, 44, 127, 56, 39, 150, 371, 720, 423]
(Worker_TP1 pid=1239) INFO 09-02 23:47:02 [exl3.py:464] exl3 e2 diag schema=1 configured_tier=kernel effective_tier=kernel tier_reason=kernel_ok shared_suh=1 shared_suh_layers=42/42 sym_exl3_moe=1 sym_fat_gemm=1 sym_fat_gemm_scatter=1 cap=12.1 cap_ok=1 tp_rank=1 tp_size=4 prefill_layer_calls=1932 thin_calls=229 row_tile_calls=0 fallback_calls=kernel=1702,batched=0,sorted=0,legacy=0 fallback_reasons=kernel_ok=1702,thin_only=229 fat_expert_runs=91510 direct_calls=91510 scatter_calls=91510 fat_layers=1703 fat_expert_slots=91604 max_rows=4096 fused_temps_allocs=1 fused_temps_bytes=14155776 fat_scratch_allocs=1 fat_scratch_bytes=182454272 fat_scratch_peak_bytes=182454272
(Worker_TP1 pid=1239) INFO 09-02 23:47:03 [exl3.py:451] exl3 fat-expert P0: layers=1974 fat_layers=1743 (88.3%) fat_expert_slots=91862 max_rows=4096 avg_max_rows=1402.3 hist_le128=231 hist_gt128=1743 hist=[2, 44, 127, 58, 54, 175, 371, 720, 423]
(Worker_TP1 pid=1239) INFO 09-02 23:47:03 [exl3.py:464] exl3 e2 diag schema=1 configured_tier=kernel effective_tier=kernel tier_reason=kernel_ok shared_suh=1 shared_suh_layers=42/42 sym_exl3_moe=1 sym_fat_gemm=1 sym_fat_gemm_scatter=1 cap=12.1 cap_ok=1 tp_rank=1 tp_size=4 prefill_layer_calls=1974 thin_calls=231 row_tile_calls=0 fallback_calls=kernel=1742,batched=0,sorted=0,legacy=0 fallback_reasons=kernel_ok=1742,thin_only=231 fat_expert_runs=91860 direct_calls=91860 scatter_calls=91860 fat_layers=1743 fat_expert_slots=91862 max_rows=4096 fused_temps_allocs=1 fused_temps_bytes=14155776 fat_scratch_allocs=1 fat_scratch_bytes=182454272 fat_scratch_peak_bytes=182454272
(Worker_TP1 pid=1239) INFO 09-02 23:47:20 [exl3.py:451] exl3 fat-expert P0: layers=2016 fat_layers=1785 (88.5%) fat_expert_slots=94900 max_rows=4096 avg_max_rows=1390.1 hist_le128=231 hist_gt128=1785 hist=[2, 44, 127, 58, 54, 180, 397, 731, 423]
(Worker_TP1 pid=1239) INFO 09-02 23:47:20 [exl3.py:464] exl3 e2 diag schema=1 configured_tier=kernel effective_tier=kernel tier_reason=kernel_ok shared_suh=1 shared_suh_layers=42/42 sym_exl3_moe=1 sym_fat_gemm=1 sym_fat_gemm_scatter=1 cap=12.1 cap_ok=1 tp_rank=1 tp_size=4 prefill_layer_calls=2016 thin_calls=231 row_tile_calls=0 fallback_calls=kernel=1784,batched=0,sorted=0,legacy=0 fallback_reasons=kernel_ok=1784,thin_only=231 fat_expert_runs=94824 direct_calls=94824 scatter_calls=94824 fat_layers=1785 fat_expert_slots=94900 max_rows=4096 fused_temps_allocs=1 fused_temps_bytes=14155776 fat_scratch_allocs=1 fat_scratch_bytes=182454272 fat_scratch_peak_bytes=182454272
(Worker_TP1 pid=1239) INFO 09-02 23:47:21 [exl3.py:451] exl3 fat-expert P0: layers=2058 fat_layers=1827 (88.8%) fat_expert_slots=95441 max_rows=4096 avg_max_rows=1369.8 hist_le128=231 hist_gt128=1827 hist=[2, 44, 127, 58, 62, 206, 405, 731, 423]
(Worker_TP1 pid=1239) INFO 09-02 23:47:21 [exl3.py:464] exl3 e2 diag schema=1 configured_tier=kernel effective_tier=kernel tier_reason=kernel_ok shared_suh=1 shared_suh_layers=42/42 sym_exl3_moe=1 sym_fat_gemm=1 sym_fat_gemm_scatter=1 cap=12.1 cap_ok=1 tp_rank=1 tp_size=4 prefill_layer_calls=2058 thin_calls=231 row_tile_calls=0 fallback_calls=kernel=1826,batched=0,sorted=0,legacy=0 fallback_reasons=kernel_ok=1826,thin_only=231 fat_expert_runs=95428 direct_calls=95428 scatter_calls=95428 fat_layers=1827 fat_expert_slots=95441 max_rows=4096 fused_temps_allocs=1 fused_temps_bytes=14155776 fat_scratch_allocs=1 fat_scratch_bytes=182454272 fat_scratch_peak_bytes=182454272
(Worker_TP1 pid=1239) INFO 09-02 23:47:21 [exl3.py:451] exl3 fat-expert P0: layers=2100 fat_layers=1827 (87.0%) fat_expert_slots=95441 max_rows=4096 avg_max_rows=1343.3 hist_le128=273 hist_gt128=1827 hist=[2, 57, 149, 65, 62, 206, 405, 731, 423]
(Worker_TP1 pid=1239) INFO 09-02 23:47:21 [exl3.py:464] exl3 e2 diag schema=1 configured_tier=kernel effective_tier=kernel tier_reason=kernel_ok shared_suh=1 shared_suh_layers=42/42 sym_exl3_moe=1 sym_fat_gemm=1 sym_fat_gemm_scatter=1 cap=12.1 cap_ok=1 tp_rank=1 tp_size=4 prefill_layer_calls=2100 thin_calls=272 row_tile_calls=0 fallback_calls=kernel=1827,batched=0,sorted=0,legacy=0 fallback_reasons=kernel_ok=1827,thin_only=272 fat_expert_runs=95441 direct_calls=95441 scatter_calls=95441 fat_layers=1827 fat_expert_slots=95441 max_rows=4096 fused_temps_allocs=1 fused_temps_bytes=14155776 fat_scratch_allocs=1 fat_scratch_bytes=182454272 fat_scratch_peak_bytes=182454272
(Worker_TP1 pid=1239) INFO 09-02 23:47:37 [exl3.py:451] exl3 fat-expert P0: layers=2142 fat_layers=1869 (87.3%) fat_expert_slots=98576 max_rows=4096 avg_max_rows=1341.4 hist_le128=273 hist_gt128=1869 hist=[2, 57, 149, 65, 62, 209, 413, 761, 424]
(Worker_TP1 pid=1239) INFO 09-02 23:47:37 [exl3.py:464] exl3 e2 diag schema=1 configured_tier=kernel effective_tier=kernel tier_reason=kernel_ok shared_suh=1 shared_suh_layers=42/42 sym_exl3_moe=1 sym_fat_gemm=1 sym_fat_gemm_scatter=1 cap=12.1 cap_ok=1 tp_rank=1 tp_size=4 prefill_layer_calls=2142 thin_calls=273 row_tile_calls=0 fallback_calls=kernel=1868,batched=0,sorted=0,legacy=0 fallback_reasons=kernel_ok=1868,thin_only=273 fat_expert_runs=98505 direct_calls=98505 scatter_calls=98505 fat_layers=1869 fat_expert_slots=98576 max_rows=4096 fused_temps_allocs=1 fused_temps_bytes=14155776 fat_scratch_allocs=1 fat_scratch_bytes=182454272 fat_scratch_peak_bytes=182454272
(Worker_TP1 pid=1239) INFO 09-02 23:47:40 [exl3.py:451] exl3 fat-expert P0: layers=2184 fat_layers=1911 (87.5%) fat_expert_slots=101180 max_rows=4096 avg_max_rows=1350.8 hist_le128=273 hist_gt128=1911 hist=[2, 57, 149, 65, 62, 211, 415, 790, 433]
(Worker_TP1 pid=1239) INFO 09-02 23:47:40 [exl3.py:464] exl3 e2 diag schema=1 configured_tier=kernel effective_tier=kernel tier_reason=kernel_ok shared_suh=1 shared_suh_layers=42/42 sym_exl3_moe=1 sym_fat_gemm=1 sym_fat_gemm_scatter=1 cap=12.1 cap_ok=1 tp_rank=1 tp_size=4 prefill_layer_calls=2184 thin_calls=273 row_tile_calls=0 fallback_calls=kernel=1910,batched=0,sorted=0,legacy=0 fallback_reasons=kernel_ok=1910,thin_only=273 fat_expert_runs=101114 direct_calls=101114 scatter_calls=101114 fat_layers=1911 fat_expert_slots=101180 max_rows=4096 fused_temps_allocs=1 fused_temps_bytes=14155776 fat_scratch_allocs=1 fat_scratch_bytes=182454272 fat_scratch_peak_bytes=182454272
(Worker_TP1 pid=1239) INFO 09-02 23:47:43 [exl3.py:451] exl3 fat-expert P0: layers=2226 fat_layers=1953 (87.7%) fat_expert_slots=104605 max_rows=4096 avg_max_rows=1344.4 hist_le128=273 hist_gt128=1953 hist=[2, 57, 149, 65, 62, 215, 432, 811, 433]
(Worker_TP1 pid=1239) INFO 09-02 23:47:43 [exl3.py:464] exl3 e2 diag schema=1 configured_tier=kernel effective_tier=kernel tier_reason=kernel_ok shared_suh=1 shared_suh_layers=42/42 sym_exl3_moe=1 sym_fat_gemm=1 sym_fat_gemm_scatter=1 cap=12.1 cap_ok=1 tp_rank=1 tp_size=4 prefill_layer_calls=2226 thin_calls=273 row_tile_calls=0 fallback_calls=kernel=1952,batched=0,sorted=0,legacy=0 fallback_reasons=kernel_ok=1952,thin_only=273 fat_expert_runs=104519 direct_calls=104519 scatter_calls=104519 fat_layers=1953 fat_expert_slots=104605 max_rows=4096 fused_temps_allocs=1 fused_temps_bytes=14155776 fat_scratch_allocs=1 fat_scratch_bytes=182454272 fat_scratch_peak_bytes=182454272
(Worker_TP1 pid=1239) INFO 09-02 23:47:46 [exl3.py:451] exl3 fat-expert P0: layers=2268 fat_layers=1995 (88.0%) fat_expert_slots=107923 max_rows=4096 avg_max_rows=1344.2 hist_le128=273 hist_gt128=1995 hist=[2, 57, 149, 65, 62, 217, 444, 833, 439]
(Worker_TP1 pid=1239) INFO 09-02 23:47:46 [exl3.py:464] exl3 e2 diag schema=1 configured_tier=kernel effective_tier=kernel tier_reason=kernel_ok shared_suh=1 shared_suh_layers=42/42 sym_exl3_moe=1 sym_fat_gemm=1 sym_fat_gemm_scatter=1 cap=12.1 cap_ok=1 tp_rank=1 tp_size=4 prefill_layer_calls=2268 thin_calls=273 row_tile_calls=0 fallback_calls=kernel=1994,batched=0,sorted=0,legacy=0 fallback_reasons=kernel_ok=1994,thin_only=273 fat_expert_runs=107823 direct_calls=107823 scatter_calls=107823 fat_layers=1995 fat_expert_slots=107923 max_rows=4096 fused_temps_allocs=1 fused_temps_bytes=14155776 fat_scratch_allocs=1 fat_scratch_bytes=182454272 fat_scratch_peak_bytes=182454272
(Worker_TP1 pid=1239) INFO 09-02 23:47:48 [exl3.py:451] exl3 fat-expert P0: layers=2310 fat_layers=2037 (88.2%) fat_expert_slots=109405 max_rows=4096 avg_max_rows=1332.5 hist_le128=273 hist_gt128=2037 hist=[2, 57, 149, 65, 64, 225, 471, 838, 439]
(Worker_TP1 pid=1239) INFO 09-02 23:47:48 [exl3.py:464] exl3 e2 diag schema=1 configured_tier=kernel effective_tier=kernel tier_reason=kernel_ok shared_suh=1 shared_suh_layers=42/42 sym_exl3_moe=1 sym_fat_gemm=1 sym_fat_gemm_scatter=1 cap=12.1 cap_ok=1 tp_rank=1 tp_size=4 prefill_layer_calls=2310 thin_calls=273 row_tile_calls=0 fallback_calls=kernel=2036,batched=0,sorted=0,legacy=0 fallback_reasons=kernel_ok=2036,thin_only=273 fat_expert_runs=109363 direct_calls=109363 scatter_calls=109363 fat_layers=2037 fat_expert_slots=109405 max_rows=4096 fused_temps_allocs=1 fused_temps_bytes=14155776 fat_scratch_allocs=1 fat_scratch_bytes=182454272 fat_scratch_peak_bytes=182454272
(Worker_TP1 pid=1239) INFO 09-02 23:48:07 [exl3.py:451] exl3 fat-expert P0: layers=2352 fat_layers=2079 (88.4%) fat_expert_slots=110271 max_rows=4096 avg_max_rows=1317.9 hist_le128=273 hist_gt128=2079 hist=[2, 57, 149, 65, 68, 242, 492, 838, 439]
(Worker_TP1 pid=1239) INFO 09-02 23:48:07 [exl3.py:464] exl3 e2 diag schema=1 configured_tier=kernel effective_tier=kernel tier_reason=kernel_ok shared_suh=1 shared_suh_layers=42/42 sym_exl3_moe=1 sym_fat_gemm=1 sym_fat_gemm_scatter=1 cap=12.1 cap_ok=1 tp_rank=1 tp_size=4 prefill_layer_calls=2352 thin_calls=273 row_tile_calls=0 fallback_calls=kernel=2078,batched=0,sorted=0,legacy=0 fallback_reasons=kernel_ok=2078,thin_only=273 fat_expert_runs=110246 direct_calls=110246 scatter_calls=110246 fat_layers=2079 fat_expert_slots=110271 max_rows=4096 fused_temps_allocs=1 fused_temps_bytes=14155776 fat_scratch_allocs=1 fat_scratch_bytes=182454272 fat_scratch_peak_bytes=182454272
(Worker_TP1 pid=1239) INFO 09-02 23:48:08 [exl3.py:451] exl3 fat-expert P0: layers=2394 fat_layers=2113 (88.3%) fat_expert_slots=110367 max_rows=4096 avg_max_rows=1298.1 hist_le128=281 hist_gt128=2113 hist=[2, 57, 150, 72, 95, 249, 492, 838, 439]
(Worker_TP1 pid=1239) INFO 09-02 23:48:08 [exl3.py:464] exl3 e2 diag schema=1 configured_tier=kernel effective_tier=kernel tier_reason=kernel_ok shared_suh=1 shared_suh_layers=42/42 sym_exl3_moe=1 sym_fat_gemm=1 sym_fat_gemm_scatter=1 cap=12.1 cap_ok=1 tp_rank=1 tp_size=4 prefill_layer_calls=2394 thin_calls=281 row_tile_calls=0 fallback_calls=kernel=2112,batched=0,sorted=0,legacy=0 fallback_reasons=kernel_ok=2112,thin_only=281 fat_expert_runs=110366 direct_calls=110366 scatter_calls=110366 fat_layers=2113 fat_expert_slots=110367 max_rows=4096 fused_temps_allocs=1 fused_temps_bytes=14155776 fat_scratch_allocs=1 fat_scratch_bytes=182454272 fat_scratch_peak_bytes=182454272
(Worker_TP1 pid=1239) INFO 09-02 23:48:24 [exl3.py:451] exl3 fat-expert P0: layers=2436 fat_layers=2155 (88.5%) fat_expert_slots=113375 max_rows=4096 avg_max_rows=1298.1 hist_le128=281 hist_gt128=2155 hist=[2, 57, 150, 72, 95, 253, 493, 874, 440]
(Worker_TP1 pid=1239) INFO 09-02 23:48:24 [exl3.py:464] exl3 e2 diag schema=1 configured_tier=kernel effective_tier=kernel tier_reason=kernel_ok shared_suh=1 shared_suh_layers=42/42 sym_exl3_moe=1 sym_fat_gemm=1 sym_fat_gemm_scatter=1 cap=12.1 cap_ok=1 tp_rank=1 tp_size=4 prefill_layer_calls=2436 thin_calls=281 row_tile_calls=0 fallback_calls=kernel=2154,batched=0,sorted=0,legacy=0 fallback_reasons=kernel_ok=2154,thin_only=281 fat_expert_runs=113308 direct_calls=113308 scatter_calls=113308 fat_layers=2155 fat_expert_slots=113375 max_rows=4096 fused_temps_allocs=1 fused_temps_bytes=14155776 fat_scratch_allocs=1 fat_scratch_bytes=182454272 fat_scratch_peak_bytes=182454272
(Worker_TP1 pid=1239) INFO 09-02 23:48:27 [exl3.py:451] exl3 fat-expert P0: layers=2478 fat_layers=2197 (88.7%) fat_expert_slots=116369 max_rows=4096 avg_max_rows=1297.2 hist_le128=281 hist_gt128=2197 hist=[2, 57, 150, 72, 95, 256, 494, 912, 440]
(Worker_TP1 pid=1239) INFO 09-02 23:48:27 [exl3.py:464] exl3 e2 diag schema=1 configured_tier=kernel effective_tier=kernel tier_reason=kernel_ok shared_suh=1 shared_suh_layers=42/42 sym_exl3_moe=1 sym_fat_gemm=1 sym_fat_gemm_scatter=1 cap=12.1 cap_ok=1 tp_rank=1 tp_size=4 prefill_layer_calls=2478 thin_calls=281 row_tile_calls=0 fallback_calls=kernel=2196,batched=0,sorted=0,legacy=0 fallback_reasons=kernel_ok=2196,thin_only=281 fat_expert_runs=116299 direct_calls=116299 scatter_calls=116299 fat_layers=2197 fat_expert_slots=116369 max_rows=4096 fused_temps_allocs=1 fused_temps_bytes=14155776 fat_scratch_allocs=1 fat_scratch_bytes=182454272 fat_scratch_peak_bytes=182454272
(Worker_TP1 pid=1239) INFO 09-02 23:48:31 [exl3.py:451] exl3 fat-expert P0: layers=2520 fat_layers=2239 (88.8%) fat_expert_slots=119826 max_rows=4096 avg_max_rows=1294.9 hist_le128=281 hist_gt128=2239 hist=[2, 57, 150, 72, 95, 259, 506, 939, 440]
(Worker_TP1 pid=1239) INFO 09-02 23:48:31 [exl3.py:464] exl3 e2 diag schema=1 configured_tier=kernel effective_tier=kernel tier_reason=kernel_ok shared_suh=1 shared_suh_layers=42/42 sym_exl3_moe=1 sym_fat_gemm=1 sym_fat_gemm_scatter=1 cap=12.1 cap_ok=1 tp_rank=1 tp_size=4 prefill_layer_calls=2520 thin_calls=281 row_tile_calls=0 fallback_calls=kernel=2238,batched=0,sorted=0,legacy=0 fallback_reasons=kernel_ok=2238,thin_only=281 fat_expert_runs=119726 direct_calls=119726 scatter_calls=119726 fat_layers=2239 fat_expert_slots=119826 max_rows=4096 fused_temps_allocs=1 fused_temps_bytes=14155776 fat_scratch_allocs=1 fat_scratch_bytes=182454272 fat_scratch_peak_bytes=182454272
(Worker_TP1 pid=1239) INFO 09-02 23:48:33 [exl3.py:451] exl3 fat-expert P0: layers=2562 fat_layers=2281 (89.0%) fat_expert_slots=122251 max_rows=4096 avg_max_rows=1288.0 hist_le128=281 hist_gt128=2281 hist=[2, 57, 150, 72, 95, 265, 526, 955, 440]
(Worker_TP1 pid=1239) INFO 09-02 23:48:33 [exl3.py:464] exl3 e2 diag schema=1 configured_tier=kernel effective_tier=kernel tier_reason=kernel_ok shared_suh=1 shared_suh_layers=42/42 sym_exl3_moe=1 sym_fat_gemm=1 sym_fat_gemm_scatter=1 cap=12.1 cap_ok=1 tp_rank=1 tp_size=4 prefill_layer_calls=2562 thin_calls=281 row_tile_calls=0 fallback_calls=kernel=2280,batched=0,sorted=0,legacy=0 fallback_reasons=kernel_ok=2280,thin_only=281 fat_expert_runs=122186 direct_calls=122186 scatter_calls=122186 fat_layers=2281 fat_expert_slots=122251 max_rows=4096 fused_temps_allocs=1 fused_temps_bytes=14155776 fat_scratch_allocs=1 fat_scratch_bytes=182454272 fat_scratch_peak_bytes=182454272
(Worker_TP1 pid=1239) INFO 09-02 23:48:51 [exl3.py:451] exl3 fat-expert P0: layers=2604 fat_layers=2323 (89.2%) fat_expert_slots=125252 max_rows=4096 avg_max_rows=1288.3 hist_le128=281 hist_gt128=2323 hist=[2, 57, 150, 72, 95, 269, 528, 990, 441]
(Worker_TP1 pid=1239) INFO 09-02 23:48:51 [exl3.py:464] exl3 e2 diag schema=1 configured_tier=kernel effective_tier=kernel tier_reason=kernel_ok shared_suh=1 shared_suh_layers=42/42 sym_exl3_moe=1 sym_fat_gemm=1 sym_fat_gemm_scatter=1 cap=12.1 cap_ok=1 tp_rank=1 tp_size=4 prefill_layer_calls=2604 thin_calls=281 row_tile_calls=0 fallback_calls=kernel=2322,batched=0,sorted=0,legacy=0 fallback_reasons=kernel_ok=2322,thin_only=281 fat_expert_runs=125183 direct_calls=125183 scatter_calls=125183 fat_layers=2323 fat_expert_slots=125252 max_rows=4096 fused_temps_allocs=1 fused_temps_bytes=14155776 fat_scratch_allocs=1 fat_scratch_bytes=182454272 fat_scratch_peak_bytes=182454272
(Worker_TP1 pid=1239) INFO 09-02 23:48:54 [exl3.py:451] exl3 fat-expert P0: layers=2646 fat_layers=2365 (89.4%) fat_expert_slots=127805 max_rows=4096 avg_max_rows=1297.1 hist_le128=281 hist_gt128=2365 hist=[2, 57, 150, 72, 95, 271, 530, 1013, 456]
(Worker_TP1 pid=1239) INFO 09-02 23:48:54 [exl3.py:464] exl3 e2 diag schema=1 configured_tier=kernel effective_tier=kernel tier_reason=kernel_ok shared_suh=1 shared_suh_layers=42/42 sym_exl3_moe=1 sym_fat_gemm=1 sym_fat_gemm_scatter=1 cap=12.1 cap_ok=1 tp_rank=1 tp_size=4 prefill_layer_calls=2646 thin_calls=281 row_tile_calls=0 fallback_calls=kernel=2364,batched=0,sorted=0,legacy=0 fallback_reasons=kernel_ok=2364,thin_only=281 fat_expert_runs=127743 direct_calls=127743 scatter_calls=127743 fat_layers=2365 fat_expert_slots=127805 max_rows=4096 fused_temps_allocs=1 fused_temps_bytes=14155776 fat_scratch_allocs=1 fat_scratch_bytes=182454272 fat_scratch_peak_bytes=182454272
(Worker_TP1 pid=1239) INFO 09-02 23:48:57 [exl3.py:451] exl3 fat-expert P0: layers=2688 fat_layers=2407 (89.5%) fat_expert_slots=131217 max_rows=4096 avg_max_rows=1295.1 hist_le128=281 hist_gt128=2407 hist=[2, 57, 150, 72, 95, 275, 541, 1040, 456]
(Worker_TP1 pid=1239) INFO 09-02 23:48:57 [exl3.py:464] exl3 e2 diag schema=1 configured_tier=kernel effective_tier=kernel tier_reason=kernel_ok shared_suh=1 shared_suh_layers=42/42 sym_exl3_moe=1 sym_fat_gemm=1 sym_fat_gemm_scatter=1 cap=12.1 cap_ok=1 tp_rank=1 tp_size=4 prefill_layer_calls=2688 thin_calls=281 row_tile_calls=0 fallback_calls=kernel=2406,batched=0,sorted=0,legacy=0 fallback_reasons=kernel_ok=2406,thin_only=281 fat_expert_runs=131128 direct_calls=131128 scatter_calls=131128 fat_layers=2407 fat_expert_slots=131217 max_rows=4096 fused_temps_allocs=1 fused_temps_bytes=14155776 fat_scratch_allocs=1 fat_scratch_bytes=182454272 fat_scratch_peak_bytes=182454272
(Worker_TP1 pid=1239) INFO 09-02 23:49:00 [exl3.py:451] exl3 fat-expert P0: layers=2730 fat_layers=2449 (89.7%) fat_expert_slots=134493 max_rows=4096 avg_max_rows=1294.1 hist_le128=281 hist_gt128=2449 hist=[2, 57, 150, 72, 95, 278, 552, 1063, 461]
(Worker_TP1 pid=1239) INFO 09-02 23:49:00 [exl3.py:464] exl3 e2 diag schema=1 configured_tier=kernel effective_tier=kernel tier_reason=kernel_ok shared_suh=1 shared_suh_layers=42/42 sym_exl3_moe=1 sym_fat_gemm=1 sym_fat_gemm_scatter=1 cap=12.1 cap_ok=1 tp_rank=1 tp_size=4 prefill_layer_calls=2730 thin_calls=281 row_tile_calls=0 fallback_calls=kernel=2448,batched=0,sorted=0,legacy=0 fallback_reasons=kernel_ok=2448,thin_only=281 fat_expert_runs=134402 direct_calls=134402 scatter_calls=134402 fat_layers=2449 fat_expert_slots=134493 max_rows=4096 fused_temps_allocs=1 fused_temps_bytes=14155776 fat_scratch_allocs=1 fat_scratch_bytes=182454272 fat_scratch_peak_bytes=182454272
(Worker_TP1 pid=1239) INFO 09-02 23:49:01 [exl3.py:451] exl3 fat-expert P0: layers=2772 fat_layers=2488 (89.8%) fat_expert_slots=134710 max_rows=4096 avg_max_rows=1278.9 hist_le128=284 hist_gt128=2488 hist=[2, 57, 150, 75, 109, 302, 553, 1063, 461]
(Worker_TP1 pid=1239) INFO 09-02 23:49:01 [exl3.py:464] exl3 e2 diag schema=1 configured_tier=kernel effective_tier=kernel tier_reason=kernel_ok shared_suh=1 shared_suh_layers=42/42 sym_exl3_moe=1 sym_fat_gemm=1 sym_fat_gemm_scatter=1 cap=12.1 cap_ok=1 tp_rank=1 tp_size=4 prefill_layer_calls=2772 thin_calls=284 row_tile_calls=0 fallback_calls=kernel=2487,batched=0,sorted=0,legacy=0 fallback_reasons=kernel_ok=2487,thin_only=284 fat_expert_runs=134708 direct_calls=134708 scatter_calls=134708 fat_layers=2488 fat_expert_slots=134710 max_rows=4096 fused_temps_allocs=1 fused_temps_bytes=14155776 fat_scratch_allocs=1 fat_scratch_bytes=182454272 fat_scratch_peak_bytes=182454272
(Worker_TP1 pid=1239) INFO 09-02 23:51:57 [exl3.py:451] exl3 fat-expert P0: layers=2814 fat_layers=2509 (89.2%) fat_expert_slots=134743 max_rows=4096 avg_max_rows=1262.0 hist_le128=305 hist_gt128=2509 hist=[2, 57, 153, 93, 128, 304, 553, 1063, 461]
(Worker_TP1 pid=1239) INFO 09-02 23:51:57 [exl3.py:464] exl3 e2 diag schema=1 configured_tier=kernel effective_tier=kernel tier_reason=kernel_ok shared_suh=1 shared_suh_layers=42/42 sym_exl3_moe=1 sym_fat_gemm=1 sym_fat_gemm_scatter=1 cap=12.1 cap_ok=1 tp_rank=1 tp_size=4 prefill_layer_calls=2814 thin_calls=305 row_tile_calls=0 fallback_calls=kernel=2508,batched=0,sorted=0,legacy=0 fallback_reasons=kernel_ok=2508,thin_only=305 fat_expert_runs=134742 direct_calls=134742 scatter_calls=134742 fat_layers=2509 fat_expert_slots=134743 max_rows=4096 fused_temps_allocs=1 fused_temps_bytes=14155776 fat_scratch_allocs=1 fat_scratch_bytes=182454272 fat_scratch_peak_bytes=182454272
(Worker_TP1 pid=1239) INFO 09-02 23:52:12 [exl3.py:451] exl3 fat-expert P0: layers=2856 fat_layers=2551 (89.3%) fat_expert_slots=136669 max_rows=4096 avg_max_rows=1285.8 hist_le128=305 hist_gt128=2551 hist=[2, 57, 153, 93, 128, 304, 557, 1066, 496]
(Worker_TP1 pid=1239) INFO 09-02 23:52:12 [exl3.py:464] exl3 e2 diag schema=1 configured_tier=kernel effective_tier=kernel tier_reason=kernel_ok shared_suh=1 shared_suh_layers=42/42 sym_exl3_moe=1 sym_fat_gemm=1 sym_fat_gemm_scatter=1 cap=12.1 cap_ok=1 tp_rank=1 tp_size=4 prefill_layer_calls=2856 thin_calls=305 row_tile_calls=0 fallback_calls=kernel=2550,batched=0,sorted=0,legacy=0 fallback_reasons=kernel_ok=2550,thin_only=305 fat_expert_runs=136639 direct_calls=136639 scatter_calls=136639 fat_layers=2551 fat_expert_slots=136669 max_rows=4096 fused_temps_allocs=1 fused_temps_bytes=14155776 fat_scratch_allocs=1 fat_scratch_bytes=182454272 fat_scratch_peak_bytes=182454272
(Worker_TP1 pid=1239) INFO 09-02 23:52:15 [exl3.py:451] exl3 fat-expert P0: layers=2898 fat_layers=2593 (89.5%) fat_expert_slots=138550 max_rows=4096 avg_max_rows=1310.5 hist_le128=305 hist_gt128=2593 hist=[2, 57, 153, 93, 128, 304, 561, 1071, 529]
(Worker_TP1 pid=1239) INFO 09-02 23:52:15 [exl3.py:464] exl3 e2 diag schema=1 configured_tier=kernel effective_tier=kernel tier_reason=kernel_ok shared_suh=1 shared_suh_layers=42/42 sym_exl3_moe=1 sym_fat_gemm=1 sym_fat_gemm_scatter=1 cap=12.1 cap_ok=1 tp_rank=1 tp_size=4 prefill_layer_calls=2898 thin_calls=305 row_tile_calls=0 fallback_calls=kernel=2592,batched=0,sorted=0,legacy=0 fallback_reasons=kernel_ok=2592,thin_only=305 fat_expert_runs=138520 direct_calls=138520 scatter_calls=138520 fat_layers=2593 fat_expert_slots=138550 max_rows=4096 fused_temps_allocs=1 fused_temps_bytes=14155776 fat_scratch_allocs=1 fat_scratch_bytes=182454272 fat_scratch_peak_bytes=182454272
(Worker_TP1 pid=1239) INFO 09-02 23:52:17 [exl3.py:451] exl3 fat-expert P0: layers=2940 fat_layers=2635 (89.6%) fat_expert_slots=140453 max_rows=4096 avg_max_rows=1334.2 hist_le128=305 hist_gt128=2635 hist=[2, 57, 153, 93, 128, 304, 565, 1075, 563]
(Worker_TP1 pid=1239) INFO 09-02 23:52:17 [exl3.py:464] exl3 e2 diag schema=1 configured_tier=kernel effective_tier=kernel tier_reason=kernel_ok shared_suh=1 shared_suh_layers=42/42 sym_exl3_moe=1 sym_fat_gemm=1 sym_fat_gemm_scatter=1 cap=12.1 cap_ok=1 tp_rank=1 tp_size=4 prefill_layer_calls=2940 thin_calls=305 row_tile_calls=0 fallback_calls=kernel=2634,batched=0,sorted=0,legacy=0 fallback_reasons=kernel_ok=2634,thin_only=305 fat_expert_runs=140425 direct_calls=140425 scatter_calls=140425 fat_layers=2635 fat_expert_slots=140453 max_rows=4096 fused_temps_allocs=1 fused_temps_bytes=14155776 fat_scratch_allocs=1 fat_scratch_bytes=182454272 fat_scratch_peak_bytes=182454272
(Worker_TP1 pid=1239) INFO 09-02 23:52:20 [exl3.py:451] exl3 fat-expert P0: layers=2982 fat_layers=2677 (89.8%) fat_expert_slots=142385 max_rows=4096 avg_max_rows=1357.2 hist_le128=305 hist_gt128=2677 hist=[2, 57, 153, 93, 128, 304, 568, 1079, 598]
(Worker_TP1 pid=1239) INFO 09-02 23:52:20 [exl3.py:464] exl3 e2 diag schema=1 configured_tier=kernel effective_tier=kernel tier_reason=kernel_ok shared_suh=1 shared_suh_layers=42/42 sym_exl3_moe=1 sym_fat_gemm=1 sym_fat_gemm_scatter=1 cap=12.1 cap_ok=1 tp_rank=1 tp_size=4 prefill_layer_calls=2982 thin_calls=305 row_tile_calls=0 fallback_calls=kernel=2676,batched=0,sorted=0,legacy=0 fallback_reasons=kernel_ok=2676,thin_only=305 fat_expert_runs=142355 direct_calls=142355 scatter_calls=142355 fat_layers=2677 fat_expert_slots=142385 max_rows=4096 fused_temps_allocs=1 fused_temps_bytes=14155776 fat_scratch_allocs=1 fat_scratch_bytes=182454272 fat_scratch_peak_bytes=182454272
(Worker_TP1 pid=1239) INFO 09-02 23:52:23 [exl3.py:451] exl3 fat-expert P0: layers=3024 fat_layers=2719 (89.9%) fat_expert_slots=144310 max_rows=4096 avg_max_rows=1379.4 hist_le128=305 hist_gt128=2719 hist=[2, 57, 153, 93, 128, 304, 571, 1083, 633]
(Worker_TP1 pid=1239) INFO 09-02 23:52:23 [exl3.py:464] exl3 e2 diag schema=1 configured_tier=kernel effective_tier=kernel tier_reason=kernel_ok shared_suh=1 shared_suh_layers=42/42 sym_exl3_moe=1 sym_fat_gemm=1 sym_fat_gemm_scatter=1 cap=12.1 cap_ok=1 tp_rank=1 tp_size=4 prefill_layer_calls=3024 thin_calls=305 row_tile_calls=0 fallback_calls=kernel=2718,batched=0,sorted=0,legacy=0 fallback_reasons=kernel_ok=2718,thin_only=305 fat_expert_runs=144284 direct_calls=144284 scatter_calls=144284 fat_layers=2719 fat_expert_slots=144310 max_rows=4096 fused_temps_allocs=1 fused_temps_bytes=14155776 fat_scratch_allocs=1 fat_scratch_bytes=182454272 fat_scratch_peak_bytes=182454272
(Worker_TP1 pid=1239) INFO 09-02 23:52:26 [exl3.py:451] exl3 fat-expert P0: layers=3066 fat_layers=2761 (90.1%) fat_expert_slots=146215 max_rows=4096 avg_max_rows=1400.9 hist_le128=305 hist_gt128=2761 hist=[2, 57, 153, 93, 128, 304, 574, 1089, 666]
(Worker_TP1 pid=1239) INFO 09-02 23:52:26 [exl3.py:464] exl3 e2 diag schema=1 configured_tier=kernel effective_tier=kernel tier_reason=kernel_ok shared_suh=1 shared_suh_layers=42/42 sym_exl3_moe=1 sym_fat_gemm=1 sym_fat_gemm_scatter=1 cap=12.1 cap_ok=1 tp_rank=1 tp_size=4 prefill_layer_calls=3066 thin_calls=305 row_tile_calls=0 fallback_calls=kernel=2760,batched=0,sorted=0,legacy=0 fallback_reasons=kernel_ok=2760,thin_only=305 fat_expert_runs=146188 direct_calls=146188 scatter_calls=146188 fat_layers=2761 fat_expert_slots=146215 max_rows=4096 fused_temps_allocs=1 fused_temps_bytes=14155776 fat_scratch_allocs=1 fat_scratch_bytes=182454272 fat_scratch_peak_bytes=182454272
(Worker_TP1 pid=1239) INFO 09-02 23:52:28 [exl3.py:451] exl3 fat-expert P0: layers=3108 fat_layers=2803 (90.2%) fat_expert_slots=148141 max_rows=4096 avg_max_rows=1421.8 hist_le128=305 hist_gt128=2803 hist=[2, 57, 153, 93, 128, 304, 578, 1093, 700]
(Worker_TP1 pid=1239) INFO 09-02 23:52:28 [exl3.py:464] exl3 e2 diag schema=1 configured_tier=kernel effective_tier=kernel tier_reason=kernel_ok shared_suh=1 shared_suh_layers=42/42 sym_exl3_moe=1 sym_fat_gemm=1 sym_fat_gemm_scatter=1 cap=12.1 cap_ok=1 tp_rank=1 tp_size=4 prefill_layer_calls=3108 thin_calls=305 row_tile_calls=0 fallback_calls=kernel=2802,batched=0,sorted=0,legacy=0 fallback_reasons=kernel_ok=2802,thin_only=305 fat_expert_runs=148115 direct_calls=148115 scatter_calls=148115 fat_layers=2803 fat_expert_slots=148141 max_rows=4096 fused_temps_allocs=1 fused_temps_bytes=14155776 fat_scratch_allocs=1 fat_scratch_bytes=182454272 fat_scratch_peak_bytes=182454272
(Worker_TP1 pid=1239) INFO 09-02 23:52:31 [exl3.py:451] exl3 fat-expert P0: layers=3150 fat_layers=2845 (90.3%) fat_expert_slots=150028 max_rows=4096 avg_max_rows=1442.7 hist_le128=305 hist_gt128=2845 hist=[2, 57, 153, 93, 128, 304, 582, 1097, 734]
(Worker_TP1 pid=1239) INFO 09-02 23:52:31 [exl3.py:464] exl3 e2 diag schema=1 configured_tier=kernel effective_tier=kernel tier_reason=kernel_ok shared_suh=1 shared_suh_layers=42/42 sym_exl3_moe=1 sym_fat_gemm=1 sym_fat_gemm_scatter=1 cap=12.1 cap_ok=1 tp_rank=1 tp_size=4 prefill_layer_calls=3150 thin_calls=305 row_tile_calls=0 fallback_calls=kernel=2844,batched=0,sorted=0,legacy=0 fallback_reasons=kernel_ok=2844,thin_only=305 fat_expert_runs=150009 direct_calls=150009 scatter_calls=150009 fat_layers=2845 fat_expert_slots=150028 max_rows=4096 fused_temps_allocs=1 fused_temps_bytes=14155776 fat_scratch_allocs=1 fat_scratch_bytes=182454272 fat_scratch_peak_bytes=182454272
(Worker_TP1 pid=1239) INFO 09-02 23:52:34 [exl3.py:451] exl3 fat-expert P0: layers=3192 fat_layers=2887 (90.4%) fat_expert_slots=151952 max_rows=4096 avg_max_rows=1462.5 hist_le128=305 hist_gt128=2887 hist=[2, 57, 153, 93, 128, 304, 585, 1102, 768]
(Worker_TP1 pid=1239) INFO 09-02 23:52:34 [exl3.py:464] exl3 e2 diag schema=1 configured_tier=kernel effective_tier=kernel tier_reason=kernel_ok shared_suh=1 shared_suh_layers=42/42 sym_exl3_moe=1 sym_fat_gemm=1 sym_fat_gemm_scatter=1 cap=12.1 cap_ok=1 tp_rank=1 tp_size=4 prefill_layer_calls=3192 thin_calls=305 row_tile_calls=0 fallback_calls=kernel=2886,batched=0,sorted=0,legacy=0 fallback_reasons=kernel_ok=2886,thin_only=305 fat_expert_runs=151936 direct_calls=151936 scatter_calls=151936 fat_layers=2887 fat_expert_slots=151952 max_rows=4096 fused_temps_allocs=1 fused_temps_bytes=14155776 fat_scratch_allocs=1 fat_scratch_bytes=182454272 fat_scratch_peak_bytes=182454272
(Worker_TP1 pid=1239) INFO 09-02 23:52:37 [exl3.py:451] exl3 fat-expert P0: layers=3234 fat_layers=2929 (90.6%) fat_expert_slots=153908 max_rows=4096 avg_max_rows=1481.7 hist_le128=305 hist_gt128=2929 hist=[2, 57, 153, 93, 128, 304, 588, 1107, 802]
(Worker_TP1 pid=1239) INFO 09-02 23:52:37 [exl3.py:464] exl3 e2 diag schema=1 configured_tier=kernel effective_tier=kernel tier_reason=kernel_ok shared_suh=1 shared_suh_layers=42/42 sym_exl3_moe=1 sym_fat_gemm=1 sym_fat_gemm_scatter=1 cap=12.1 cap_ok=1 tp_rank=1 tp_size=4 prefill_layer_calls=3234 thin_calls=305 row_tile_calls=0 fallback_calls=kernel=2928,batched=0,sorted=0,legacy=0 fallback_reasons=kernel_ok=2928,thin_only=305 fat_expert_runs=153892 direct_calls=153892 scatter_calls=153892 fat_layers=2929 fat_expert_slots=153908 max_rows=4096 fused_temps_allocs=1 fused_temps_bytes=14155776 fat_scratch_allocs=1 fat_scratch_bytes=182454272 fat_scratch_peak_bytes=182454272
(Worker_TP1 pid=1239) INFO 09-02 23:52:40 [exl3.py:451] exl3 fat-expert P0: layers=3276 fat_layers=2971 (90.7%) fat_expert_slots=155861 max_rows=4096 avg_max_rows=1500.4 hist_le128=305 hist_gt128=2971 hist=[2, 57, 153, 93, 128, 304, 592, 1111, 836]
(Worker_TP1 pid=1239) INFO 09-02 23:52:40 [exl3.py:464] exl3 e2 diag schema=1 configured_tier=kernel effective_tier=kernel tier_reason=kernel_ok shared_suh=1 shared_suh_layers=42/42 sym_exl3_moe=1 sym_fat_gemm=1 sym_fat_gemm_scatter=1 cap=12.1 cap_ok=1 tp_rank=1 tp_size=4 prefill_layer_calls=3276 thin_calls=305 row_tile_calls=0 fallback_calls=kernel=2970,batched=0,sorted=0,legacy=0 fallback_reasons=kernel_ok=2970,thin_only=305 fat_expert_runs=155846 direct_calls=155846 scatter_calls=155846 fat_layers=2971 fat_expert_slots=155861 max_rows=4096 fused_temps_allocs=1 fused_temps_bytes=14155776 fat_scratch_allocs=1 fat_scratch_bytes=182454272 fat_scratch_peak_bytes=182454272
(Worker_TP1 pid=1239) INFO 09-02 23:52:43 [exl3.py:451] exl3 fat-expert P0: layers=3318 fat_layers=3013 (90.8%) fat_expert_slots=157838 max_rows=4096 avg_max_rows=1518.1 hist_le128=305 hist_gt128=3013 hist=[2, 57, 153, 93, 128, 304, 596, 1116, 869]
(Worker_TP1 pid=1239) INFO 09-02 23:52:43 [exl3.py:464] exl3 e2 diag schema=1 configured_tier=kernel effective_tier=kernel tier_reason=kernel_ok shared_suh=1 shared_suh_layers=42/42 sym_exl3_moe=1 sym_fat_gemm=1 sym_fat_gemm_scatter=1 cap=12.1 cap_ok=1 tp_rank=1 tp_size=4 prefill_layer_calls=3318 thin_calls=305 row_tile_calls=0 fallback_calls=kernel=3012,batched=0,sorted=0,legacy=0 fallback_reasons=kernel_ok=3012,thin_only=305 fat_expert_runs=157825 direct_calls=157825 scatter_calls=157825 fat_layers=3013 fat_expert_slots=157838 max_rows=4096 fused_temps_allocs=1 fused_temps_bytes=14155776 fat_scratch_allocs=1 fat_scratch_bytes=182454272 fat_scratch_peak_bytes=182454272
(Worker_TP1 pid=1239) INFO 09-02 23:52:46 [exl3.py:451] exl3 fat-expert P0: layers=3360 fat_layers=3055 (90.9%) fat_expert_slots=159798 max_rows=4096 avg_max_rows=1535.6 hist_le128=305 hist_gt128=3055 hist=[2, 57, 153, 93, 128, 304, 600, 1120, 903]
(Worker_TP1 pid=1239) INFO 09-02 23:52:46 [exl3.py:464] exl3 e2 diag schema=1 configured_tier=kernel effective_tier=kernel tier_reason=kernel_ok shared_suh=1 shared_suh_layers=42/42 sym_exl3_moe=1 sym_fat_gemm=1 sym_fat_gemm_scatter=1 cap=12.1 cap_ok=1 tp_rank=1 tp_size=4 prefill_layer_calls=3360 thin_calls=305 row_tile_calls=0 fallback_calls=kernel=3054,batched=0,sorted=0,legacy=0 fallback_reasons=kernel_ok=3054,thin_only=305 fat_expert_runs=159785 direct_calls=159785 scatter_calls=159785 fat_layers=3055 fat_expert_slots=159798 max_rows=4096 fused_temps_allocs=1 fused_temps_bytes=14155776 fat_scratch_allocs=1 fat_scratch_bytes=182454272 fat_scratch_peak_bytes=182454272
(Worker_TP1 pid=1239) INFO 09-02 23:52:49 [exl3.py:451] exl3 fat-expert P0: layers=3402 fat_layers=3097 (91.0%) fat_expert_slots=161762 max_rows=4096 avg_max_rows=1553.0 hist_le128=305 hist_gt128=3097 hist=[2, 57, 153, 93, 128, 304, 604, 1124, 937]
(Worker_TP1 pid=1239) INFO 09-02 23:52:49 [exl3.py:464] exl3 e2 diag schema=1 configured_tier=kernel effective_tier=kernel tier_reason=kernel_ok shared_suh=1 shared_suh_layers=42/42 sym_exl3_moe=1 sym_fat_gemm=1 sym_fat_gemm_scatter=1 cap=12.1 cap_ok=1 tp_rank=1 tp_size=4 prefill_layer_calls=3402 thin_calls=305 row_tile_calls=0 fallback_calls=kernel=3096,batched=0,sorted=0,legacy=0 fallback_reasons=kernel_ok=3096,thin_only=305 fat_expert_runs=161748 direct_calls=161748 scatter_calls=161748 fat_layers=3097 fat_expert_slots=161762 max_rows=4096 fused_temps_allocs=1 fused_temps_bytes=14155776 fat_scratch_allocs=1 fat_scratch_bytes=182454272 fat_scratch_peak_bytes=182454272
(Worker_TP1 pid=1239) INFO 09-02 23:52:52 [exl3.py:451] exl3 fat-expert P0: layers=3444 fat_layers=3139 (91.1%) fat_expert_slots=163740 max_rows=4096 avg_max_rows=1569.8 hist_le128=305 hist_gt128=3139 hist=[2, 57, 153, 93, 128, 304, 607, 1129, 971]
(Worker_TP1 pid=1239) INFO 09-02 23:52:52 [exl3.py:464] exl3 e2 diag schema=1 configured_tier=kernel effective_tier=kernel tier_reason=kernel_ok shared_suh=1 shared_suh_layers=42/42 sym_exl3_moe=1 sym_fat_gemm=1 sym_fat_gemm_scatter=1 cap=12.1 cap_ok=1 tp_rank=1 tp_size=4 prefill_layer_calls=3444 thin_calls=305 row_tile_calls=0 fallback_calls=kernel=3138,batched=0,sorted=0,legacy=0 fallback_reasons=kernel_ok=3138,thin_only=305 fat_expert_runs=163726 direct_calls=163726 scatter_calls=163726 fat_layers=3139 fat_expert_slots=163740 max_rows=4096 fused_temps_allocs=1 fused_temps_bytes=14155776 fat_scratch_allocs=1 fat_scratch_bytes=182454272 fat_scratch_peak_bytes=182454272
(Worker_TP1 pid=1239) INFO 09-02 23:52:54 [exl3.py:451] exl3 fat-expert P0: layers=3486 fat_layers=3181 (91.3%) fat_expert_slots=165613 max_rows=4096 avg_max_rows=1583.7 hist_le128=305 hist_gt128=3181 hist=[2, 57, 153, 93, 128, 304, 612, 1134, 1003]
(Worker_TP1 pid=1239) INFO 09-02 23:52:54 [exl3.py:464] exl3 e2 diag schema=1 configured_tier=kernel effective_tier=kernel tier_reason=kernel_ok shared_suh=1 shared_suh_layers=42/42 sym_exl3_moe=1 sym_fat_gemm=1 sym_fat_gemm_scatter=1 cap=12.1 cap_ok=1 tp_rank=1 tp_size=4 prefill_layer_calls=3486 thin_calls=305 row_tile_calls=0 fallback_calls=kernel=3180,batched=0,sorted=0,legacy=0 fallback_reasons=kernel_ok=3180,thin_only=305 fat_expert_runs=165600 direct_calls=165600 scatter_calls=165600 fat_layers=3181 fat_expert_slots=165613 max_rows=4096 fused_temps_allocs=1 fused_temps_bytes=14155776 fat_scratch_allocs=1 fat_scratch_bytes=182454272 fat_scratch_peak_bytes=182454272
(Worker_TP1 pid=1239) INFO 09-02 23:52:56 [exl3.py:451] exl3 fat-expert P0: layers=3528 fat_layers=3223 (91.4%) fat_expert_slots=166587 max_rows=4096 avg_max_rows=1580.2 hist_le128=305 hist_gt128=3223 hist=[2, 57, 153, 93, 128, 309, 618, 1165, 1003]
(Worker_TP1 pid=1239) INFO 09-02 23:52:56 [exl3.py:464] exl3 e2 diag schema=1 configured_tier=kernel effective_tier=kernel tier_reason=kernel_ok shared_suh=1 shared_suh_layers=42/42 sym_exl3_moe=1 sym_fat_gemm=1 sym_fat_gemm_scatter=1 cap=12.1 cap_ok=1 tp_rank=1 tp_size=4 prefill_layer_calls=3528 thin_calls=305 row_tile_calls=0 fallback_calls=kernel=3222,batched=0,sorted=0,legacy=0 fallback_reasons=kernel_ok=3222,thin_only=305 fat_expert_runs=166576 direct_calls=166576 scatter_calls=166576 fat_layers=3223 fat_expert_slots=166587 max_rows=4096 fused_temps_allocs=1 fused_temps_bytes=14155776 fat_scratch_allocs=1 fat_scratch_bytes=182454272 fat_scratch_peak_bytes=182454272
(Worker_TP1 pid=1239) INFO 09-02 23:52:58 [exl3.py:451] exl3 fat-expert P0: layers=3570 fat_layers=3265 (91.5%) fat_expert_slots=167447 max_rows=4096 avg_max_rows=1575.2 hist_le128=305 hist_gt128=3265 hist=[2, 57, 153, 93, 128, 315, 622, 1197, 1003]
(Worker_TP1 pid=1239) INFO 09-02 23:52:58 [exl3.py:464] exl3 e2 diag schema=1 configured_tier=kernel effective_tier=kernel tier_reason=kernel_ok shared_suh=1 shared_suh_layers=42/42 sym_exl3_moe=1 sym_fat_gemm=1 sym_fat_gemm_scatter=1 cap=12.1 cap_ok=1 tp_rank=1 tp_size=4 prefill_layer_calls=3570 thin_calls=305 row_tile_calls=0 fallback_calls=kernel=3264,batched=0,sorted=0,legacy=0 fallback_reasons=kernel_ok=3264,thin_only=305 fat_expert_runs=167437 direct_calls=167437 scatter_calls=167437 fat_layers=3265 fat_expert_slots=167447 max_rows=4096 fused_temps_allocs=1 fused_temps_bytes=14155776 fat_scratch_allocs=1 fat_scratch_bytes=182454272 fat_scratch_peak_bytes=182454272
(Worker_TP1 pid=1239) INFO 09-02 23:53:08 [exl3.py:451] exl3 fat-expert P0: layers=3612 fat_layers=3269 (90.5%) fat_expert_slots=167451 max_rows=4096 avg_max_rows=1557.8 hist_le128=343 hist_gt128=3269 hist=[2, 58, 172, 111, 132, 315, 622, 1197, 1003]
(Worker_TP1 pid=1239) INFO 09-02 23:53:08 [exl3.py:464] exl3 e2 diag schema=1 configured_tier=kernel effective_tier=kernel tier_reason=kernel_ok shared_suh=1 shared_suh_layers=42/42 sym_exl3_moe=1 sym_fat_gemm=1 sym_fat_gemm_scatter=1 cap=12.1 cap_ok=1 tp_rank=1 tp_size=4 prefill_layer_calls=3612 thin_calls=342 row_tile_calls=0 fallback_calls=kernel=3269,batched=0,sorted=0,legacy=0 fallback_reasons=kernel_ok=3269,thin_only=342 fat_expert_runs=167451 direct_calls=167451 scatter_calls=167451 fat_layers=3269 fat_expert_slots=167451 max_rows=4096 fused_temps_allocs=1 fused_temps_bytes=14155776 fat_scratch_allocs=1 fat_scratch_bytes=182454272 fat_scratch_peak_bytes=182454272
(Worker_TP1 pid=1239) INFO 09-02 23:53:30 [exl3.py:451] exl3 fat-expert P0: layers=3654 fat_layers=3295 (90.2%) fat_expert_slots=167507 max_rows=4096 avg_max_rows=1542.0 hist_le128=359 hist_gt128=3295 hist=[2, 58, 173, 126, 150, 323, 622, 1197, 1003]
(Worker_TP1 pid=1239) INFO 09-02 23:53:30 [exl3.py:464] exl3 e2 diag schema=1 configured_tier=kernel effective_tier=kernel tier_reason=kernel_ok shared_suh=1 shared_suh_layers=42/42 sym_exl3_moe=1 sym_fat_gemm=1 sym_fat_gemm_scatter=1 cap=12.1 cap_ok=1 tp_rank=1 tp_size=4 prefill_layer_calls=3654 thin_calls=358 row_tile_calls=0 fallback_calls=kernel=3295,batched=0,sorted=0,legacy=0 fallback_reasons=kernel_ok=3295,thin_only=358 fat_expert_runs=167507 direct_calls=167507 scatter_calls=167507 fat_layers=3295 fat_expert_slots=167507 max_rows=4096 fused_temps_allocs=1 fused_temps_bytes=14155776 fat_scratch_allocs=1 fat_scratch_bytes=182454272 fat_scratch_peak_bytes=182454272
(Worker_TP1 pid=1239) INFO 09-02 23:53:30 [exl3.py:451] exl3 fat-expert P0: layers=3696 fat_layers=3326 (90.0%) fat_expert_slots=167569 max_rows=4096 avg_max_rows=1526.5 hist_le128=370 hist_gt128=3326 hist=[2, 58, 173, 137, 176, 328, 622, 1197, 1003]
(Worker_TP1 pid=1239) INFO 09-02 23:53:30 [exl3.py:464] exl3 e2 diag schema=1 configured_tier=kernel effective_tier=kernel tier_reason=kernel_ok shared_suh=1 shared_suh_layers=42/42 sym_exl3_moe=1 sym_fat_gemm=1 sym_fat_gemm_scatter=1 cap=12.1 cap_ok=1 tp_rank=1 tp_size=4 prefill_layer_calls=3696 thin_calls=369 row_tile_calls=0 fallback_calls=kernel=3326,batched=0,sorted=0,legacy=0 fallback_reasons=kernel_ok=3326,thin_only=369 fat_expert_runs=167569 direct_calls=167569 scatter_calls=167569 fat_layers=3326 fat_expert_slots=167569 max_rows=4096 fused_temps_allocs=1 fused_temps_bytes=14155776 fat_scratch_allocs=1 fat_scratch_bytes=182454272 fat_scratch_peak_bytes=182454272
(Worker_TP1 pid=1239) INFO 09-02 23:54:14 [exl3.py:451] exl3 fat-expert P0: layers=3738 fat_layers=3368 (90.1%) fat_expert_slots=169547 max_rows=4096 avg_max_rows=1541.4 hist_le128=370 hist_gt128=3368 hist=[2, 58, 173, 137, 176, 328, 625, 1201, 1038]
(Worker_TP1 pid=1239) INFO 09-02 23:54:14 [exl3.py:464] exl3 e2 diag schema=1 configured_tier=kernel effective_tier=kernel tier_reason=kernel_ok shared_suh=1 shared_suh_layers=42/42 sym_exl3_moe=1 sym_fat_gemm=1 sym_fat_gemm_scatter=1 cap=12.1 cap_ok=1 tp_rank=1 tp_size=4 prefill_layer_calls=3738 thin_calls=370 row_tile_calls=0 fallback_calls=kernel=3367,batched=0,sorted=0,legacy=0 fallback_reasons=kernel_ok=3367,thin_only=370 fat_expert_runs=169517 direct_calls=169517 scatter_calls=169517 fat_layers=3368 fat_expert_slots=169547 max_rows=4096 fused_temps_allocs=1 fused_temps_bytes=14155776 fat_scratch_allocs=1 fat_scratch_bytes=182454272 fat_scratch_peak_bytes=182454272
(Worker_TP1 pid=1239) INFO 09-02 23:54:17 [exl3.py:451] exl3 fat-expert P0: layers=3780 fat_layers=3410 (90.2%) fat_expert_slots=171453 max_rows=4096 avg_max_rows=1557.2 hist_le128=370 hist_gt128=3410 hist=[2, 58, 173, 137, 176, 328, 629, 1205, 1072]
(Worker_TP1 pid=1239) INFO 09-02 23:54:17 [exl3.py:464] exl3 e2 diag schema=1 configured_tier=kernel effective_tier=kernel tier_reason=kernel_ok shared_suh=1 shared_suh_layers=42/42 sym_exl3_moe=1 sym_fat_gemm=1 sym_fat_gemm_scatter=1 cap=12.1 cap_ok=1 tp_rank=1 tp_size=4 prefill_layer_calls=3780 thin_calls=370 row_tile_calls=0 fallback_calls=kernel=3409,batched=0,sorted=0,legacy=0 fallback_reasons=kernel_ok=3409,thin_only=370 fat_expert_runs=171422 direct_calls=171422 scatter_calls=171422 fat_layers=3410 fat_expert_slots=171453 max_rows=4096 fused_temps_allocs=1 fused_temps_bytes=14155776 fat_scratch_allocs=1 fat_scratch_bytes=182454272 fat_scratch_peak_bytes=182454272
(Worker_TP1 pid=1239) INFO 09-02 23:54:19 [exl3.py:451] exl3 fat-expert P0: layers=3822 fat_layers=3452 (90.3%) fat_expert_slots=173336 max_rows=4096 avg_max_rows=1572.9 hist_le128=370 hist_gt128=3452 hist=[2, 58, 173, 137, 176, 328, 632, 1210, 1106]
(Worker_TP1 pid=1239) INFO 09-02 23:54:19 [exl3.py:464] exl3 e2 diag schema=1 configured_tier=kernel effective_tier=kernel tier_reason=kernel_ok shared_suh=1 shared_suh_layers=42/42 sym_exl3_moe=1 sym_fat_gemm=1 sym_fat_gemm_scatter=1 cap=12.1 cap_ok=1 tp_rank=1 tp_size=4 prefill_layer_calls=3822 thin_calls=370 row_tile_calls=0 fallback_calls=kernel=3451,batched=0,sorted=0,legacy=0 fallback_reasons=kernel_ok=3451,thin_only=370 fat_expert_runs=173309 direct_calls=173309 scatter_calls=173309 fat_layers=3452 fat_expert_slots=173336 max_rows=4096 fused_temps_allocs=1 fused_temps_bytes=14155776 fat_scratch_allocs=1 fat_scratch_bytes=182454272 fat_scratch_peak_bytes=182454272
(Worker_TP1 pid=1239) INFO 09-02 23:54:22 [exl3.py:451] exl3 fat-expert P0: layers=3864 fat_layers=3494 (90.4%) fat_expert_slots=175239 max_rows=4096 avg_max_rows=1588.0 hist_le128=370 hist_gt128=3494 hist=[2, 58, 173, 137, 176, 328, 635, 1215, 1140]
(Worker_TP1 pid=1239) INFO 09-02 23:54:22 [exl3.py:464] exl3 e2 diag schema=1 configured_tier=kernel effective_tier=kernel tier_reason=kernel_ok shared_suh=1 shared_suh_layers=42/42 sym_exl3_moe=1 sym_fat_gemm=1 sym_fat_gemm_scatter=1 cap=12.1 cap_ok=1 tp_rank=1 tp_size=4 prefill_layer_calls=3864 thin_calls=370 row_tile_calls=0 fallback_calls=kernel=3493,batched=0,sorted=0,legacy=0 fallback_reasons=kernel_ok=3493,thin_only=370 fat_expert_runs=175208 direct_calls=175208 scatter_calls=175208 fat_layers=3494 fat_expert_slots=175239 max_rows=4096 fused_temps_allocs=1 fused_temps_bytes=14155776 fat_scratch_allocs=1 fat_scratch_bytes=182454272 fat_scratch_peak_bytes=182454272
(Worker_TP1 pid=1239) INFO 09-02 23:54:25 [exl3.py:451] exl3 fat-expert P0: layers=3906 fat_layers=3536 (90.5%) fat_expert_slots=177135 max_rows=4096 avg_max_rows=1602.9 hist_le128=370 hist_gt128=3536 hist=[2, 58, 173, 137, 176, 328, 638, 1220, 1174]
(Worker_TP1 pid=1239) INFO 09-02 23:54:25 [exl3.py:464] exl3 e2 diag schema=1 configured_tier=kernel effective_tier=kernel tier_reason=kernel_ok shared_suh=1 shared_suh_layers=42/42 sym_exl3_moe=1 sym_fat_gemm=1 sym_fat_gemm_scatter=1 cap=12.1 cap_ok=1 tp_rank=1 tp_size=4 prefill_layer_calls=3906 thin_calls=370 row_tile_calls=0 fallback_calls=kernel=3535,batched=0,sorted=0,legacy=0 fallback_reasons=kernel_ok=3535,thin_only=370 fat_expert_runs=177109 direct_calls=177109 scatter_calls=177109 fat_layers=3536 fat_expert_slots=177135 max_rows=4096 fused_temps_allocs=1 fused_temps_bytes=14155776 fat_scratch_allocs=1 fat_scratch_bytes=182454272 fat_scratch_peak_bytes=182454272
(Worker_TP1 pid=1239) INFO 09-02 23:54:28 [exl3.py:451] exl3 fat-expert P0: layers=3948 fat_layers=3578 (90.6%) fat_expert_slots=179023 max_rows=4096 avg_max_rows=1617.3 hist_le128=370 hist_gt128=3578 hist=[2, 58, 173, 137, 176, 328, 641, 1227, 1206]
(Worker_TP1 pid=1239) INFO 09-02 23:54:28 [exl3.py:464] exl3 e2 diag schema=1 configured_tier=kernel effective_tier=kernel tier_reason=kernel_ok shared_suh=1 shared_suh_layers=42/42 sym_exl3_moe=1 sym_fat_gemm=1 sym_fat_gemm_scatter=1 cap=12.1 cap_ok=1 tp_rank=1 tp_size=4 prefill_layer_calls=3948 thin_calls=370 row_tile_calls=0 fallback_calls=kernel=3577,batched=0,sorted=0,legacy=0 fallback_reasons=kernel_ok=3577,thin_only=370 fat_expert_runs=178997 direct_calls=178997 scatter_calls=178997 fat_layers=3578 fat_expert_slots=179023 max_rows=4096 fused_temps_allocs=1 fused_temps_bytes=14155776 fat_scratch_allocs=1 fat_scratch_bytes=182454272 fat_scratch_peak_bytes=182454272
(Worker_TP1 pid=1239) INFO 09-02 23:54:31 [exl3.py:451] exl3 fat-expert P0: layers=3990 fat_layers=3620 (90.7%) fat_expert_slots=180940 max_rows=4096 avg_max_rows=1631.3 hist_le128=370 hist_gt128=3620 hist=[2, 58, 173, 137, 176, 328, 644, 1233, 1239]
(Worker_TP1 pid=1239) INFO 09-02 23:54:31 [exl3.py:464] exl3 e2 diag schema=1 configured_tier=kernel effective_tier=kernel tier_reason=kernel_ok shared_suh=1 shared_suh_layers=42/42 sym_exl3_moe=1 sym_fat_gemm=1 sym_fat_gemm_scatter=1 cap=12.1 cap_ok=1 tp_rank=1 tp_size=4 prefill_layer_calls=3990 thin_calls=370 row_tile_calls=0 fallback_calls=kernel=3619,batched=0,sorted=0,legacy=0 fallback_reasons=kernel_ok=3619,thin_only=370 fat_expert_runs=180920 direct_calls=180920 scatter_calls=180920 fat_layers=3620 fat_expert_slots=180940 max_rows=4096 fused_temps_allocs=1 fused_temps_bytes=14155776 fat_scratch_allocs=1 fat_scratch_bytes=182454272 fat_scratch_peak_bytes=182454272
(Worker_TP1 pid=1239) INFO 09-02 23:54:34 [exl3.py:451] exl3 fat-expert P0: layers=4032 fat_layers=3662 (90.8%) fat_expert_slots=182863 max_rows=4096 avg_max_rows=1644.8 hist_le128=370 hist_gt128=3662 hist=[2, 58, 173, 137, 176, 328, 647, 1239, 1272]
(Worker_TP1 pid=1239) INFO 09-02 23:54:34 [exl3.py:464] exl3 e2 diag schema=1 configured_tier=kernel effective_tier=kernel tier_reason=kernel_ok shared_suh=1 shared_suh_layers=42/42 sym_exl3_moe=1 sym_fat_gemm=1 sym_fat_gemm_scatter=1 cap=12.1 cap_ok=1 tp_rank=1 tp_size=4 prefill_layer_calls=4032 thin_calls=370 row_tile_calls=0 fallback_calls=kernel=3661,batched=0,sorted=0,legacy=0 fallback_reasons=kernel_ok=3661,thin_only=370 fat_expert_runs=182845 direct_calls=182845 scatter_calls=182845 fat_layers=3662 fat_expert_slots=182863 max_rows=4096 fused_temps_allocs=1 fused_temps_bytes=14155776 fat_scratch_allocs=1 fat_scratch_bytes=182454272 fat_scratch_peak_bytes=182454272
(Worker_TP1 pid=1239) INFO 09-02 23:54:37 [exl3.py:451] exl3 fat-expert P0: layers=4074 fat_layers=3704 (90.9%) fat_expert_slots=184798 max_rows=4096 avg_max_rows=1657.9 hist_le128=370 hist_gt128=3704 hist=[2, 58, 173, 137, 176, 328, 650, 1244, 1306]
(Worker_TP1 pid=1239) INFO 09-02 23:54:37 [exl3.py:464] exl3 e2 diag schema=1 configured_tier=kernel effective_tier=kernel tier_reason=kernel_ok shared_suh=1 shared_suh_layers=42/42 sym_exl3_moe=1 sym_fat_gemm=1 sym_fat_gemm_scatter=1 cap=12.1 cap_ok=1 tp_rank=1 tp_size=4 prefill_layer_calls=4074 thin_calls=370 row_tile_calls=0 fallback_calls=kernel=3703,batched=0,sorted=0,legacy=0 fallback_reasons=kernel_ok=3703,thin_only=370 fat_expert_runs=184781 direct_calls=184781 scatter_calls=184781 fat_layers=3704 fat_expert_slots=184798 max_rows=4096 fused_temps_allocs=1 fused_temps_bytes=14155776 fat_scratch_allocs=1 fat_scratch_bytes=182454272 fat_scratch_peak_bytes=182454272
(Worker_TP1 pid=1239) INFO 09-02 23:54:39 [exl3.py:451] exl3 fat-expert P0: layers=4116 fat_layers=3746 (91.0%) fat_expert_slots=186731 max_rows=4096 avg_max_rows=1670.6 hist_le128=370 hist_gt128=3746 hist=[2, 58, 173, 137, 176, 328, 653, 1249, 1340]
(Worker_TP1 pid=1239) INFO 09-02 23:54:39 [exl3.py:464] exl3 e2 diag schema=1 configured_tier=kernel effective_tier=kernel tier_reason=kernel_ok shared_suh=1 shared_suh_layers=42/42 sym_exl3_moe=1 sym_fat_gemm=1 sym_fat_gemm_scatter=1 cap=12.1 cap_ok=1 tp_rank=1 tp_size=4 prefill_layer_calls=4116 thin_calls=370 row_tile_calls=0 fallback_calls=kernel=3745,batched=0,sorted=0,legacy=0 fallback_reasons=kernel_ok=3745,thin_only=370 fat_expert_runs=186714 direct_calls=186714 scatter_calls=186714 fat_layers=3746 fat_expert_slots=186731 max_rows=4096 fused_temps_allocs=1 fused_temps_bytes=14155776 fat_scratch_allocs=1 fat_scratch_bytes=182454272 fat_scratch_peak_bytes=182454272
(Worker_TP1 pid=1239) INFO 09-02 23:54:42 [exl3.py:451] exl3 fat-expert P0: layers=4158 fat_layers=3788 (91.1%) fat_expert_slots=188660 max_rows=4096 avg_max_rows=1683.3 hist_le128=370 hist_gt128=3788 hist=[2, 58, 173, 137, 176, 328, 657, 1253, 1374]
(Worker_TP1 pid=1239) INFO 09-02 23:54:42 [exl3.py:464] exl3 e2 diag schema=1 configured_tier=kernel effective_tier=kernel tier_reason=kernel_ok shared_suh=1 shared_suh_layers=42/42 sym_exl3_moe=1 sym_fat_gemm=1 sym_fat_gemm_scatter=1 cap=12.1 cap_ok=1 tp_rank=1 tp_size=4 prefill_layer_calls=4158 thin_calls=370 row_tile_calls=0 fallback_calls=kernel=3787,batched=0,sorted=0,legacy=0 fallback_reasons=kernel_ok=3787,thin_only=370 fat_expert_runs=188642 direct_calls=188642 scatter_calls=188642 fat_layers=3788 fat_expert_slots=188660 max_rows=4096 fused_temps_allocs=1 fused_temps_bytes=14155776 fat_scratch_allocs=1 fat_scratch_bytes=182454272 fat_scratch_peak_bytes=182454272
(Worker_TP1 pid=1239) INFO 09-02 23:54:45 [exl3.py:451] exl3 fat-expert P0: layers=4200 fat_layers=3830 (91.2%) fat_expert_slots=190566 max_rows=4096 avg_max_rows=1695.9 hist_le128=370 hist_gt128=3830 hist=[2, 58, 173, 137, 176, 328, 661, 1257, 1408]
(Worker_TP1 pid=1239) INFO 09-02 23:54:45 [exl3.py:464] exl3 e2 diag schema=1 configured_tier=kernel effective_tier=kernel tier_reason=kernel_ok shared_suh=1 shared_suh_layers=42/42 sym_exl3_moe=1 sym_fat_gemm=1 sym_fat_gemm_scatter=1 cap=12.1 cap_ok=1 tp_rank=1 tp_size=4 prefill_layer_calls=4200 thin_calls=370 row_tile_calls=0 fallback_calls=kernel=3829,batched=0,sorted=0,legacy=0 fallback_reasons=kernel_ok=3829,thin_only=370 fat_expert_runs=190551 direct_calls=190551 scatter_calls=190551 fat_layers=3830 fat_expert_slots=190566 max_rows=4096 fused_temps_allocs=1 fused_temps_bytes=14155776 fat_scratch_allocs=1 fat_scratch_bytes=182454272 fat_scratch_peak_bytes=182454272
(Worker_TP1 pid=1239) INFO 09-02 23:54:48 [exl3.py:451] exl3 fat-expert P0: layers=4242 fat_layers=3872 (91.3%) fat_expert_slots=192506 max_rows=4096 avg_max_rows=1708.2 hist_le128=370 hist_gt128=3872 hist=[2, 58, 173, 137, 176, 328, 664, 1263, 1441]
(Worker_TP1 pid=1239) INFO 09-02 23:54:48 [exl3.py:464] exl3 e2 diag schema=1 configured_tier=kernel effective_tier=kernel tier_reason=kernel_ok shared_suh=1 shared_suh_layers=42/42 sym_exl3_moe=1 sym_fat_gemm=1 sym_fat_gemm_scatter=1 cap=12.1 cap_ok=1 tp_rank=1 tp_size=4 prefill_layer_calls=4242 thin_calls=370 row_tile_calls=0 fallback_calls=kernel=3871,batched=0,sorted=0,legacy=0 fallback_reasons=kernel_ok=3871,thin_only=370 fat_expert_runs=192492 direct_calls=192492 scatter_calls=192492 fat_layers=3872 fat_expert_slots=192506 max_rows=4096 fused_temps_allocs=1 fused_temps_bytes=14155776 fat_scratch_allocs=1 fat_scratch_bytes=182454272 fat_scratch_peak_bytes=182454272
(Worker_TP1 pid=1239) INFO 09-02 23:54:51 [exl3.py:451] exl3 fat-expert P0: layers=4284 fat_layers=3914 (91.4%) fat_expert_slots=194419 max_rows=4096 avg_max_rows=1720.2 hist_le128=370 hist_gt128=3914 hist=[2, 58, 173, 137, 176, 328, 668, 1268, 1474]
(Worker_TP1 pid=1239) INFO 09-02 23:54:51 [exl3.py:464] exl3 e2 diag schema=1 configured_tier=kernel effective_tier=kernel tier_reason=kernel_ok shared_suh=1 shared_suh_layers=42/42 sym_exl3_moe=1 sym_fat_gemm=1 sym_fat_gemm_scatter=1 cap=12.1 cap_ok=1 tp_rank=1 tp_size=4 prefill_layer_calls=4284 thin_calls=370 row_tile_calls=0 fallback_calls=kernel=3913,batched=0,sorted=0,legacy=0 fallback_reasons=kernel_ok=3913,thin_only=370 fat_expert_runs=194406 direct_calls=194406 scatter_calls=194406 fat_layers=3914 fat_expert_slots=194419 max_rows=4096 fused_temps_allocs=1 fused_temps_bytes=14155776 fat_scratch_allocs=1 fat_scratch_bytes=182454272 fat_scratch_peak_bytes=182454272
(Worker_TP1 pid=1239) INFO 09-02 23:54:53 [exl3.py:451] exl3 fat-expert P0: layers=4326 fat_layers=3956 (91.4%) fat_expert_slots=196370 max_rows=4096 avg_max_rows=1731.9 hist_le128=370 hist_gt128=3956 hist=[2, 58, 173, 137, 176, 328, 672, 1273, 1507]
(Worker_TP1 pid=1239) INFO 09-02 23:54:53 [exl3.py:464] exl3 e2 diag schema=1 configured_tier=kernel effective_tier=kernel tier_reason=kernel_ok shared_suh=1 shared_suh_layers=42/42 sym_exl3_moe=1 sym_fat_gemm=1 sym_fat_gemm_scatter=1 cap=12.1 cap_ok=1 tp_rank=1 tp_size=4 prefill_layer_calls=4326 thin_calls=370 row_tile_calls=0 fallback_calls=kernel=3955,batched=0,sorted=0,legacy=0 fallback_reasons=kernel_ok=3955,thin_only=370 fat_expert_runs=196356 direct_calls=196356 scatter_calls=196356 fat_layers=3956 fat_expert_slots=196370 max_rows=4096 fused_temps_allocs=1 fused_temps_bytes=14155776 fat_scratch_allocs=1 fat_scratch_bytes=182454272 fat_scratch_peak_bytes=182454272
(Worker_TP1 pid=1239) INFO 09-02 23:54:56 [exl3.py:451] exl3 fat-expert P0: layers=4368 fat_layers=3998 (91.5%) fat_expert_slots=198342 max_rows=4096 avg_max_rows=1743.2 hist_le128=370 hist_gt128=3998 hist=[2, 58, 173, 137, 176, 328, 676, 1279, 1539]
(Worker_TP1 pid=1239) INFO 09-02 23:54:56 [exl3.py:464] exl3 e2 diag schema=1 configured_tier=kernel effective_tier=kernel tier_reason=kernel_ok shared_suh=1 shared_suh_layers=42/42 sym_exl3_moe=1 sym_fat_gemm=1 sym_fat_gemm_scatter=1 cap=12.1 cap_ok=1 tp_rank=1 tp_size=4 prefill_layer_calls=4368 thin_calls=370 row_tile_calls=0 fallback_calls=kernel=3997,batched=0,sorted=0,legacy=0 fallback_reasons=kernel_ok=3997,thin_only=370 fat_expert_runs=198329 direct_calls=198329 scatter_calls=198329 fat_layers=3998 fat_expert_slots=198342 max_rows=4096 fused_temps_allocs=1 fused_temps_bytes=14155776 fat_scratch_allocs=1 fat_scratch_bytes=182454272 fat_scratch_peak_bytes=182454272
(Worker_TP1 pid=1239) INFO 09-02 23:55:00 [exl3.py:451] exl3 fat-expert P0: layers=4410 fat_layers=4040 (91.6%) fat_expert_slots=200292 max_rows=4096 avg_max_rows=1754.0 hist_le128=370 hist_gt128=4040 hist=[2, 58, 173, 137, 176, 328, 679, 1286, 1571]
(Worker_TP1 pid=1239) INFO 09-02 23:55:00 [exl3.py:464] exl3 e2 diag schema=1 configured_tier=kernel effective_tier=kernel tier_reason=kernel_ok shared_suh=1 shared_suh_layers=42/42 sym_exl3_moe=1 sym_fat_gemm=1 sym_fat_gemm_scatter=1 cap=12.1 cap_ok=1 tp_rank=1 tp_size=4 prefill_layer_calls=4410 thin_calls=370 row_tile_calls=0 fallback_calls=kernel=4039,batched=0,sorted=0,legacy=0 fallback_reasons=kernel_ok=4039,thin_only=370 fat_expert_runs=200279 direct_calls=200279 scatter_calls=200279 fat_layers=4040 fat_expert_slots=200292 max_rows=4096 fused_temps_allocs=1 fused_temps_bytes=14155776 fat_scratch_allocs=1 fat_scratch_bytes=182454272 fat_scratch_peak_bytes=182454272
(Worker_TP1 pid=1239) INFO 09-02 23:55:02 [exl3.py:451] exl3 fat-expert P0: layers=4452 fat_layers=4082 (91.7%) fat_expert_slots=202280 max_rows=4096 avg_max_rows=1764.7 hist_le128=370 hist_gt128=4082 hist=[2, 58, 173, 137, 176, 328, 683, 1291, 1604]
(Worker_TP1 pid=1239) INFO 09-02 23:55:02 [exl3.py:464] exl3 e2 diag schema=1 configured_tier=kernel effective_tier=kernel tier_reason=kernel_ok shared_suh=1 shared_suh_layers=42/42 sym_exl3_moe=1 sym_fat_gemm=1 sym_fat_gemm_scatter=1 cap=12.1 cap_ok=1 tp_rank=1 tp_size=4 prefill_layer_calls=4452 thin_calls=370 row_tile_calls=0 fallback_calls=kernel=4081,batched=0,sorted=0,legacy=0 fallback_reasons=kernel_ok=4081,thin_only=370 fat_expert_runs=202268 direct_calls=202268 scatter_calls=202268 fat_layers=4082 fat_expert_slots=202280 max_rows=4096 fused_temps_allocs=1 fused_temps_bytes=14155776 fat_scratch_allocs=1 fat_scratch_bytes=182454272 fat_scratch_peak_bytes=182454272
(Worker_TP1 pid=1239) INFO 09-02 23:55:06 [exl3.py:451] exl3 fat-expert P0: layers=4494 fat_layers=4124 (91.8%) fat_expert_slots=204283 max_rows=4096 avg_max_rows=1775.1 hist_le128=370 hist_gt128=4124 hist=[2, 58, 173, 137, 176, 328, 686, 1298, 1636]
(Worker_TP1 pid=1239) INFO 09-02 23:55:06 [exl3.py:464] exl3 e2 diag schema=1 configured_tier=kernel effective_tier=kernel tier_reason=kernel_ok shared_suh=1 shared_suh_layers=42/42 sym_exl3_moe=1 sym_fat_gemm=1 sym_fat_gemm_scatter=1 cap=12.1 cap_ok=1 tp_rank=1 tp_size=4 prefill_layer_calls=4494 thin_calls=370 row_tile_calls=0 fallback_calls=kernel=4123,batched=0,sorted=0,legacy=0 fallback_reasons=kernel_ok=4123,thin_only=370 fat_expert_runs=204271 direct_calls=204271 scatter_calls=204271 fat_layers=4124 fat_expert_slots=204283 max_rows=4096 fused_temps_allocs=1 fused_temps_bytes=14155776 fat_scratch_allocs=1 fat_scratch_bytes=182454272 fat_scratch_peak_bytes=182454272
(Worker_TP1 pid=1239) INFO 09-02 23:55:10 [exl3.py:451] exl3 fat-expert P0: layers=4536 fat_layers=4166 (91.8%) fat_expert_slots=206284 max_rows=4096 avg_max_rows=1785.1 hist_le128=370 hist_gt128=4166 hist=[2, 58, 173, 137, 176, 328, 689, 1305, 1668]
(Worker_TP1 pid=1239) INFO 09-02 23:55:10 [exl3.py:464] exl3 e2 diag schema=1 configured_tier=kernel effective_tier=kernel tier_reason=kernel_ok shared_suh=1 shared_suh_layers=42/42 sym_exl3_moe=1 sym_fat_gemm=1 sym_fat_gemm_scatter=1 cap=12.1 cap_ok=1 tp_rank=1 tp_size=4 prefill_layer_calls=4536 thin_calls=370 row_tile_calls=0 fallback_calls=kernel=4165,batched=0,sorted=0,legacy=0 fallback_reasons=kernel_ok=4165,thin_only=370 fat_expert_runs=206272 direct_calls=206272 scatter_calls=206272 fat_layers=4166 fat_expert_slots=206284 max_rows=4096 fused_temps_allocs=1 fused_temps_bytes=14155776 fat_scratch_allocs=1 fat_scratch_bytes=182454272 fat_scratch_peak_bytes=182454272
(Worker_TP1 pid=1239) INFO 09-02 23:55:12 [exl3.py:451] exl3 fat-expert P0: layers=4578 fat_layers=4208 (91.9%) fat_expert_slots=208320 max_rows=4096 avg_max_rows=1794.8 hist_le128=370 hist_gt128=4208 hist=[2, 58, 173, 137, 176, 328, 693, 1310, 1701]
(Worker_TP1 pid=1239) INFO 09-02 23:55:12 [exl3.py:464] exl3 e2 diag schema=1 configured_tier=kernel effective_tier=kernel tier_reason=kernel_ok shared_suh=1 shared_suh_layers=42/42 sym_exl3_moe=1 sym_fat_gemm=1 sym_fat_gemm_scatter=1 cap=12.1 cap_ok=1 tp_rank=1 tp_size=4 prefill_layer_calls=4578 thin_calls=370 row_tile_calls=0 fallback_calls=kernel=4207,batched=0,sorted=0,legacy=0 fallback_reasons=kernel_ok=4207,thin_only=370 fat_expert_runs=208308 direct_calls=208308 scatter_calls=208308 fat_layers=4208 fat_expert_slots=208320 max_rows=4096 fused_temps_allocs=1 fused_temps_bytes=14155776 fat_scratch_allocs=1 fat_scratch_bytes=182454272 fat_scratch_peak_bytes=182454272
(Worker_TP1 pid=1239) INFO 09-02 23:55:15 [exl3.py:451] exl3 fat-expert P0: layers=4620 fat_layers=4250 (92.0%) fat_expert_slots=210317 max_rows=4096 avg_max_rows=1804.2 hist_le128=370 hist_gt128=4250 hist=[2, 58, 173, 137, 176, 328, 696, 1317, 1733]
(Worker_TP1 pid=1239) INFO 09-02 23:55:15 [exl3.py:464] exl3 e2 diag schema=1 configured_tier=kernel effective_tier=kernel tier_reason=kernel_ok shared_suh=1 shared_suh_layers=42/42 sym_exl3_moe=1 sym_fat_gemm=1 sym_fat_gemm_scatter=1 cap=12.1 cap_ok=1 tp_rank=1 tp_size=4 prefill_layer_calls=4620 thin_calls=370 row_tile_calls=0 fallback_calls=kernel=4249,batched=0,sorted=0,legacy=0 fallback_reasons=kernel_ok=4249,thin_only=370 fat_expert_runs=210306 direct_calls=210306 scatter_calls=210306 fat_layers=4250 fat_expert_slots=210317 max_rows=4096 fused_temps_allocs=1 fused_temps_bytes=14155776 fat_scratch_allocs=1 fat_scratch_bytes=182454272 fat_scratch_peak_bytes=182454272
(Worker_TP1 pid=1239) INFO 09-02 23:55:18 [exl3.py:451] exl3 fat-expert P0: layers=4662 fat_layers=4292 (92.1%) fat_expert_slots=212367 max_rows=4096 avg_max_rows=1813.3 hist_le128=370 hist_gt128=4292 hist=[2, 58, 173, 137, 176, 328, 699, 1324, 1765]
(Worker_TP1 pid=1239) INFO 09-02 23:55:18 [exl3.py:464] exl3 e2 diag schema=1 configured_tier=kernel effective_tier=kernel tier_reason=kernel_ok shared_suh=1 shared_suh_layers=42/42 sym_exl3_moe=1 sym_fat_gemm=1 sym_fat_gemm_scatter=1 cap=12.1 cap_ok=1 tp_rank=1 tp_size=4 prefill_layer_calls=4662 thin_calls=370 row_tile_calls=0 fallback_calls=kernel=4291,batched=0,sorted=0,legacy=0 fallback_reasons=kernel_ok=4291,thin_only=370 fat_expert_runs=212354 direct_calls=212354 scatter_calls=212354 fat_layers=4292 fat_expert_slots=212367 max_rows=4096 fused_temps_allocs=1 fused_temps_bytes=14155776 fat_scratch_allocs=1 fat_scratch_bytes=182454272 fat_scratch_peak_bytes=182454272
(Worker_TP1 pid=1239) INFO 09-02 23:55:21 [exl3.py:451] exl3 fat-expert P0: layers=4704 fat_layers=4334 (92.1%) fat_expert_slots=214397 max_rows=4096 avg_max_rows=1822.4 hist_le128=370 hist_gt128=4334 hist=[2, 58, 173, 137, 176, 328, 703, 1329, 1798]
(Worker_TP1 pid=1239) INFO 09-02 23:55:21 [exl3.py:464] exl3 e2 diag schema=1 configured_tier=kernel effective_tier=kernel tier_reason=kernel_ok shared_suh=1 shared_suh_layers=42/42 sym_exl3_moe=1 sym_fat_gemm=1 sym_fat_gemm_scatter=1 cap=12.1 cap_ok=1 tp_rank=1 tp_size=4 prefill_layer_calls=4704 thin_calls=370 row_tile_calls=0 fallback_calls=kernel=4333,batched=0,sorted=0,legacy=0 fallback_reasons=kernel_ok=4333,thin_only=370 fat_expert_runs=214384 direct_calls=214384 scatter_calls=214384 fat_layers=4334 fat_expert_slots=214397 max_rows=4096 fused_temps_allocs=1 fused_temps_bytes=14155776 fat_scratch_allocs=1 fat_scratch_bytes=182454272 fat_scratch_peak_bytes=182454272
(Worker_TP1 pid=1239) INFO 09-02 23:55:24 [exl3.py:451] exl3 fat-expert P0: layers=4746 fat_layers=4376 (92.2%) fat_expert_slots=216277 max_rows=4096 avg_max_rows=1829.6 hist_le128=370 hist_gt128=4376 hist=[2, 58, 173, 137, 176, 328, 707, 1334, 1831]
(Worker_TP1 pid=1239) INFO 09-02 23:55:24 [exl3.py:464] exl3 e2 diag schema=1 configured_tier=kernel effective_tier=kernel tier_reason=kernel_ok shared_suh=1 shared_suh_layers=42/42 sym_exl3_moe=1 sym_fat_gemm=1 sym_fat_gemm_scatter=1 cap=12.1 cap_ok=1 tp_rank=1 tp_size=4 prefill_layer_calls=4746 thin_calls=370 row_tile_calls=0 fallback_calls=kernel=4375,batched=0,sorted=0,legacy=0 fallback_reasons=kernel_ok=4375,thin_only=370 fat_expert_runs=216265 direct_calls=216265 scatter_calls=216265 fat_layers=4376 fat_expert_slots=216277 max_rows=4096 fused_temps_allocs=1 fused_temps_bytes=14155776 fat_scratch_allocs=1 fat_scratch_bytes=182454272 fat_scratch_peak_bytes=182454272
