glm53: video placeholders aligned to encoder grid_t (Glm5Next→glm46v)
glm53: disabled GB10 persistent_topk (use top_k_per_row_decode)
glm53: overlay install ok aligned=True
glm53: video placeholders aligned to encoder grid_t (Glm5Next→glm46v)
[suppress-stops-in-reasoning] skipped: /usr/local/lib/python3.12/dist-packages/vllm/v1/engine/detokenizer.py
glm53: video placeholders aligned to encoder grid_t (Glm5Next→glm46v)
scheduler.py: # [glm53-decode-floor] already present — skipping
glm53: video placeholders aligned to encoder grid_t (Glm5Next→glm46v)
[patch_glm5_drafter_group] /usr/local/lib/python3.12/dist-packages/vllm/v1/core/kv_cache_utils.py: already patched (DFLASH2-DRAFTER-GROUP + padded slot-share); no-op.
glm53: video placeholders aligned to encoder grid_t (Glm5Next→glm46v)
kv_cache_coordinator.py: # [glm53-hybrid-apc] already present — skipping
glm53: video placeholders aligned to encoder grid_t (Glm5Next→glm46v)
backend_xgrammar.py: termination fix already present (#52805)
__init__.py: reasoning fix already present (#53046)
glm53: video placeholders aligned to encoder grid_t (Glm5Next→glm46v)
block_table.py: kpool tail slot-map already present
glm53: video placeholders aligned to encoder grid_t (Glm5Next→glm46v)
installed /usr/local/lib/python3.12/dist-packages/vllm/models/glm5next/nvidia/glm53_ablit.py
model.py: ABLIT-HOOK already present — skipping
mtp.py: ABLIT-HOOK already present — skipping
[tp4-r1] launching: vllm serve /root/.cache/huggingface/hub/models--Mia-AiLab--GLM-5.3-Flash-EXL3-TR3-4bpw/snapshots/25a44fdbf16862a46b7cc9921142c6c81350af2f --served-model-name GLM-5.3-Flash-EXL3 --host 0.0.0.0 --port 8890 --tensor-parallel-size 4 --nnodes 4 --node-rank 1 --master-addr 10.200.0.11 --master-port 29531 --distributed-executor-backend mp --tool-call-parser glm47 --enable-auto-tool-choice --reasoning-parser glm45 --enable-prefix-caching --no-enable-flashinfer-autotune --quantization exl3 --max-model-len 1000000 --gpu-memory-utilization 0.75 --max-num-seqs 8 --max-num-batched-tokens 2048 --kv-cache-dtype fp8 --limit-mm-per-prompt {"image":4,"video":1} --skip-mm-profiling --chat-template /opt/glm53/chat_template.jinja --headless --speculative-config {"method":"dflash","model":"/root/.cache/huggingface/hub/models--incoai--GLM-5.3-Flash-DFlash2/snapshots/dc77ff1c99eeb2df044ee3d4f0094eb033fee410","num_speculative_tokens":3,"kv_cache_dtype":"auto","draft_sample_method":"probabilistic","rejection_sample_method":"standard","draft_tensor_parallel_size":4}
glm53: video placeholders aligned to encoder grid_t (Glm5Next→glm46v)
INFO 09-02 22:57:55 [model.py:679] Resolved architecture: Glm5NextForConditionalGeneration
INFO 09-02 22:57:55 [model.py:1973] Using max model len 1000000
INFO 09-02 22:57:59 [cache.py:282] Using fp8 data type to store kv cache. It reduces the GPU memory footprint and boosts the performance. Meanwhile, it may cause accuracy drop without a proper scaling factor
INFO 09-02 22:57:59 [arg_utils.py:2168] Inferred data_parallel_rank 0 from node_rank 1
INFO 09-02 22:57:59 [model.py:679] Resolved architecture: DFlash2DraftModel
INFO 09-02 22:57:59 [model.py:1973] Using max model len 1048576
INFO 09-02 22:57:59 [speculative.py:1256] Overriding draft model max model len from 1048576 to 1000000
INFO 09-02 22:57:59 [config.py:605] Mamba cache mode is set to 'align' for Glm5NextForConditionalGeneration by default when prefix caching is enabled
INFO 09-02 22:57:59 [vllm.py:1319] Auto-enabling VLLM_USE_BREAKABLE_CUDAGRAPH=1. Set VLLM_USE_BREAKABLE_CUDAGRAPH=0 to opt out.
INFO 09-02 22:57:59 [kernel.py:306] Final IR op priority after setting platform defaults: IrOpPriorityConfig(rms_norm=['vllm_c', 'native'], fused_add_rms_norm=['vllm_c', 'native'])
WARNING 09-02 22:57:59 [vllm.py:1849] max_num_scheduled_tokens is set to 2048 based on the speculative decoding settings. This may lead to suboptimal performance. Consider increasing max_num_batched_tokens to accommodate the additional draft token slots, or decrease num_speculative_tokens.
INFO 09-02 22:57:59 [compilation.py:329] Enabled custom fusions: norm_quant, act_quant
INFO 09-02 22:57:59 [serve.py:216] Launching vLLM (v0.1.dev20051+g487ecf187) headless multiproc executor, with head node address 10.200.0.11:29531 for torch.distributed process group.
glm53: video placeholders aligned to encoder grid_t (Glm5Next→glm46v)
glm53: video placeholders aligned to encoder grid_t (Glm5Next→glm46v)
(Worker pid=1240) INFO 09-02 22:58:06 [parallel_state.py:1638] world_size=4 rank=1 local_rank=0 distributed_init_method=tcp://10.200.0.11:29531 backend=nccl
[W902 22:58:06.838528218 socket.cpp:207] [c10d] The hostname of the client socket cannot be retrieved. err=-3
(Worker pid=1240) WARNING 09-02 22:58:21 [symm_mem.py:67] SymmMemCommunicator: Device capability 12.1 not supported, communicator is not available.
(Worker pid=1240) WARNING 09-02 22:58:21 [custom_all_reduce.py:254] Custom collectives are disabled because this multi-node group does not support MNNVL multicast.
(Worker pid=1240) INFO 09-02 22:58:26 [parallel_state.py:1982] rank 1 in world size 4 is assigned as DP rank 0, PP rank 0, PCP rank 0, TP rank 1, EP rank 1, EPLB rank N/A
(Worker pid=1240) INFO 09-02 22:58:26 [gpu_worker.py:386] Using V2 Model Runner
(Worker_TP1 pid=1240) INFO 09-02 22:58:27 [model_runner.py:353] Loading model from scratch...
(Worker_TP1 pid=1240) INFO 09-02 22:58:27 [cuda.py:595] Using backend AttentionBackendEnum.FLASH_ATTN for vit attention
(Worker_TP1 pid=1240) INFO 09-02 22:58:27 [mm_encoder_attention.py:375] Using AttentionBackendEnum.FLASH_ATTN for MMEncoderAttention.
(Worker_TP1 pid=1240) INFO 09-02 22:58:27 [kernel.py:306] Final IR op priority after setting platform defaults: IrOpPriorityConfig(rms_norm=['vllm_c', 'native'], fused_add_rms_norm=['vllm_c', 'native'])
(Worker_TP1 pid=1240) WARNING 09-02 22:58:27 [vllm.py:1849] max_num_scheduled_tokens is set to 2048 based on the speculative decoding settings. This may lead to suboptimal performance. Consider increasing max_num_batched_tokens to accommodate the additional draft token slots, or decrease num_speculative_tokens.
(Worker_TP1 pid=1240) INFO 09-02 22:58:27 [cuda.py:536] Using FLASHINFER_MLA_SPARSE_SM120 attention backend out of potential backends: ['FLASHINFER_MLA_SPARSE_SM120'].
(Worker_TP1 pid=1240) INFO 09-02 22:58:27 [mla_attention.py:475] Using fp8_ds_mla KV cache format for FLASHINFER_MLA_SPARSE_SM120 backend.
(Worker_TP1 pid=1240) WARNING 09-02 22:58:27 [mla_attention.py:551] Sparse MLA impl has no dense-MHA prefill path; using the top-k MQA path only.
(Worker_TP1 pid=1240) INFO 09-02 22:58:27 [deep_gemm.py:191] deep_gemm not found in site-packages, trying vendored vllm.third_party.deep_gemm
(Worker_TP1 pid=1240) INFO 09-02 22:58:27 [deep_gemm.py:136] DeepGEMM E8M0 enabled on current platform.
(Worker_TP1 pid=1240) INFO 09-02 22:58:29 [weight_utils.py:858] Filesystem type for checkpoints: EXT4. Checkpoint size: 163.58 GiB. Available RAM: 64.36 GiB.
(Worker_TP1 pid=1240) INFO 09-02 22:58:29 [weight_utils.py:888] Auto-prefetch is disabled because the filesystem (EXT4) is not a recognized network FS (NFS/Lustre) and the checkpoint size (163.58 GiB) exceeds 90% of available RAM (64.36 GiB).
(Worker_TP1 pid=1240) INFO 09-02 23:00:19 [default_loader.py:430] Loading weights took 110.72 seconds
(Worker_TP1 pid=1240) INFO 09-02 23:00:20 [exl3.py:379] exl3 e2 diag schema=1 configured_tier=kernel effective_tier=kernel tier_reason=kernel_ok shared_suh=1 shared_suh_layers=1/1 sym_exl3_moe=1 sym_fat_gemm=1 sym_fat_gemm_scatter=1 cap=12.1 cap_ok=1 tp_rank=1 tp_size=4 prefill_layer_calls=0 thin_calls=0 row_tile_calls=0 fallback_calls=kernel=0,batched=0,sorted=0,legacy=0 fallback_reasons=none fat_expert_runs=0 direct_calls=0 scatter_calls=0 fat_layers=0 fat_expert_slots=0 max_rows=0 fused_temps_allocs=0 fused_temps_bytes=0 fat_scratch_allocs=0 fat_scratch_bytes=0 fat_scratch_peak_bytes=0
(Worker_TP1 pid=1240) INFO 09-02 23:00:21 [exl3.py:1585] EXL3 MCG trellis engaged for routed experts: bits=4 experts_local=288 hidden=4096 intermediate_local=512 fused_moe=exl3_moe concurrency=6 (no BF16 expert reconstruct at load)
(Worker_TP1 pid=1240) INFO 09-02 23:00:21 [exl3.py:1585] EXL3 MCG trellis engaged for routed experts: bits=4 experts_local=288 hidden=4096 intermediate_local=512 fused_moe=exl3_moe concurrency=6 (no BF16 expert reconstruct at load)
(Worker_TP1 pid=1240) INFO 09-02 23:00:21 [exl3.py:1585] EXL3 MCG trellis engaged for routed experts: bits=4 experts_local=288 hidden=4096 intermediate_local=512 fused_moe=exl3_moe concurrency=6 (no BF16 expert reconstruct at load)
(Worker_TP1 pid=1240) INFO 09-02 23:00:21 [exl3.py:1585] EXL3 MCG trellis engaged for routed experts: bits=4 experts_local=288 hidden=4096 intermediate_local=512 fused_moe=exl3_moe concurrency=6 (no BF16 expert reconstruct at load)
(Worker_TP1 pid=1240) INFO 09-02 23:00:21 [exl3.py:1585] EXL3 MCG trellis engaged for routed experts: bits=4 experts_local=288 hidden=4096 intermediate_local=512 fused_moe=exl3_moe concurrency=6 (no BF16 expert reconstruct at load)
(Worker_TP1 pid=1240) INFO 09-02 23:00:21 [exl3.py:1585] EXL3 MCG trellis engaged for routed experts: bits=4 experts_local=288 hidden=4096 intermediate_local=512 fused_moe=exl3_moe concurrency=6 (no BF16 expert reconstruct at load)
(Worker_TP1 pid=1240) INFO 09-02 23:00:21 [exl3.py:1585] EXL3 MCG trellis engaged for routed experts: bits=4 experts_local=288 hidden=4096 intermediate_local=512 fused_moe=exl3_moe concurrency=6 (no BF16 expert reconstruct at load)
(Worker_TP1 pid=1240) INFO 09-02 23:00:21 [exl3.py:1585] EXL3 MCG trellis engaged for routed experts: bits=4 experts_local=288 hidden=4096 intermediate_local=512 fused_moe=exl3_moe concurrency=6 (no BF16 expert reconstruct at load)
(Worker_TP1 pid=1240) INFO 09-02 23:00:21 [exl3.py:1585] EXL3 MCG trellis engaged for routed experts: bits=4 experts_local=288 hidden=4096 intermediate_local=512 fused_moe=exl3_moe concurrency=6 (no BF16 expert reconstruct at load)
(Worker_TP1 pid=1240) INFO 09-02 23:00:21 [exl3.py:1585] EXL3 MCG trellis engaged for routed experts: bits=4 experts_local=288 hidden=4096 intermediate_local=512 fused_moe=exl3_moe concurrency=6 (no BF16 expert reconstruct at load)
(Worker_TP1 pid=1240) INFO 09-02 23:00:21 [exl3.py:1585] EXL3 MCG trellis engaged for routed experts: bits=4 experts_local=288 hidden=4096 intermediate_local=512 fused_moe=exl3_moe concurrency=6 (no BF16 expert reconstruct at load)
(Worker_TP1 pid=1240) INFO 09-02 23:00:21 [exl3.py:1585] EXL3 MCG trellis engaged for routed experts: bits=4 experts_local=288 hidden=4096 intermediate_local=512 fused_moe=exl3_moe concurrency=6 (no BF16 expert reconstruct at load)
(Worker_TP1 pid=1240) INFO 09-02 23:00:21 [exl3.py:1585] EXL3 MCG trellis engaged for routed experts: bits=4 experts_local=288 hidden=4096 intermediate_local=512 fused_moe=exl3_moe concurrency=6 (no BF16 expert reconstruct at load)
(Worker_TP1 pid=1240) INFO 09-02 23:00:21 [exl3.py:1585] EXL3 MCG trellis engaged for routed experts: bits=4 experts_local=288 hidden=4096 intermediate_local=512 fused_moe=exl3_moe concurrency=6 (no BF16 expert reconstruct at load)
(Worker_TP1 pid=1240) INFO 09-02 23:00:21 [exl3.py:1585] EXL3 MCG trellis engaged for routed experts: bits=4 experts_local=288 hidden=4096 intermediate_local=512 fused_moe=exl3_moe concurrency=6 (no BF16 expert reconstruct at load)
(Worker_TP1 pid=1240) INFO 09-02 23:00:21 [exl3.py:1585] EXL3 MCG trellis engaged for routed experts: bits=4 experts_local=288 hidden=4096 intermediate_local=512 fused_moe=exl3_moe concurrency=6 (no BF16 expert reconstruct at load)
(Worker_TP1 pid=1240) INFO 09-02 23:00:21 [exl3.py:1585] EXL3 MCG trellis engaged for routed experts: bits=4 experts_local=288 hidden=4096 intermediate_local=512 fused_moe=exl3_moe concurrency=6 (no BF16 expert reconstruct at load)
(Worker_TP1 pid=1240) INFO 09-02 23:00:21 [exl3.py:1585] EXL3 MCG trellis engaged for routed experts: bits=4 experts_local=288 hidden=4096 intermediate_local=512 fused_moe=exl3_moe concurrency=6 (no BF16 expert reconstruct at load)
(Worker_TP1 pid=1240) INFO 09-02 23:00:21 [exl3.py:1585] EXL3 MCG trellis engaged for routed experts: bits=4 experts_local=288 hidden=4096 intermediate_local=512 fused_moe=exl3_moe concurrency=6 (no BF16 expert reconstruct at load)
(Worker_TP1 pid=1240) INFO 09-02 23:00:21 [exl3.py:1585] EXL3 MCG trellis engaged for routed experts: bits=4 experts_local=288 hidden=4096 intermediate_local=512 fused_moe=exl3_moe concurrency=6 (no BF16 expert reconstruct at load)
(Worker_TP1 pid=1240) INFO 09-02 23:00:21 [exl3.py:1585] EXL3 MCG trellis engaged for routed experts: bits=4 experts_local=288 hidden=4096 intermediate_local=512 fused_moe=exl3_moe concurrency=6 (no BF16 expert reconstruct at load)
(Worker_TP1 pid=1240) INFO 09-02 23:00:21 [exl3.py:1585] EXL3 MCG trellis engaged for routed experts: bits=4 experts_local=288 hidden=4096 intermediate_local=512 fused_moe=exl3_moe concurrency=6 (no BF16 expert reconstruct at load)
(Worker_TP1 pid=1240) INFO 09-02 23:00:21 [exl3.py:1585] EXL3 MCG trellis engaged for routed experts: bits=4 experts_local=288 hidden=4096 intermediate_local=512 fused_moe=exl3_moe concurrency=6 (no BF16 expert reconstruct at load)
(Worker_TP1 pid=1240) INFO 09-02 23:00:21 [exl3.py:1585] EXL3 MCG trellis engaged for routed experts: bits=4 experts_local=288 hidden=4096 intermediate_local=512 fused_moe=exl3_moe concurrency=6 (no BF16 expert reconstruct at load)
(Worker_TP1 pid=1240) INFO 09-02 23:00:21 [exl3.py:1585] EXL3 MCG trellis engaged for routed experts: bits=4 experts_local=288 hidden=4096 intermediate_local=512 fused_moe=exl3_moe concurrency=6 (no BF16 expert reconstruct at load)
(Worker_TP1 pid=1240) INFO 09-02 23:00:21 [exl3.py:1585] EXL3 MCG trellis engaged for routed experts: bits=4 experts_local=288 hidden=4096 intermediate_local=512 fused_moe=exl3_moe concurrency=6 (no BF16 expert reconstruct at load)
(Worker_TP1 pid=1240) INFO 09-02 23:00:21 [exl3.py:1585] EXL3 MCG trellis engaged for routed experts: bits=4 experts_local=288 hidden=4096 intermediate_local=512 fused_moe=exl3_moe concurrency=6 (no BF16 expert reconstruct at load)
(Worker_TP1 pid=1240) INFO 09-02 23:00:21 [exl3.py:1585] EXL3 MCG trellis engaged for routed experts: bits=4 experts_local=288 hidden=4096 intermediate_local=512 fused_moe=exl3_moe concurrency=6 (no BF16 expert reconstruct at load)
(Worker_TP1 pid=1240) INFO 09-02 23:00:21 [exl3.py:1585] EXL3 MCG trellis engaged for routed experts: bits=4 experts_local=288 hidden=4096 intermediate_local=512 fused_moe=exl3_moe concurrency=6 (no BF16 expert reconstruct at load)
(Worker_TP1 pid=1240) INFO 09-02 23:00:21 [exl3.py:1585] EXL3 MCG trellis engaged for routed experts: bits=4 experts_local=288 hidden=4096 intermediate_local=512 fused_moe=exl3_moe concurrency=6 (no BF16 expert reconstruct at load)
(Worker_TP1 pid=1240) INFO 09-02 23:00:21 [exl3.py:1585] EXL3 MCG trellis engaged for routed experts: bits=4 experts_local=288 hidden=4096 intermediate_local=512 fused_moe=exl3_moe concurrency=6 (no BF16 expert reconstruct at load)
(Worker_TP1 pid=1240) INFO 09-02 23:00:21 [exl3.py:1585] EXL3 MCG trellis engaged for routed experts: bits=4 experts_local=288 hidden=4096 intermediate_local=512 fused_moe=exl3_moe concurrency=6 (no BF16 expert reconstruct at load)
(Worker_TP1 pid=1240) INFO 09-02 23:00:21 [exl3.py:1585] EXL3 MCG trellis engaged for routed experts: bits=4 experts_local=288 hidden=4096 intermediate_local=512 fused_moe=exl3_moe concurrency=6 (no BF16 expert reconstruct at load)
(Worker_TP1 pid=1240) INFO 09-02 23:00:21 [exl3.py:1585] EXL3 MCG trellis engaged for routed experts: bits=4 experts_local=288 hidden=4096 intermediate_local=512 fused_moe=exl3_moe concurrency=6 (no BF16 expert reconstruct at load)
(Worker_TP1 pid=1240) INFO 09-02 23:00:21 [exl3.py:1585] EXL3 MCG trellis engaged for routed experts: bits=4 experts_local=288 hidden=4096 intermediate_local=512 fused_moe=exl3_moe concurrency=6 (no BF16 expert reconstruct at load)
(Worker_TP1 pid=1240) INFO 09-02 23:00:21 [exl3.py:1585] EXL3 MCG trellis engaged for routed experts: bits=4 experts_local=288 hidden=4096 intermediate_local=512 fused_moe=exl3_moe concurrency=6 (no BF16 expert reconstruct at load)
(Worker_TP1 pid=1240) INFO 09-02 23:00:21 [exl3.py:1585] EXL3 MCG trellis engaged for routed experts: bits=4 experts_local=288 hidden=4096 intermediate_local=512 fused_moe=exl3_moe concurrency=6 (no BF16 expert reconstruct at load)
(Worker_TP1 pid=1240) INFO 09-02 23:00:21 [exl3.py:1585] EXL3 MCG trellis engaged for routed experts: bits=4 experts_local=288 hidden=4096 intermediate_local=512 fused_moe=exl3_moe concurrency=6 (no BF16 expert reconstruct at load)
(Worker_TP1 pid=1240) INFO 09-02 23:00:30 [exl3.py:1585] EXL3 MCG trellis engaged for routed experts: bits=4 experts_local=288 hidden=4096 intermediate_local=512 fused_moe=exl3_moe concurrency=6 (no BF16 expert reconstruct at load)
(Worker_TP1 pid=1240) INFO 09-02 23:00:30 [exl3.py:1585] EXL3 MCG trellis engaged for routed experts: bits=4 experts_local=288 hidden=4096 intermediate_local=512 fused_moe=exl3_moe concurrency=6 (no BF16 expert reconstruct at load)
(Worker_TP1 pid=1240) INFO 09-02 23:00:30 [exl3.py:1585] EXL3 MCG trellis engaged for routed experts: bits=4 experts_local=288 hidden=4096 intermediate_local=512 fused_moe=exl3_moe concurrency=6 (no BF16 expert reconstruct at load)
(Worker_TP1 pid=1240) INFO 09-02 23:00:30 [exl3.py:1585] EXL3 MCG trellis engaged for routed experts: bits=4 experts_local=288 hidden=4096 intermediate_local=512 fused_moe=exl3_moe concurrency=6 (no BF16 expert reconstruct at load)
(Worker_TP1 pid=1240) INFO 09-02 23:00:30 [eagle3_utils.py:28] Using Eagle3 auxiliary layers from config: (6, 15, 25, 34, 43)
(Worker_TP1 pid=1240) INFO 09-02 23:00:30 [kernel.py:306] Final IR op priority after setting platform defaults: IrOpPriorityConfig(rms_norm=['vllm_c', 'native'], fused_add_rms_norm=['vllm_c', 'native'])
(Worker_TP1 pid=1240) INFO 09-02 23:00:40 [cuda.py:536] Using FLASH_ATTN attention backend out of potential backends: ['FLASH_ATTN', 'FLASHINFER', 'TRITON_ATTN', 'FLEX_ATTENTION'].
(Worker_TP1 pid=1240) INFO 09-02 23:00:40 [flash_attn.py:867] Using FlashAttention version 2
(Worker_TP1 pid=1240) INFO 09-02 23:00:40 [weight_utils.py:858] Filesystem type for checkpoints: EXT4. Checkpoint size: 2.18 GiB. Available RAM: 64.51 GiB.
(Worker_TP1 pid=1240) INFO 09-02 23:00:40 [weight_utils.py:881] Auto-prefetch is disabled because the filesystem (EXT4) is not a recognized network FS (NFS/Lustre). If you want to force prefetching, start vLLM with --safetensors-load-strategy=prefetch.
(Worker_TP1 pid=1240) INFO 09-02 23:00:43 [default_loader.py:430] Loading weights took 3.13 seconds
(Worker_TP1 pid=1240) WARNING 09-02 23:00:43 [speculator.py:191] Draft model DFlash2Qwen3ForCausalLM does not support external multimodal embeddings. Embeddings from the target model will not be passed to the drafter; using text-only draft inputs instead.
(Worker_TP1 pid=1240) INFO 09-02 23:00:47 [model_runner.py:374] Model loading took 41.81 GiB and 140.175466 seconds
(Worker_TP1 pid=1240) INFO 09-02 23:00:47 [interface.py:635] Setting kv cache block size to 64 for DEEPSEEK_V32_INDEXER backend.
(Worker_TP1 pid=1240) INFO 09-02 23:00:47 [interface.py:926] Setting attention block size to 1792 tokens to ensure that attention page size is >= mamba page size.
(Worker_TP1 pid=1240) INFO 09-02 23:00:47 [interface.py:950] Padding mamba page size by 4.74% to ensure that mamba page size and attention page size are exactly equal.
INFO 09-02 23:02:27 [torch_utils.py:262] Reducing Torch threads from 20 to 1 for serving. Set OMP_NUM_THREADS in the external environment to override.
(Worker_TP1 pid=1240) INFO 09-02 23:02:37 [exl3.py:451] exl3 fat-expert P0: layers=42 fat_layers=42 (100.0%) fat_expert_slots=336 max_rows=2048 avg_max_rows=2048.0 hist_le128=0 hist_gt128=42 hist=[0, 0, 0, 0, 0, 0, 0, 42, 0]
(Worker_TP1 pid=1240) INFO 09-02 23:02:37 [exl3.py:464] exl3 e2 diag schema=1 configured_tier=kernel effective_tier=kernel tier_reason=kernel_ok shared_suh=1 shared_suh_layers=42/42 sym_exl3_moe=1 sym_fat_gemm=1 sym_fat_gemm_scatter=1 cap=12.1 cap_ok=1 tp_rank=1 tp_size=4 prefill_layer_calls=42 thin_calls=0 row_tile_calls=0 fallback_calls=kernel=41,batched=0,sorted=0,legacy=0 fallback_reasons=kernel_ok=41 fat_expert_runs=328 direct_calls=328 scatter_calls=328 fat_layers=42 fat_expert_slots=336 max_rows=2048 fused_temps_allocs=1 fused_temps_bytes=14155776 fat_scratch_allocs=1 fat_scratch_bytes=98568192 fat_scratch_peak_bytes=98568192
(Worker_TP1 pid=1240) INFO 09-02 23:02:38 [kv_cache_utils.py:1554] DFlash2 drafter KV: padded slot-share block=64 mla_page=1175552 (was block=16); exact-fit page mismatch draft_bytes/token=1024
(Worker_TP1 pid=1240) INFO 09-02 23:02:38 [indexer.py:836] DSA indexer decode path: use_flattening=True supports_varlen=False (next_n=4, use_fp4_indexer_cache=False)
(Worker_TP1 pid=1240) INFO 09-02 23:02:38 [kernel.py:306] Final IR op priority after setting platform defaults: IrOpPriorityConfig(rms_norm=['vllm_c', 'native'], fused_add_rms_norm=['vllm_c', 'native'])
(Worker_TP1 pid=1240) INFO 09-02 23:02:38 [breakable_cudagraph.py:288] Breakable CUDA graph enabled
(Worker_TP1 pid=1240) /usr/local/lib/python3.12/dist-packages/triton/language/core.py:2284: UserWarning: tl.make_block_ptr is deprecated. Use TensorDescriptor or tl.make_tensor_descriptor instead.
(Worker_TP1 pid=1240)   warn("tl.make_block_ptr is deprecated. Use TensorDescriptor or tl.make_tensor_descriptor instead.")
(Worker_TP1 pid=1240) INFO 09-02 23:03:31 [model_runner.py:952] Estimated CUDA graph memory: 1.76 GiB total
(Worker_TP1 pid=1240) INFO 09-02 23:03:31 [gpu_worker.py:564] Available KV cache memory: 42.14 GiB
(Worker_TP1 pid=1240) INFO 09-02 23:03:31 [gpu_worker.py:579] CUDA graph memory profiling is enabled (default since v0.21.0). The current --gpu-memory-utilization=0.7500 is equivalent to --gpu-memory-utilization=0.7356 without CUDA graph memory profiling. To maintain the same effective KV cache size as before, increase --gpu-memory-utilization to 0.7644. To disable, set VLLM_MEMORY_PROFILER_ESTIMATE_CUDAGRAPHS=0.
(Worker_TP1 pid=1240) INFO 09-02 23:03:32 [kernel.py:306] Final IR op priority after setting platform defaults: IrOpPriorityConfig(rms_norm=['vllm_c', 'native'], fused_add_rms_norm=['vllm_c', 'native'])
(Worker_TP1 pid=1240) INFO 09-02 23:03:39 [spec_decode_rejection_warmup.py:64] Warming up spec-decode rejection sampler kernels (vocab=154880, num_spec=3, dtype_pairs=[('torch.bfloat16', 'torch.float32'), ('torch.float32', 'torch.float32'), ('torch.bfloat16', 'torch.bfloat16'), ('torch.float32', 'torch.bfloat16')], block_verify=False).
(Worker_TP1 pid=1240) INFO 09-02 23:03:42 [kernel_warmup.py:95] Warming up ll_bf16 router GEMM kernels for shapes: ((4096, 288),).
(Worker_TP1 pid=1240) INFO 09-02 23:03:43 [kernel_warmup.py:170] Skipping FlashInfer autotune because it is disabled.
(Worker_TP1 pid=1240) INFO 09-02 23:03:49 [speculator.py:137] Capturing model for DFlash2 speculator...
(Worker_TP1 pid=1240) INFO 09-02 23:04:21 [model_runner.py:1012] Graph capturing finished in 38 secs, took 0.23 GiB
(Worker_TP1 pid=1240) INFO 09-02 23:04:21 [gpu_worker.py:727] CUDA graph pool memory: 0.23 GiB (actual), 1.76 GiB (estimated), difference: 1.53 GiB (675.8%).
(Worker_TP1 pid=1240) INFO 09-02 23:04:21 [gpu_worker.py:790] Free memory on device (106.07/121.69 GiB) on startup. Desired GPU memory utilization is (0.75, 91.27 GiB). Actual usage is 46.07 GiB for consumed memory (weights + non-torch), 3.05 GiB for peak activation, and 0.23 GiB for CUDAGraph memory. Replace gpu_memory_utilization config with `--kv-cache-memory=44850124800` (41.77 GiB) to fit into requested memory, or `--kv-cache-memory=60745504768` (56.57 GiB) to fully utilize gpu memory. Current kv cache memory in use is 42.14 GiB.
(Worker_TP1 pid=1240) INFO 09-02 23:04:27 [jit_monitor.py:79] Kernel JIT monitor activated; monitored JIT compilations during inference will use mode=warn.
(Worker_TP1 pid=1240) INFO 09-02 23:04:27 [torch_utils.py:262] Reducing Torch threads from 20 to 1 for serving. Set OMP_NUM_THREADS in the external environment to override.
(Worker_TP1 pid=1240) WARNING 09-02 23:05:45 [jit_monitor.py:135] Triton kernel JIT compilation during inference: _prepare_dflash_inputs_kernel. This causes a latency spike; consider extending warmup to cover this shape/config.
(Worker_TP1 pid=1240) WARNING 09-02 23:05:45 [jit_monitor.py:135] Triton kernel JIT compilation during inference: _compute_local_logits_stats_kernel. This causes a latency spike; consider extending warmup to cover this shape/config.
(Worker_TP1 pid=1240) WARNING 09-02 23:05:45 [jit_monitor.py:135] Triton kernel JIT compilation during inference: _rejection_kernel. This causes a latency spike; consider extending warmup to cover this shape/config.
(Worker_TP1 pid=1240) WARNING 09-02 23:05:45 [jit_monitor.py:135] Triton kernel JIT compilation during inference: _resample_kernel. This causes a latency spike; consider extending warmup to cover this shape/config.
(Worker_TP1 pid=1240) WARNING 09-02 23:05:45 [jit_monitor.py:135] TileLang JIT compilation during inference: mhc_pre_big_fuse_with_norm_tilelang. This causes a latency spike; consider extending warmup to cover this shape/config.
(Worker_TP1 pid=1240) INFO 09-02 23:05:56 [exl3.py:451] exl3 fat-expert P0: layers=84 fat_layers=60 (71.4%) fat_expert_slots=370 max_rows=2048 avg_max_rows=1094.5 hist_le128=24 hist_gt128=60 hist=[0, 0, 0, 24, 15, 3, 0, 42, 0]
(Worker_TP1 pid=1240) INFO 09-02 23:05:56 [exl3.py:464] exl3 e2 diag schema=1 configured_tier=kernel effective_tier=kernel tier_reason=kernel_ok shared_suh=1 shared_suh_layers=42/42 sym_exl3_moe=1 sym_fat_gemm=1 sym_fat_gemm_scatter=1 cap=12.1 cap_ok=1 tp_rank=1 tp_size=4 prefill_layer_calls=84 thin_calls=23 row_tile_calls=0 fallback_calls=kernel=60,batched=0,sorted=0,legacy=0 fallback_reasons=kernel_ok=60,thin_only=23 fat_expert_runs=370 direct_calls=370 scatter_calls=370 fat_layers=60 fat_expert_slots=370 max_rows=2048 fused_temps_allocs=1 fused_temps_bytes=14155776 fat_scratch_allocs=1 fat_scratch_bytes=98568192 fat_scratch_peak_bytes=98568192
(Worker_TP1 pid=1240) INFO 09-02 23:06:27 [exl3.py:451] exl3 fat-expert P0: layers=126 fat_layers=102 (81.0%) fat_expert_slots=1426 max_rows=2048 avg_max_rows=1201.7 hist_le128=24 hist_gt128=102 hist=[0, 0, 0, 24, 15, 5, 5, 77, 0]
(Worker_TP1 pid=1240) INFO 09-02 23:06:27 [exl3.py:464] exl3 e2 diag schema=1 configured_tier=kernel effective_tier=kernel tier_reason=kernel_ok shared_suh=1 shared_suh_layers=42/42 sym_exl3_moe=1 sym_fat_gemm=1 sym_fat_gemm_scatter=1 cap=12.1 cap_ok=1 tp_rank=1 tp_size=4 prefill_layer_calls=126 thin_calls=24 row_tile_calls=0 fallback_calls=kernel=101,batched=0,sorted=0,legacy=0 fallback_reasons=kernel_ok=101,thin_only=24 fat_expert_runs=1402 direct_calls=1402 scatter_calls=1402 fat_layers=102 fat_expert_slots=1426 max_rows=2048 fused_temps_allocs=1 fused_temps_bytes=14155776 fat_scratch_allocs=1 fat_scratch_bytes=98568192 fat_scratch_peak_bytes=98568192
(Worker_TP1 pid=1240) INFO 09-02 23:06:28 [exl3.py:451] exl3 fat-expert P0: layers=168 fat_layers=144 (85.7%) fat_expert_slots=2463 max_rows=2048 avg_max_rows=1265.6 hist_le128=24 hist_gt128=144 hist=[0, 0, 0, 24, 15, 9, 8, 112, 0]
(Worker_TP1 pid=1240) INFO 09-02 23:06:28 [exl3.py:464] exl3 e2 diag schema=1 configured_tier=kernel effective_tier=kernel tier_reason=kernel_ok shared_suh=1 shared_suh_layers=42/42 sym_exl3_moe=1 sym_fat_gemm=1 sym_fat_gemm_scatter=1 cap=12.1 cap_ok=1 tp_rank=1 tp_size=4 prefill_layer_calls=168 thin_calls=24 row_tile_calls=0 fallback_calls=kernel=143,batched=0,sorted=0,legacy=0 fallback_reasons=kernel_ok=143,thin_only=24 fat_expert_runs=2443 direct_calls=2443 scatter_calls=2443 fat_layers=144 fat_expert_slots=2463 max_rows=2048 fused_temps_allocs=1 fused_temps_bytes=14155776 fat_scratch_allocs=1 fat_scratch_bytes=98568192 fat_scratch_peak_bytes=98568192
(Worker_TP1 pid=1240) INFO 09-02 23:06:30 [exl3.py:451] exl3 fat-expert P0: layers=210 fat_layers=186 (88.6%) fat_expert_slots=3524 max_rows=2048 avg_max_rows=1303.2 hist_le128=24 hist_gt128=186 hist=[0, 0, 0, 24, 15, 13, 10, 148, 0]
(Worker_TP1 pid=1240) INFO 09-02 23:06:30 [exl3.py:464] exl3 e2 diag schema=1 configured_tier=kernel effective_tier=kernel tier_reason=kernel_ok shared_suh=1 shared_suh_layers=42/42 sym_exl3_moe=1 sym_fat_gemm=1 sym_fat_gemm_scatter=1 cap=12.1 cap_ok=1 tp_rank=1 tp_size=4 prefill_layer_calls=210 thin_calls=24 row_tile_calls=0 fallback_calls=kernel=185,batched=0,sorted=0,legacy=0 fallback_reasons=kernel_ok=185,thin_only=24 fat_expert_runs=3502 direct_calls=3502 scatter_calls=3502 fat_layers=186 fat_expert_slots=3524 max_rows=2048 fused_temps_allocs=1 fused_temps_bytes=14155776 fat_scratch_allocs=1 fat_scratch_bytes=98568192 fat_scratch_peak_bytes=98568192
(Worker_TP1 pid=1240) INFO 09-02 23:06:31 [exl3.py:451] exl3 fat-expert P0: layers=252 fat_layers=228 (90.5%) fat_expert_slots=4577 max_rows=2048 avg_max_rows=1333.9 hist_le128=24 hist_gt128=228 hist=[0, 0, 0, 24, 15, 17, 14, 182, 0]
(Worker_TP1 pid=1240) INFO 09-02 23:06:31 [exl3.py:464] exl3 e2 diag schema=1 configured_tier=kernel effective_tier=kernel tier_reason=kernel_ok shared_suh=1 shared_suh_layers=42/42 sym_exl3_moe=1 sym_fat_gemm=1 sym_fat_gemm_scatter=1 cap=12.1 cap_ok=1 tp_rank=1 tp_size=4 prefill_layer_calls=252 thin_calls=24 row_tile_calls=0 fallback_calls=kernel=227,batched=0,sorted=0,legacy=0 fallback_reasons=kernel_ok=227,thin_only=24 fat_expert_runs=4557 direct_calls=4557 scatter_calls=4557 fat_layers=228 fat_expert_slots=4577 max_rows=2048 fused_temps_allocs=1 fused_temps_bytes=14155776 fat_scratch_allocs=1 fat_scratch_bytes=98568192 fat_scratch_peak_bytes=98568192
(Worker_TP1 pid=1240) INFO 09-02 23:06:33 [exl3.py:451] exl3 fat-expert P0: layers=294 fat_layers=270 (91.8%) fat_expert_slots=5613 max_rows=2048 avg_max_rows=1355.0 hist_le128=24 hist_gt128=270 hist=[0, 0, 0, 24, 15, 21, 18, 216, 0]
(Worker_TP1 pid=1240) INFO 09-02 23:06:33 [exl3.py:464] exl3 e2 diag schema=1 configured_tier=kernel effective_tier=kernel tier_reason=kernel_ok shared_suh=1 shared_suh_layers=42/42 sym_exl3_moe=1 sym_fat_gemm=1 sym_fat_gemm_scatter=1 cap=12.1 cap_ok=1 tp_rank=1 tp_size=4 prefill_layer_calls=294 thin_calls=24 row_tile_calls=0 fallback_calls=kernel=269,batched=0,sorted=0,legacy=0 fallback_reasons=kernel_ok=269,thin_only=24 fat_expert_runs=5594 direct_calls=5594 scatter_calls=5594 fat_layers=270 fat_expert_slots=5613 max_rows=2048 fused_temps_allocs=1 fused_temps_bytes=14155776 fat_scratch_allocs=1 fat_scratch_bytes=98568192 fat_scratch_peak_bytes=98568192
(Worker_TP1 pid=1240) INFO 09-02 23:06:34 [exl3.py:451] exl3 fat-expert P0: layers=336 fat_layers=312 (92.9%) fat_expert_slots=6658 max_rows=2048 avg_max_rows=1369.7 hist_le128=24 hist_gt128=312 hist=[0, 0, 0, 24, 15, 25, 22, 250, 0]
(Worker_TP1 pid=1240) INFO 09-02 23:06:34 [exl3.py:464] exl3 e2 diag schema=1 configured_tier=kernel effective_tier=kernel tier_reason=kernel_ok shared_suh=1 shared_suh_layers=42/42 sym_exl3_moe=1 sym_fat_gemm=1 sym_fat_gemm_scatter=1 cap=12.1 cap_ok=1 tp_rank=1 tp_size=4 prefill_layer_calls=336 thin_calls=24 row_tile_calls=0 fallback_calls=kernel=311,batched=0,sorted=0,legacy=0 fallback_reasons=kernel_ok=311,thin_only=24 fat_expert_runs=6637 direct_calls=6637 scatter_calls=6637 fat_layers=312 fat_expert_slots=6658 max_rows=2048 fused_temps_allocs=1 fused_temps_bytes=14155776 fat_scratch_allocs=1 fat_scratch_bytes=98568192 fat_scratch_peak_bytes=98568192
(Worker_TP1 pid=1240) INFO 09-02 23:06:35 [exl3.py:451] exl3 fat-expert P0: layers=378 fat_layers=312 (82.5%) fat_expert_slots=6658 max_rows=2048 avg_max_rows=1225.6 hist_le128=66 hist_gt128=312 hist=[0, 5, 6, 55, 15, 25, 22, 250, 0]
(Worker_TP1 pid=1240) INFO 09-02 23:06:35 [exl3.py:464] exl3 e2 diag schema=1 configured_tier=kernel effective_tier=kernel tier_reason=kernel_ok shared_suh=1 shared_suh_layers=42/42 sym_exl3_moe=1 sym_fat_gemm=1 sym_fat_gemm_scatter=1 cap=12.1 cap_ok=1 tp_rank=1 tp_size=4 prefill_layer_calls=378 thin_calls=65 row_tile_calls=0 fallback_calls=kernel=312,batched=0,sorted=0,legacy=0 fallback_reasons=kernel_ok=312,thin_only=65 fat_expert_runs=6658 direct_calls=6658 scatter_calls=6658 fat_layers=312 fat_expert_slots=6658 max_rows=2048 fused_temps_allocs=1 fused_temps_bytes=14155776 fat_scratch_allocs=1 fat_scratch_bytes=98568192 fat_scratch_peak_bytes=98568192
(Worker_TP1 pid=1240) INFO 09-02 23:06:36 [exl3.py:451] exl3 fat-expert P0: layers=420 fat_layers=354 (84.3%) fat_expert_slots=7303 max_rows=2048 avg_max_rows=1193.1 hist_le128=66 hist_gt128=354 hist=[0, 5, 6, 55, 17, 29, 37, 271, 0]
(Worker_TP1 pid=1240) INFO 09-02 23:06:36 [exl3.py:464] exl3 e2 diag schema=1 configured_tier=kernel effective_tier=kernel tier_reason=kernel_ok shared_suh=1 shared_suh_layers=42/42 sym_exl3_moe=1 sym_fat_gemm=1 sym_fat_gemm_scatter=1 cap=12.1 cap_ok=1 tp_rank=1 tp_size=4 prefill_layer_calls=420 thin_calls=66 row_tile_calls=0 fallback_calls=kernel=353,batched=0,sorted=0,legacy=0 fallback_reasons=kernel_ok=353,thin_only=66 fat_expert_runs=7288 direct_calls=7288 scatter_calls=7288 fat_layers=354 fat_expert_slots=7303 max_rows=2048 fused_temps_allocs=1 fused_temps_bytes=14155776 fat_scratch_allocs=1 fat_scratch_bytes=98568192 fat_scratch_peak_bytes=98568192
(Worker_TP1 pid=1240) INFO 09-02 23:06:37 [exl3.py:451] exl3 fat-expert P0: layers=462 fat_layers=354 (76.6%) fat_expert_slots=7303 max_rows=2048 avg_max_rows=1091.4 hist_le128=108 hist_gt128=354 hist=[0, 10, 12, 86, 17, 29, 37, 271, 0]
(Worker_TP1 pid=1240) INFO 09-02 23:06:37 [exl3.py:464] exl3 e2 diag schema=1 configured_tier=kernel effective_tier=kernel tier_reason=kernel_ok shared_suh=1 shared_suh_layers=42/42 sym_exl3_moe=1 sym_fat_gemm=1 sym_fat_gemm_scatter=1 cap=12.1 cap_ok=1 tp_rank=1 tp_size=4 prefill_layer_calls=462 thin_calls=107 row_tile_calls=0 fallback_calls=kernel=354,batched=0,sorted=0,legacy=0 fallback_reasons=kernel_ok=354,thin_only=107 fat_expert_runs=7303 direct_calls=7303 scatter_calls=7303 fat_layers=354 fat_expert_slots=7303 max_rows=2048 fused_temps_allocs=1 fused_temps_bytes=14155776 fat_scratch_allocs=1 fat_scratch_bytes=98568192 fat_scratch_peak_bytes=98568192
(Worker_TP1 pid=1240) INFO 09-02 23:06:46 [exl3.py:451] exl3 fat-expert P0: layers=504 fat_layers=396 (78.6%) fat_expert_slots=8274 max_rows=2048 avg_max_rows=1077.2 hist_le128=108 hist_gt128=396 hist=[0, 10, 12, 86, 17, 35, 53, 291, 0]
(Worker_TP1 pid=1240) INFO 09-02 23:06:46 [exl3.py:464] exl3 e2 diag schema=1 configured_tier=kernel effective_tier=kernel tier_reason=kernel_ok shared_suh=1 shared_suh_layers=42/42 sym_exl3_moe=1 sym_fat_gemm=1 sym_fat_gemm_scatter=1 cap=12.1 cap_ok=1 tp_rank=1 tp_size=4 prefill_layer_calls=504 thin_calls=108 row_tile_calls=0 fallback_calls=kernel=395,batched=0,sorted=0,legacy=0 fallback_reasons=kernel_ok=395,thin_only=108 fat_expert_runs=8250 direct_calls=8250 scatter_calls=8250 fat_layers=396 fat_expert_slots=8274 max_rows=2048 fused_temps_allocs=1 fused_temps_bytes=14155776 fat_scratch_allocs=1 fat_scratch_bytes=98568192 fat_scratch_peak_bytes=98568192
(Worker_TP1 pid=1240) INFO 09-02 23:06:48 [exl3.py:451] exl3 fat-expert P0: layers=546 fat_layers=438 (80.2%) fat_expert_slots=9233 max_rows=2048 avg_max_rows=1105.4 hist_le128=108 hist_gt128=438 hist=[0, 10, 12, 86, 17, 39, 57, 325, 0]
(Worker_TP1 pid=1240) INFO 09-02 23:06:48 [exl3.py:464] exl3 e2 diag schema=1 configured_tier=kernel effective_tier=kernel tier_reason=kernel_ok shared_suh=1 shared_suh_layers=42/42 sym_exl3_moe=1 sym_fat_gemm=1 sym_fat_gemm_scatter=1 cap=12.1 cap_ok=1 tp_rank=1 tp_size=4 prefill_layer_calls=546 thin_calls=108 row_tile_calls=0 fallback_calls=kernel=437,batched=0,sorted=0,legacy=0 fallback_reasons=kernel_ok=437,thin_only=108 fat_expert_runs=9209 direct_calls=9209 scatter_calls=9209 fat_layers=438 fat_expert_slots=9233 max_rows=2048 fused_temps_allocs=1 fused_temps_bytes=14155776 fat_scratch_allocs=1 fat_scratch_bytes=98568192 fat_scratch_peak_bytes=98568192
(Worker_TP1 pid=1240) INFO 09-02 23:06:49 [exl3.py:451] exl3 fat-expert P0: layers=588 fat_layers=480 (81.6%) fat_expert_slots=10259 max_rows=2048 avg_max_rows=1131.6 hist_le128=108 hist_gt128=480 hist=[0, 10, 12, 86, 17, 43, 61, 359, 0]
(Worker_TP1 pid=1240) INFO 09-02 23:06:49 [exl3.py:464] exl3 e2 diag schema=1 configured_tier=kernel effective_tier=kernel tier_reason=kernel_ok shared_suh=1 shared_suh_layers=42/42 sym_exl3_moe=1 sym_fat_gemm=1 sym_fat_gemm_scatter=1 cap=12.1 cap_ok=1 tp_rank=1 tp_size=4 prefill_layer_calls=588 thin_calls=108 row_tile_calls=0 fallback_calls=kernel=479,batched=0,sorted=0,legacy=0 fallback_reasons=kernel_ok=479,thin_only=108 fat_expert_runs=10234 direct_calls=10234 scatter_calls=10234 fat_layers=480 fat_expert_slots=10259 max_rows=2048 fused_temps_allocs=1 fused_temps_bytes=14155776 fat_scratch_allocs=1 fat_scratch_bytes=98568192 fat_scratch_peak_bytes=98568192
(Worker_TP1 pid=1240) INFO 09-02 23:06:51 [exl3.py:451] exl3 fat-expert P0: layers=630 fat_layers=522 (82.9%) fat_expert_slots=11288 max_rows=2048 avg_max_rows=1154.5 hist_le128=108 hist_gt128=522 hist=[0, 10, 12, 86, 17, 47, 66, 392, 0]
(Worker_TP1 pid=1240) INFO 09-02 23:06:51 [exl3.py:464] exl3 e2 diag schema=1 configured_tier=kernel effective_tier=kernel tier_reason=kernel_ok shared_suh=1 shared_suh_layers=42/42 sym_exl3_moe=1 sym_fat_gemm=1 sym_fat_gemm_scatter=1 cap=12.1 cap_ok=1 tp_rank=1 tp_size=4 prefill_layer_calls=630 thin_calls=108 row_tile_calls=0 fallback_calls=kernel=521,batched=0,sorted=0,legacy=0 fallback_reasons=kernel_ok=521,thin_only=108 fat_expert_runs=11266 direct_calls=11266 scatter_calls=11266 fat_layers=522 fat_expert_slots=11288 max_rows=2048 fused_temps_allocs=1 fused_temps_bytes=14155776 fat_scratch_allocs=1 fat_scratch_bytes=98568192 fat_scratch_peak_bytes=98568192
(Worker_TP1 pid=1240) INFO 09-02 23:06:52 [exl3.py:451] exl3 fat-expert P0: layers=672 fat_layers=564 (83.9%) fat_expert_slots=12333 max_rows=2048 avg_max_rows=1173.7 hist_le128=108 hist_gt128=564 hist=[0, 10, 12, 86, 17, 51, 71, 425, 0]
(Worker_TP1 pid=1240) INFO 09-02 23:06:52 [exl3.py:464] exl3 e2 diag schema=1 configured_tier=kernel effective_tier=kernel tier_reason=kernel_ok shared_suh=1 shared_suh_layers=42/42 sym_exl3_moe=1 sym_fat_gemm=1 sym_fat_gemm_scatter=1 cap=12.1 cap_ok=1 tp_rank=1 tp_size=4 prefill_layer_calls=672 thin_calls=108 row_tile_calls=0 fallback_calls=kernel=563,batched=0,sorted=0,legacy=0 fallback_reasons=kernel_ok=563,thin_only=108 fat_expert_runs=12306 direct_calls=12306 scatter_calls=12306 fat_layers=564 fat_expert_slots=12333 max_rows=2048 fused_temps_allocs=1 fused_temps_bytes=14155776 fat_scratch_allocs=1 fat_scratch_bytes=98568192 fat_scratch_peak_bytes=98568192
(Worker_TP1 pid=1240) INFO 09-02 23:06:54 [exl3.py:451] exl3 fat-expert P0: layers=714 fat_layers=606 (84.9%) fat_expert_slots=13343 max_rows=2048 avg_max_rows=1188.8 hist_le128=108 hist_gt128=606 hist=[0, 10, 12, 86, 17, 55, 76, 458, 0]
(Worker_TP1 pid=1240) INFO 09-02 23:06:54 [exl3.py:464] exl3 e2 diag schema=1 configured_tier=kernel effective_tier=kernel tier_reason=kernel_ok shared_suh=1 shared_suh_layers=42/42 sym_exl3_moe=1 sym_fat_gemm=1 sym_fat_gemm_scatter=1 cap=12.1 cap_ok=1 tp_rank=1 tp_size=4 prefill_layer_calls=714 thin_calls=108 row_tile_calls=0 fallback_calls=kernel=605,batched=0,sorted=0,legacy=0 fallback_reasons=kernel_ok=605,thin_only=108 fat_expert_runs=13321 direct_calls=13321 scatter_calls=13321 fat_layers=606 fat_expert_slots=13343 max_rows=2048 fused_temps_allocs=1 fused_temps_bytes=14155776 fat_scratch_allocs=1 fat_scratch_bytes=98568192 fat_scratch_peak_bytes=98568192
(Worker_TP1 pid=1240) INFO 09-02 23:06:55 [exl3.py:451] exl3 fat-expert P0: layers=756 fat_layers=648 (85.7%) fat_expert_slots=14339 max_rows=2048 avg_max_rows=1204.6 hist_le128=108 hist_gt128=648 hist=[0, 10, 12, 86, 17, 58, 82, 491, 0]
(Worker_TP1 pid=1240) INFO 09-02 23:06:55 [exl3.py:464] exl3 e2 diag schema=1 configured_tier=kernel effective_tier=kernel tier_reason=kernel_ok shared_suh=1 shared_suh_layers=42/42 sym_exl3_moe=1 sym_fat_gemm=1 sym_fat_gemm_scatter=1 cap=12.1 cap_ok=1 tp_rank=1 tp_size=4 prefill_layer_calls=756 thin_calls=108 row_tile_calls=0 fallback_calls=kernel=647,batched=0,sorted=0,legacy=0 fallback_reasons=kernel_ok=647,thin_only=108 fat_expert_runs=14315 direct_calls=14315 scatter_calls=14315 fat_layers=648 fat_expert_slots=14339 max_rows=2048 fused_temps_allocs=1 fused_temps_bytes=14155776 fat_scratch_allocs=1 fat_scratch_bytes=98568192 fat_scratch_peak_bytes=98568192
(Worker_TP1 pid=1240) INFO 09-02 23:06:57 [exl3.py:451] exl3 fat-expert P0: layers=798 fat_layers=690 (86.5%) fat_expert_slots=15367 max_rows=2048 avg_max_rows=1218.1 hist_le128=108 hist_gt128=690 hist=[0, 10, 12, 86, 17, 63, 86, 524, 0]
(Worker_TP1 pid=1240) INFO 09-02 23:06:57 [exl3.py:464] exl3 e2 diag schema=1 configured_tier=kernel effective_tier=kernel tier_reason=kernel_ok shared_suh=1 shared_suh_layers=42/42 sym_exl3_moe=1 sym_fat_gemm=1 sym_fat_gemm_scatter=1 cap=12.1 cap_ok=1 tp_rank=1 tp_size=4 prefill_layer_calls=798 thin_calls=108 row_tile_calls=0 fallback_calls=kernel=689,batched=0,sorted=0,legacy=0 fallback_reasons=kernel_ok=689,thin_only=108 fat_expert_runs=15337 direct_calls=15337 scatter_calls=15337 fat_layers=690 fat_expert_slots=15367 max_rows=2048 fused_temps_allocs=1 fused_temps_bytes=14155776 fat_scratch_allocs=1 fat_scratch_bytes=98568192 fat_scratch_peak_bytes=98568192
(Worker_TP1 pid=1240) INFO 09-02 23:06:58 [exl3.py:451] exl3 fat-expert P0: layers=840 fat_layers=732 (87.1%) fat_expert_slots=16364 max_rows=2048 avg_max_rows=1231.3 hist_le128=108 hist_gt128=732 hist=[0, 10, 12, 86, 17, 67, 90, 558, 0]
(Worker_TP1 pid=1240) INFO 09-02 23:06:58 [exl3.py:464] exl3 e2 diag schema=1 configured_tier=kernel effective_tier=kernel tier_reason=kernel_ok shared_suh=1 shared_suh_layers=42/42 sym_exl3_moe=1 sym_fat_gemm=1 sym_fat_gemm_scatter=1 cap=12.1 cap_ok=1 tp_rank=1 tp_size=4 prefill_layer_calls=840 thin_calls=108 row_tile_calls=0 fallback_calls=kernel=731,batched=0,sorted=0,legacy=0 fallback_reasons=kernel_ok=731,thin_only=108 fat_expert_runs=16337 direct_calls=16337 scatter_calls=16337 fat_layers=732 fat_expert_slots=16364 max_rows=2048 fused_temps_allocs=1 fused_temps_bytes=14155776 fat_scratch_allocs=1 fat_scratch_bytes=98568192 fat_scratch_peak_bytes=98568192
(Worker_TP1 pid=1240) INFO 09-02 23:07:00 [exl3.py:451] exl3 fat-expert P0: layers=882 fat_layers=774 (87.8%) fat_expert_slots=17368 max_rows=2048 avg_max_rows=1243.5 hist_le128=108 hist_gt128=774 hist=[0, 10, 12, 86, 17, 71, 95, 591, 0]
(Worker_TP1 pid=1240) INFO 09-02 23:07:00 [exl3.py:464] exl3 e2 diag schema=1 configured_tier=kernel effective_tier=kernel tier_reason=kernel_ok shared_suh=1 shared_suh_layers=42/42 sym_exl3_moe=1 sym_fat_gemm=1 sym_fat_gemm_scatter=1 cap=12.1 cap_ok=1 tp_rank=1 tp_size=4 prefill_layer_calls=882 thin_calls=108 row_tile_calls=0 fallback_calls=kernel=773,batched=0,sorted=0,legacy=0 fallback_reasons=kernel_ok=773,thin_only=108 fat_expert_runs=17342 direct_calls=17342 scatter_calls=17342 fat_layers=774 fat_expert_slots=17368 max_rows=2048 fused_temps_allocs=1 fused_temps_bytes=14155776 fat_scratch_allocs=1 fat_scratch_bytes=98568192 fat_scratch_peak_bytes=98568192
(Worker_TP1 pid=1240) INFO 09-02 23:07:01 [exl3.py:451] exl3 fat-expert P0: layers=924 fat_layers=816 (88.3%) fat_expert_slots=18384 max_rows=2048 avg_max_rows=1254.5 hist_le128=108 hist_gt128=816 hist=[0, 10, 12, 86, 17, 75, 100, 624, 0]
(Worker_TP1 pid=1240) INFO 09-02 23:07:01 [exl3.py:464] exl3 e2 diag schema=1 configured_tier=kernel effective_tier=kernel tier_reason=kernel_ok shared_suh=1 shared_suh_layers=42/42 sym_exl3_moe=1 sym_fat_gemm=1 sym_fat_gemm_scatter=1 cap=12.1 cap_ok=1 tp_rank=1 tp_size=4 prefill_layer_calls=924 thin_calls=108 row_tile_calls=0 fallback_calls=kernel=815,batched=0,sorted=0,legacy=0 fallback_reasons=kernel_ok=815,thin_only=108 fat_expert_runs=18358 direct_calls=18358 scatter_calls=18358 fat_layers=816 fat_expert_slots=18384 max_rows=2048 fused_temps_allocs=1 fused_temps_bytes=14155776 fat_scratch_allocs=1 fat_scratch_bytes=98568192 fat_scratch_peak_bytes=98568192
(Worker_TP1 pid=1240) INFO 09-02 23:07:03 [exl3.py:451] exl3 fat-expert P0: layers=966 fat_layers=858 (88.8%) fat_expert_slots=19412 max_rows=2048 avg_max_rows=1263.8 hist_le128=108 hist_gt128=858 hist=[0, 10, 12, 86, 17, 78, 106, 657, 0]
(Worker_TP1 pid=1240) INFO 09-02 23:07:03 [exl3.py:464] exl3 e2 diag schema=1 configured_tier=kernel effective_tier=kernel tier_reason=kernel_ok shared_suh=1 shared_suh_layers=42/42 sym_exl3_moe=1 sym_fat_gemm=1 sym_fat_gemm_scatter=1 cap=12.1 cap_ok=1 tp_rank=1 tp_size=4 prefill_layer_calls=966 thin_calls=108 row_tile_calls=0 fallback_calls=kernel=857,batched=0,sorted=0,legacy=0 fallback_reasons=kernel_ok=857,thin_only=108 fat_expert_runs=19387 direct_calls=19387 scatter_calls=19387 fat_layers=858 fat_expert_slots=19412 max_rows=2048 fused_temps_allocs=1 fused_temps_bytes=14155776 fat_scratch_allocs=1 fat_scratch_bytes=98568192 fat_scratch_peak_bytes=98568192
(Worker_TP1 pid=1240) INFO 09-02 23:07:03 [exl3.py:451] exl3 fat-expert P0: layers=1008 fat_layers=900 (89.3%) fat_expert_slots=19916 max_rows=2048 avg_max_rows=1239.5 hist_le128=108 hist_gt128=900 hist=[0, 10, 12, 86, 23, 82, 138, 657, 0]
(Worker_TP1 pid=1240) INFO 09-02 23:07:03 [exl3.py:464] exl3 e2 diag schema=1 configured_tier=kernel effective_tier=kernel tier_reason=kernel_ok shared_suh=1 shared_suh_layers=42/42 sym_exl3_moe=1 sym_fat_gemm=1 sym_fat_gemm_scatter=1 cap=12.1 cap_ok=1 tp_rank=1 tp_size=4 prefill_layer_calls=1008 thin_calls=108 row_tile_calls=0 fallback_calls=kernel=899,batched=0,sorted=0,legacy=0 fallback_reasons=kernel_ok=899,thin_only=108 fat_expert_runs=19900 direct_calls=19900 scatter_calls=19900 fat_layers=900 fat_expert_slots=19916 max_rows=2048 fused_temps_allocs=1 fused_temps_bytes=14155776 fat_scratch_allocs=1 fat_scratch_bytes=98568192 fat_scratch_peak_bytes=98568192
(Worker_TP1 pid=1240) INFO 09-02 23:07:04 [exl3.py:451] exl3 fat-expert P0: layers=1050 fat_layers=900 (85.7%) fat_expert_slots=19916 max_rows=2048 avg_max_rows=1192.7 hist_le128=150 hist_gt128=900 hist=[0, 14, 18, 118, 23, 82, 138, 657, 0]
(Worker_TP1 pid=1240) INFO 09-02 23:07:04 [exl3.py:464] exl3 e2 diag schema=1 configured_tier=kernel effective_tier=kernel tier_reason=kernel_ok shared_suh=1 shared_suh_layers=42/42 sym_exl3_moe=1 sym_fat_gemm=1 sym_fat_gemm_scatter=1 cap=12.1 cap_ok=1 tp_rank=1 tp_size=4 prefill_layer_calls=1050 thin_calls=149 row_tile_calls=0 fallback_calls=kernel=900,batched=0,sorted=0,legacy=0 fallback_reasons=kernel_ok=900,thin_only=149 fat_expert_runs=19916 direct_calls=19916 scatter_calls=19916 fat_layers=900 fat_expert_slots=19916 max_rows=2048 fused_temps_allocs=1 fused_temps_bytes=14155776 fat_scratch_allocs=1 fat_scratch_bytes=98568192 fat_scratch_peak_bytes=98568192
(Worker_TP1 pid=1240) INFO 09-02 23:07:14 [exl3.py:451] exl3 fat-expert P0: layers=1092 fat_layers=942 (86.3%) fat_expert_slots=20621 max_rows=2048 avg_max_rows=1184.4 hist_le128=150 hist_gt128=942 hist=[0, 14, 18, 118, 23, 89, 145, 685, 0]
(Worker_TP1 pid=1240) INFO 09-02 23:07:14 [exl3.py:464] exl3 e2 diag schema=1 configured_tier=kernel effective_tier=kernel tier_reason=kernel_ok shared_suh=1 shared_suh_layers=42/42 sym_exl3_moe=1 sym_fat_gemm=1 sym_fat_gemm_scatter=1 cap=12.1 cap_ok=1 tp_rank=1 tp_size=4 prefill_layer_calls=1092 thin_calls=150 row_tile_calls=0 fallback_calls=kernel=941,batched=0,sorted=0,legacy=0 fallback_reasons=kernel_ok=941,thin_only=150 fat_expert_runs=20602 direct_calls=20602 scatter_calls=20602 fat_layers=942 fat_expert_slots=20621 max_rows=2048 fused_temps_allocs=1 fused_temps_bytes=14155776 fat_scratch_allocs=1 fat_scratch_bytes=98568192 fat_scratch_peak_bytes=98568192
(Worker_TP1 pid=1240) INFO 09-02 23:08:47 [exl3.py:451] exl3 fat-expert P0: layers=1134 fat_layers=980 (86.4%) fat_expert_slots=20771 max_rows=2048 avg_max_rows=1150.3 hist_le128=154 hist_gt128=980 hist=[0, 14, 18, 122, 44, 106, 145, 685, 0]
(Worker_TP1 pid=1240) INFO 09-02 23:08:47 [exl3.py:464] exl3 e2 diag schema=1 configured_tier=kernel effective_tier=kernel tier_reason=kernel_ok shared_suh=1 shared_suh_layers=42/42 sym_exl3_moe=1 sym_fat_gemm=1 sym_fat_gemm_scatter=1 cap=12.1 cap_ok=1 tp_rank=1 tp_size=4 prefill_layer_calls=1134 thin_calls=154 row_tile_calls=0 fallback_calls=kernel=979,batched=0,sorted=0,legacy=0 fallback_reasons=kernel_ok=979,thin_only=154 fat_expert_runs=20770 direct_calls=20770 scatter_calls=20770 fat_layers=980 fat_expert_slots=20771 max_rows=2048 fused_temps_allocs=1 fused_temps_bytes=14155776 fat_scratch_allocs=1 fat_scratch_bytes=98568192 fat_scratch_peak_bytes=98568192
(Worker_TP1 pid=1240) INFO 09-02 23:11:23 [exl3.py:451] exl3 fat-expert P0: layers=1176 fat_layers=1006 (85.5%) fat_expert_slots=20822 max_rows=2048 avg_max_rows=1114.5 hist_le128=170 hist_gt128=1006 hist=[0, 14, 23, 133, 68, 108, 145, 685, 0]
(Worker_TP1 pid=1240) INFO 09-02 23:11:23 [exl3.py:464] exl3 e2 diag schema=1 configured_tier=kernel effective_tier=kernel tier_reason=kernel_ok shared_suh=1 shared_suh_layers=42/42 sym_exl3_moe=1 sym_fat_gemm=1 sym_fat_gemm_scatter=1 cap=12.1 cap_ok=1 tp_rank=1 tp_size=4 prefill_layer_calls=1176 thin_calls=169 row_tile_calls=0 fallback_calls=kernel=1006,batched=0,sorted=0,legacy=0 fallback_reasons=kernel_ok=1006,thin_only=169 fat_expert_runs=20822 direct_calls=20822 scatter_calls=20822 fat_layers=1006 fat_expert_slots=20822 max_rows=2048 fused_temps_allocs=1 fused_temps_bytes=14155776 fat_scratch_allocs=1 fat_scratch_bytes=98568192 fat_scratch_peak_bytes=98568192
(Worker_TP1 pid=1240) INFO 09-02 23:11:36 [exl3.py:451] exl3 fat-expert P0: layers=1218 fat_layers=1048 (86.0%) fat_expert_slots=21894 max_rows=2048 avg_max_rows=1124.3 hist_le128=170 hist_gt128=1048 hist=[0, 14, 23, 133, 68, 111, 151, 718, 0]
(Worker_TP1 pid=1240) INFO 09-02 23:11:36 [exl3.py:464] exl3 e2 diag schema=1 configured_tier=kernel effective_tier=kernel tier_reason=kernel_ok shared_suh=1 shared_suh_layers=42/42 sym_exl3_moe=1 sym_fat_gemm=1 sym_fat_gemm_scatter=1 cap=12.1 cap_ok=1 tp_rank=1 tp_size=4 prefill_layer_calls=1218 thin_calls=170 row_tile_calls=0 fallback_calls=kernel=1047,batched=0,sorted=0,legacy=0 fallback_reasons=kernel_ok=1047,thin_only=170 fat_expert_runs=21871 direct_calls=21871 scatter_calls=21871 fat_layers=1048 fat_expert_slots=21894 max_rows=2048 fused_temps_allocs=1 fused_temps_bytes=14155776 fat_scratch_allocs=1 fat_scratch_bytes=98568192 fat_scratch_peak_bytes=98568192
(Worker_TP1 pid=1240) INFO 09-02 23:11:38 [exl3.py:451] exl3 fat-expert P0: layers=1260 fat_layers=1090 (86.5%) fat_expert_slots=22960 max_rows=2048 avg_max_rows=1135.2 hist_le128=170 hist_gt128=1090 hist=[0, 14, 23, 133, 68, 115, 154, 753, 0]
(Worker_TP1 pid=1240) INFO 09-02 23:11:38 [exl3.py:464] exl3 e2 diag schema=1 configured_tier=kernel effective_tier=kernel tier_reason=kernel_ok shared_suh=1 shared_suh_layers=42/42 sym_exl3_moe=1 sym_fat_gemm=1 sym_fat_gemm_scatter=1 cap=12.1 cap_ok=1 tp_rank=1 tp_size=4 prefill_layer_calls=1260 thin_calls=170 row_tile_calls=0 fallback_calls=kernel=1089,batched=0,sorted=0,legacy=0 fallback_reasons=kernel_ok=1089,thin_only=170 fat_expert_runs=22940 direct_calls=22940 scatter_calls=22940 fat_layers=1090 fat_expert_slots=22960 max_rows=2048 fused_temps_allocs=1 fused_temps_bytes=14155776 fat_scratch_allocs=1 fat_scratch_bytes=98568192 fat_scratch_peak_bytes=98568192
(Worker_TP1 pid=1240) INFO 09-02 23:11:39 [exl3.py:451] exl3 fat-expert P0: layers=1302 fat_layers=1132 (86.9%) fat_expert_slots=24005 max_rows=2048 avg_max_rows=1144.9 hist_le128=170 hist_gt128=1132 hist=[0, 14, 23, 133, 68, 119, 158, 787, 0]
(Worker_TP1 pid=1240) INFO 09-02 23:11:39 [exl3.py:464] exl3 e2 diag schema=1 configured_tier=kernel effective_tier=kernel tier_reason=kernel_ok shared_suh=1 shared_suh_layers=42/42 sym_exl3_moe=1 sym_fat_gemm=1 sym_fat_gemm_scatter=1 cap=12.1 cap_ok=1 tp_rank=1 tp_size=4 prefill_layer_calls=1302 thin_calls=170 row_tile_calls=0 fallback_calls=kernel=1131,batched=0,sorted=0,legacy=0 fallback_reasons=kernel_ok=1131,thin_only=170 fat_expert_runs=23984 direct_calls=23984 scatter_calls=23984 fat_layers=1132 fat_expert_slots=24005 max_rows=2048 fused_temps_allocs=1 fused_temps_bytes=14155776 fat_scratch_allocs=1 fat_scratch_bytes=98568192 fat_scratch_peak_bytes=98568192
(Worker_TP1 pid=1240) INFO 09-02 23:11:41 [exl3.py:451] exl3 fat-expert P0: layers=1344 fat_layers=1174 (87.4%) fat_expert_slots=25075 max_rows=2048 avg_max_rows=1155.3 hist_le128=170 hist_gt128=1174 hist=[0, 14, 23, 133, 68, 123, 161, 822, 0]
(Worker_TP1 pid=1240) INFO 09-02 23:11:41 [exl3.py:464] exl3 e2 diag schema=1 configured_tier=kernel effective_tier=kernel tier_reason=kernel_ok shared_suh=1 shared_suh_layers=42/42 sym_exl3_moe=1 sym_fat_gemm=1 sym_fat_gemm_scatter=1 cap=12.1 cap_ok=1 tp_rank=1 tp_size=4 prefill_layer_calls=1344 thin_calls=170 row_tile_calls=0 fallback_calls=kernel=1173,batched=0,sorted=0,legacy=0 fallback_reasons=kernel_ok=1173,thin_only=170 fat_expert_runs=25055 direct_calls=25055 scatter_calls=25055 fat_layers=1174 fat_expert_slots=25075 max_rows=2048 fused_temps_allocs=1 fused_temps_bytes=14155776 fat_scratch_allocs=1 fat_scratch_bytes=98568192 fat_scratch_peak_bytes=98568192
(Worker_TP1 pid=1240) INFO 09-02 23:11:42 [exl3.py:451] exl3 fat-expert P0: layers=1386 fat_layers=1216 (87.7%) fat_expert_slots=26138 max_rows=2048 avg_max_rows=1165.2 hist_le128=170 hist_gt128=1216 hist=[0, 14, 23, 133, 68, 126, 165, 857, 0]
(Worker_TP1 pid=1240) INFO 09-02 23:11:42 [exl3.py:464] exl3 e2 diag schema=1 configured_tier=kernel effective_tier=kernel tier_reason=kernel_ok shared_suh=1 shared_suh_layers=42/42 sym_exl3_moe=1 sym_fat_gemm=1 sym_fat_gemm_scatter=1 cap=12.1 cap_ok=1 tp_rank=1 tp_size=4 prefill_layer_calls=1386 thin_calls=170 row_tile_calls=0 fallback_calls=kernel=1215,batched=0,sorted=0,legacy=0 fallback_reasons=kernel_ok=1215,thin_only=170 fat_expert_runs=26118 direct_calls=26118 scatter_calls=26118 fat_layers=1216 fat_expert_slots=26138 max_rows=2048 fused_temps_allocs=1 fused_temps_bytes=14155776 fat_scratch_allocs=1 fat_scratch_bytes=98568192 fat_scratch_peak_bytes=98568192
(Worker_TP1 pid=1240) INFO 09-02 23:11:43 [exl3.py:451] exl3 fat-expert P0: layers=1428 fat_layers=1258 (88.1%) fat_expert_slots=27178 max_rows=2048 avg_max_rows=1174.2 hist_le128=170 hist_gt128=1258 hist=[0, 14, 23, 133, 68, 129, 170, 891, 0]
(Worker_TP1 pid=1240) INFO 09-02 23:11:43 [exl3.py:464] exl3 e2 diag schema=1 configured_tier=kernel effective_tier=kernel tier_reason=kernel_ok shared_suh=1 shared_suh_layers=42/42 sym_exl3_moe=1 sym_fat_gemm=1 sym_fat_gemm_scatter=1 cap=12.1 cap_ok=1 tp_rank=1 tp_size=4 prefill_layer_calls=1428 thin_calls=170 row_tile_calls=0 fallback_calls=kernel=1257,batched=0,sorted=0,legacy=0 fallback_reasons=kernel_ok=1257,thin_only=170 fat_expert_runs=27158 direct_calls=27158 scatter_calls=27158 fat_layers=1258 fat_expert_slots=27178 max_rows=2048 fused_temps_allocs=1 fused_temps_bytes=14155776 fat_scratch_allocs=1 fat_scratch_bytes=98568192 fat_scratch_peak_bytes=98568192
(Worker_TP1 pid=1240) INFO 09-02 23:11:45 [exl3.py:451] exl3 fat-expert P0: layers=1470 fat_layers=1300 (88.4%) fat_expert_slots=28223 max_rows=2048 avg_max_rows=1182.4 hist_le128=170 hist_gt128=1300 hist=[0, 14, 23, 133, 68, 132, 175, 925, 0]
(Worker_TP1 pid=1240) INFO 09-02 23:11:45 [exl3.py:464] exl3 e2 diag schema=1 configured_tier=kernel effective_tier=kernel tier_reason=kernel_ok shared_suh=1 shared_suh_layers=42/42 sym_exl3_moe=1 sym_fat_gemm=1 sym_fat_gemm_scatter=1 cap=12.1 cap_ok=1 tp_rank=1 tp_size=4 prefill_layer_calls=1470 thin_calls=170 row_tile_calls=0 fallback_calls=kernel=1299,batched=0,sorted=0,legacy=0 fallback_reasons=kernel_ok=1299,thin_only=170 fat_expert_runs=28205 direct_calls=28205 scatter_calls=28205 fat_layers=1300 fat_expert_slots=28223 max_rows=2048 fused_temps_allocs=1 fused_temps_bytes=14155776 fat_scratch_allocs=1 fat_scratch_bytes=98568192 fat_scratch_peak_bytes=98568192
(Worker_TP1 pid=1240) INFO 09-02 23:11:46 [exl3.py:451] exl3 fat-expert P0: layers=1512 fat_layers=1342 (88.8%) fat_expert_slots=29282 max_rows=2048 avg_max_rows=1190.6 hist_le128=170 hist_gt128=1342 hist=[0, 14, 23, 133, 68, 135, 179, 960, 0]
(Worker_TP1 pid=1240) INFO 09-02 23:11:46 [exl3.py:464] exl3 e2 diag schema=1 configured_tier=kernel effective_tier=kernel tier_reason=kernel_ok shared_suh=1 shared_suh_layers=42/42 sym_exl3_moe=1 sym_fat_gemm=1 sym_fat_gemm_scatter=1 cap=12.1 cap_ok=1 tp_rank=1 tp_size=4 prefill_layer_calls=1512 thin_calls=170 row_tile_calls=0 fallback_calls=kernel=1341,batched=0,sorted=0,legacy=0 fallback_reasons=kernel_ok=1341,thin_only=170 fat_expert_runs=29265 direct_calls=29265 scatter_calls=29265 fat_layers=1342 fat_expert_slots=29282 max_rows=2048 fused_temps_allocs=1 fused_temps_bytes=14155776 fat_scratch_allocs=1 fat_scratch_bytes=98568192 fat_scratch_peak_bytes=98568192
(Worker_TP1 pid=1240) INFO 09-02 23:11:48 [exl3.py:451] exl3 fat-expert P0: layers=1554 fat_layers=1384 (89.1%) fat_expert_slots=30337 max_rows=2048 avg_max_rows=1197.9 hist_le128=170 hist_gt128=1384 hist=[0, 14, 23, 133, 68, 139, 182, 995, 0]
(Worker_TP1 pid=1240) INFO 09-02 23:11:48 [exl3.py:464] exl3 e2 diag schema=1 configured_tier=kernel effective_tier=kernel tier_reason=kernel_ok shared_suh=1 shared_suh_layers=42/42 sym_exl3_moe=1 sym_fat_gemm=1 sym_fat_gemm_scatter=1 cap=12.1 cap_ok=1 tp_rank=1 tp_size=4 prefill_layer_calls=1554 thin_calls=170 row_tile_calls=0 fallback_calls=kernel=1383,batched=0,sorted=0,legacy=0 fallback_reasons=kernel_ok=1383,thin_only=170 fat_expert_runs=30318 direct_calls=30318 scatter_calls=30318 fat_layers=1384 fat_expert_slots=30337 max_rows=2048 fused_temps_allocs=1 fused_temps_bytes=14155776 fat_scratch_allocs=1 fat_scratch_bytes=98568192 fat_scratch_peak_bytes=98568192
(Worker_TP1 pid=1240) INFO 09-02 23:11:49 [exl3.py:451] exl3 fat-expert P0: layers=1596 fat_layers=1426 (89.3%) fat_expert_slots=31392 max_rows=2048 avg_max_rows=1204.8 hist_le128=170 hist_gt128=1426 hist=[0, 14, 23, 133, 68, 143, 185, 1030, 0]
(Worker_TP1 pid=1240) INFO 09-02 23:11:49 [exl3.py:464] exl3 e2 diag schema=1 configured_tier=kernel effective_tier=kernel tier_reason=kernel_ok shared_suh=1 shared_suh_layers=42/42 sym_exl3_moe=1 sym_fat_gemm=1 sym_fat_gemm_scatter=1 cap=12.1 cap_ok=1 tp_rank=1 tp_size=4 prefill_layer_calls=1596 thin_calls=170 row_tile_calls=0 fallback_calls=kernel=1425,batched=0,sorted=0,legacy=0 fallback_reasons=kernel_ok=1425,thin_only=170 fat_expert_runs=31377 direct_calls=31377 scatter_calls=31377 fat_layers=1426 fat_expert_slots=31392 max_rows=2048 fused_temps_allocs=1 fused_temps_bytes=14155776 fat_scratch_allocs=1 fat_scratch_bytes=98568192 fat_scratch_peak_bytes=98568192
(Worker_TP1 pid=1240) INFO 09-02 23:11:51 [exl3.py:451] exl3 fat-expert P0: layers=1638 fat_layers=1468 (89.6%) fat_expert_slots=32446 max_rows=2048 avg_max_rows=1210.6 hist_le128=170 hist_gt128=1468 hist=[0, 14, 23, 133, 68, 146, 191, 1063, 0]
(Worker_TP1 pid=1240) INFO 09-02 23:11:51 [exl3.py:464] exl3 e2 diag schema=1 configured_tier=kernel effective_tier=kernel tier_reason=kernel_ok shared_suh=1 shared_suh_layers=42/42 sym_exl3_moe=1 sym_fat_gemm=1 sym_fat_gemm_scatter=1 cap=12.1 cap_ok=1 tp_rank=1 tp_size=4 prefill_layer_calls=1638 thin_calls=170 row_tile_calls=0 fallback_calls=kernel=1467,batched=0,sorted=0,legacy=0 fallback_reasons=kernel_ok=1467,thin_only=170 fat_expert_runs=32429 direct_calls=32429 scatter_calls=32429 fat_layers=1468 fat_expert_slots=32446 max_rows=2048 fused_temps_allocs=1 fused_temps_bytes=14155776 fat_scratch_allocs=1 fat_scratch_bytes=98568192 fat_scratch_peak_bytes=98568192
(Worker_TP1 pid=1240) INFO 09-02 23:11:52 [exl3.py:451] exl3 fat-expert P0: layers=1680 fat_layers=1510 (89.9%) fat_expert_slots=33489 max_rows=2048 avg_max_rows=1216.3 hist_le128=170 hist_gt128=1510 hist=[0, 14, 23, 133, 68, 149, 197, 1096, 0]
(Worker_TP1 pid=1240) INFO 09-02 23:11:52 [exl3.py:464] exl3 e2 diag schema=1 configured_tier=kernel effective_tier=kernel tier_reason=kernel_ok shared_suh=1 shared_suh_layers=42/42 sym_exl3_moe=1 sym_fat_gemm=1 sym_fat_gemm_scatter=1 cap=12.1 cap_ok=1 tp_rank=1 tp_size=4 prefill_layer_calls=1680 thin_calls=170 row_tile_calls=0 fallback_calls=kernel=1509,batched=0,sorted=0,legacy=0 fallback_reasons=kernel_ok=1509,thin_only=170 fat_expert_runs=33474 direct_calls=33474 scatter_calls=33474 fat_layers=1510 fat_expert_slots=33489 max_rows=2048 fused_temps_allocs=1 fused_temps_bytes=14155776 fat_scratch_allocs=1 fat_scratch_bytes=98568192 fat_scratch_peak_bytes=98568192
(Worker_TP1 pid=1240) INFO 09-02 23:11:53 [exl3.py:451] exl3 fat-expert P0: layers=1722 fat_layers=1552 (90.1%) fat_expert_slots=34531 max_rows=2048 avg_max_rows=1221.5 hist_le128=170 hist_gt128=1552 hist=[0, 14, 23, 133, 68, 152, 204, 1128, 0]
(Worker_TP1 pid=1240) INFO 09-02 23:11:53 [exl3.py:464] exl3 e2 diag schema=1 configured_tier=kernel effective_tier=kernel tier_reason=kernel_ok shared_suh=1 shared_suh_layers=42/42 sym_exl3_moe=1 sym_fat_gemm=1 sym_fat_gemm_scatter=1 cap=12.1 cap_ok=1 tp_rank=1 tp_size=4 prefill_layer_calls=1722 thin_calls=170 row_tile_calls=0 fallback_calls=kernel=1551,batched=0,sorted=0,legacy=0 fallback_reasons=kernel_ok=1551,thin_only=170 fat_expert_runs=34515 direct_calls=34515 scatter_calls=34515 fat_layers=1552 fat_expert_slots=34531 max_rows=2048 fused_temps_allocs=1 fused_temps_bytes=14155776 fat_scratch_allocs=1 fat_scratch_bytes=98568192 fat_scratch_peak_bytes=98568192
(Worker_TP1 pid=1240) INFO 09-02 23:11:55 [exl3.py:451] exl3 fat-expert P0: layers=1764 fat_layers=1594 (90.4%) fat_expert_slots=35553 max_rows=2048 avg_max_rows=1227.4 hist_le128=170 hist_gt128=1594 hist=[0, 14, 23, 133, 68, 156, 207, 1163, 0]
(Worker_TP1 pid=1240) INFO 09-02 23:11:55 [exl3.py:464] exl3 e2 diag schema=1 configured_tier=kernel effective_tier=kernel tier_reason=kernel_ok shared_suh=1 shared_suh_layers=42/42 sym_exl3_moe=1 sym_fat_gemm=1 sym_fat_gemm_scatter=1 cap=12.1 cap_ok=1 tp_rank=1 tp_size=4 prefill_layer_calls=1764 thin_calls=170 row_tile_calls=0 fallback_calls=kernel=1593,batched=0,sorted=0,legacy=0 fallback_reasons=kernel_ok=1593,thin_only=170 fat_expert_runs=35534 direct_calls=35534 scatter_calls=35534 fat_layers=1594 fat_expert_slots=35553 max_rows=2048 fused_temps_allocs=1 fused_temps_bytes=14155776 fat_scratch_allocs=1 fat_scratch_bytes=98568192 fat_scratch_peak_bytes=98568192
(Worker_TP1 pid=1240) INFO 09-02 23:11:56 [exl3.py:451] exl3 fat-expert P0: layers=1806 fat_layers=1636 (90.6%) fat_expert_slots=36576 max_rows=2048 avg_max_rows=1233.4 hist_le128=170 hist_gt128=1636 hist=[0, 14, 23, 133, 68, 160, 211, 1197, 0]
(Worker_TP1 pid=1240) INFO 09-02 23:11:56 [exl3.py:464] exl3 e2 diag schema=1 configured_tier=kernel effective_tier=kernel tier_reason=kernel_ok shared_suh=1 shared_suh_layers=42/42 sym_exl3_moe=1 sym_fat_gemm=1 sym_fat_gemm_scatter=1 cap=12.1 cap_ok=1 tp_rank=1 tp_size=4 prefill_layer_calls=1806 thin_calls=170 row_tile_calls=0 fallback_calls=kernel=1635,batched=0,sorted=0,legacy=0 fallback_reasons=kernel_ok=1635,thin_only=170 fat_expert_runs=36557 direct_calls=36557 scatter_calls=36557 fat_layers=1636 fat_expert_slots=36576 max_rows=2048 fused_temps_allocs=1 fused_temps_bytes=14155776 fat_scratch_allocs=1 fat_scratch_bytes=98568192 fat_scratch_peak_bytes=98568192
(Worker_TP1 pid=1240) INFO 09-02 23:11:58 [exl3.py:451] exl3 fat-expert P0: layers=1848 fat_layers=1678 (90.8%) fat_expert_slots=37600 max_rows=2048 avg_max_rows=1239.2 hist_le128=170 hist_gt128=1678 hist=[0, 14, 23, 133, 68, 164, 215, 1231, 0]
(Worker_TP1 pid=1240) INFO 09-02 23:11:58 [exl3.py:464] exl3 e2 diag schema=1 configured_tier=kernel effective_tier=kernel tier_reason=kernel_ok shared_suh=1 shared_suh_layers=42/42 sym_exl3_moe=1 sym_fat_gemm=1 sym_fat_gemm_scatter=1 cap=12.1 cap_ok=1 tp_rank=1 tp_size=4 prefill_layer_calls=1848 thin_calls=170 row_tile_calls=0 fallback_calls=kernel=1677,batched=0,sorted=0,legacy=0 fallback_reasons=kernel_ok=1677,thin_only=170 fat_expert_runs=37585 direct_calls=37585 scatter_calls=37585 fat_layers=1678 fat_expert_slots=37600 max_rows=2048 fused_temps_allocs=1 fused_temps_bytes=14155776 fat_scratch_allocs=1 fat_scratch_bytes=98568192 fat_scratch_peak_bytes=98568192
(Worker_TP1 pid=1240) INFO 09-02 23:11:59 [exl3.py:451] exl3 fat-expert P0: layers=1890 fat_layers=1720 (91.0%) fat_expert_slots=38631 max_rows=2048 avg_max_rows=1244.2 hist_le128=170 hist_gt128=1720 hist=[0, 14, 23, 133, 68, 167, 221, 1264, 0]
(Worker_TP1 pid=1240) INFO 09-02 23:11:59 [exl3.py:464] exl3 e2 diag schema=1 configured_tier=kernel effective_tier=kernel tier_reason=kernel_ok shared_suh=1 shared_suh_layers=42/42 sym_exl3_moe=1 sym_fat_gemm=1 sym_fat_gemm_scatter=1 cap=12.1 cap_ok=1 tp_rank=1 tp_size=4 prefill_layer_calls=1890 thin_calls=170 row_tile_calls=0 fallback_calls=kernel=1719,batched=0,sorted=0,legacy=0 fallback_reasons=kernel_ok=1719,thin_only=170 fat_expert_runs=38616 direct_calls=38616 scatter_calls=38616 fat_layers=1720 fat_expert_slots=38631 max_rows=2048 fused_temps_allocs=1 fused_temps_bytes=14155776 fat_scratch_allocs=1 fat_scratch_bytes=98568192 fat_scratch_peak_bytes=98568192
(Worker_TP1 pid=1240) INFO 09-02 23:12:01 [exl3.py:451] exl3 fat-expert P0: layers=1932 fat_layers=1762 (91.2%) fat_expert_slots=39650 max_rows=2048 avg_max_rows=1249.1 hist_le128=170 hist_gt128=1762 hist=[0, 14, 23, 133, 68, 170, 228, 1296, 0]
(Worker_TP1 pid=1240) INFO 09-02 23:12:01 [exl3.py:464] exl3 e2 diag schema=1 configured_tier=kernel effective_tier=kernel tier_reason=kernel_ok shared_suh=1 shared_suh_layers=42/42 sym_exl3_moe=1 sym_fat_gemm=1 sym_fat_gemm_scatter=1 cap=12.1 cap_ok=1 tp_rank=1 tp_size=4 prefill_layer_calls=1932 thin_calls=170 row_tile_calls=0 fallback_calls=kernel=1761,batched=0,sorted=0,legacy=0 fallback_reasons=kernel_ok=1761,thin_only=170 fat_expert_runs=39633 direct_calls=39633 scatter_calls=39633 fat_layers=1762 fat_expert_slots=39650 max_rows=2048 fused_temps_allocs=1 fused_temps_bytes=14155776 fat_scratch_allocs=1 fat_scratch_bytes=98568192 fat_scratch_peak_bytes=98568192
(Worker_TP1 pid=1240) INFO 09-02 23:12:02 [exl3.py:451] exl3 fat-expert P0: layers=1974 fat_layers=1804 (91.4%) fat_expert_slots=40701 max_rows=2048 avg_max_rows=1253.6 hist_le128=170 hist_gt128=1804 hist=[0, 14, 23, 133, 68, 174, 233, 1329, 0]
(Worker_TP1 pid=1240) INFO 09-02 23:12:02 [exl3.py:464] exl3 e2 diag schema=1 configured_tier=kernel effective_tier=kernel tier_reason=kernel_ok shared_suh=1 shared_suh_layers=42/42 sym_exl3_moe=1 sym_fat_gemm=1 sym_fat_gemm_scatter=1 cap=12.1 cap_ok=1 tp_rank=1 tp_size=4 prefill_layer_calls=1974 thin_calls=170 row_tile_calls=0 fallback_calls=kernel=1803,batched=0,sorted=0,legacy=0 fallback_reasons=kernel_ok=1803,thin_only=170 fat_expert_runs=40686 direct_calls=40686 scatter_calls=40686 fat_layers=1804 fat_expert_slots=40701 max_rows=2048 fused_temps_allocs=1 fused_temps_bytes=14155776 fat_scratch_allocs=1 fat_scratch_bytes=98568192 fat_scratch_peak_bytes=98568192
(Worker_TP1 pid=1240) INFO 09-02 23:12:04 [exl3.py:451] exl3 fat-expert P0: layers=2016 fat_layers=1846 (91.6%) fat_expert_slots=41744 max_rows=2048 avg_max_rows=1257.9 hist_le128=170 hist_gt128=1846 hist=[0, 14, 23, 133, 68, 178, 238, 1362, 0]
(Worker_TP1 pid=1240) INFO 09-02 23:12:04 [exl3.py:464] exl3 e2 diag schema=1 configured_tier=kernel effective_tier=kernel tier_reason=kernel_ok shared_suh=1 shared_suh_layers=42/42 sym_exl3_moe=1 sym_fat_gemm=1 sym_fat_gemm_scatter=1 cap=12.1 cap_ok=1 tp_rank=1 tp_size=4 prefill_layer_calls=2016 thin_calls=170 row_tile_calls=0 fallback_calls=kernel=1845,batched=0,sorted=0,legacy=0 fallback_reasons=kernel_ok=1845,thin_only=170 fat_expert_runs=41730 direct_calls=41730 scatter_calls=41730 fat_layers=1846 fat_expert_slots=41744 max_rows=2048 fused_temps_allocs=1 fused_temps_bytes=14155776 fat_scratch_allocs=1 fat_scratch_bytes=98568192 fat_scratch_peak_bytes=98568192
(Worker_TP1 pid=1240) INFO 09-02 23:12:05 [exl3.py:451] exl3 fat-expert P0: layers=2058 fat_layers=1888 (91.7%) fat_expert_slots=42794 max_rows=2048 avg_max_rows=1261.9 hist_le128=170 hist_gt128=1888 hist=[0, 14, 23, 133, 68, 181, 244, 1395, 0]
(Worker_TP1 pid=1240) INFO 09-02 23:12:05 [exl3.py:464] exl3 e2 diag schema=1 configured_tier=kernel effective_tier=kernel tier_reason=kernel_ok shared_suh=1 shared_suh_layers=42/42 sym_exl3_moe=1 sym_fat_gemm=1 sym_fat_gemm_scatter=1 cap=12.1 cap_ok=1 tp_rank=1 tp_size=4 prefill_layer_calls=2058 thin_calls=170 row_tile_calls=0 fallback_calls=kernel=1887,batched=0,sorted=0,legacy=0 fallback_reasons=kernel_ok=1887,thin_only=170 fat_expert_runs=42780 direct_calls=42780 scatter_calls=42780 fat_layers=1888 fat_expert_slots=42794 max_rows=2048 fused_temps_allocs=1 fused_temps_bytes=14155776 fat_scratch_allocs=1 fat_scratch_bytes=98568192 fat_scratch_peak_bytes=98568192
(Worker_TP1 pid=1240) INFO 09-02 23:12:07 [exl3.py:451] exl3 fat-expert P0: layers=2100 fat_layers=1930 (91.9%) fat_expert_slots=43864 max_rows=2048 avg_max_rows=1265.6 hist_le128=170 hist_gt128=1930 hist=[0, 14, 23, 133, 68, 185, 249, 1428, 0]
(Worker_TP1 pid=1240) INFO 09-02 23:12:07 [exl3.py:464] exl3 e2 diag schema=1 configured_tier=kernel effective_tier=kernel tier_reason=kernel_ok shared_suh=1 shared_suh_layers=42/42 sym_exl3_moe=1 sym_fat_gemm=1 sym_fat_gemm_scatter=1 cap=12.1 cap_ok=1 tp_rank=1 tp_size=4 prefill_layer_calls=2100 thin_calls=170 row_tile_calls=0 fallback_calls=kernel=1929,batched=0,sorted=0,legacy=0 fallback_reasons=kernel_ok=1929,thin_only=170 fat_expert_runs=43852 direct_calls=43852 scatter_calls=43852 fat_layers=1930 fat_expert_slots=43864 max_rows=2048 fused_temps_allocs=1 fused_temps_bytes=14155776 fat_scratch_allocs=1 fat_scratch_bytes=98568192 fat_scratch_peak_bytes=98568192
(Worker_TP1 pid=1240) INFO 09-02 23:12:08 [exl3.py:451] exl3 fat-expert P0: layers=2142 fat_layers=1972 (92.1%) fat_expert_slots=44952 max_rows=2048 avg_max_rows=1269.2 hist_le128=170 hist_gt128=1972 hist=[0, 14, 23, 133, 68, 190, 252, 1462, 0]
(Worker_TP1 pid=1240) INFO 09-02 23:12:08 [exl3.py:464] exl3 e2 diag schema=1 configured_tier=kernel effective_tier=kernel tier_reason=kernel_ok shared_suh=1 shared_suh_layers=42/42 sym_exl3_moe=1 sym_fat_gemm=1 sym_fat_gemm_scatter=1 cap=12.1 cap_ok=1 tp_rank=1 tp_size=4 prefill_layer_calls=2142 thin_calls=170 row_tile_calls=0 fallback_calls=kernel=1971,batched=0,sorted=0,legacy=0 fallback_reasons=kernel_ok=1971,thin_only=170 fat_expert_runs=44940 direct_calls=44940 scatter_calls=44940 fat_layers=1972 fat_expert_slots=44952 max_rows=2048 fused_temps_allocs=1 fused_temps_bytes=14155776 fat_scratch_allocs=1 fat_scratch_bytes=98568192 fat_scratch_peak_bytes=98568192
(Worker_TP1 pid=1240) INFO 09-02 23:12:09 [exl3.py:451] exl3 fat-expert P0: layers=2184 fat_layers=2014 (92.2%) fat_expert_slots=46008 max_rows=2048 avg_max_rows=1273.2 hist_le128=170 hist_gt128=2014 hist=[0, 14, 23, 133, 68, 194, 257, 1495, 0]
(Worker_TP1 pid=1240) INFO 09-02 23:12:09 [exl3.py:464] exl3 e2 diag schema=1 configured_tier=kernel effective_tier=kernel tier_reason=kernel_ok shared_suh=1 shared_suh_layers=42/42 sym_exl3_moe=1 sym_fat_gemm=1 sym_fat_gemm_scatter=1 cap=12.1 cap_ok=1 tp_rank=1 tp_size=4 prefill_layer_calls=2184 thin_calls=170 row_tile_calls=0 fallback_calls=kernel=2013,batched=0,sorted=0,legacy=0 fallback_reasons=kernel_ok=2013,thin_only=170 fat_expert_runs=45997 direct_calls=45997 scatter_calls=45997 fat_layers=2014 fat_expert_slots=46008 max_rows=2048 fused_temps_allocs=1 fused_temps_bytes=14155776 fat_scratch_allocs=1 fat_scratch_bytes=98568192 fat_scratch_peak_bytes=98568192
(Worker_TP1 pid=1240) INFO 09-02 23:12:11 [exl3.py:451] exl3 fat-expert P0: layers=2226 fat_layers=2056 (92.4%) fat_expert_slots=47096 max_rows=2048 avg_max_rows=1276.4 hist_le128=170 hist_gt128=2056 hist=[0, 14, 23, 133, 68, 199, 262, 1527, 0]
(Worker_TP1 pid=1240) INFO 09-02 23:12:11 [exl3.py:464] exl3 e2 diag schema=1 configured_tier=kernel effective_tier=kernel tier_reason=kernel_ok shared_suh=1 shared_suh_layers=42/42 sym_exl3_moe=1 sym_fat_gemm=1 sym_fat_gemm_scatter=1 cap=12.1 cap_ok=1 tp_rank=1 tp_size=4 prefill_layer_calls=2226 thin_calls=170 row_tile_calls=0 fallback_calls=kernel=2055,batched=0,sorted=0,legacy=0 fallback_reasons=kernel_ok=2055,thin_only=170 fat_expert_runs=47084 direct_calls=47084 scatter_calls=47084 fat_layers=2056 fat_expert_slots=47096 max_rows=2048 fused_temps_allocs=1 fused_temps_bytes=14155776 fat_scratch_allocs=1 fat_scratch_bytes=98568192 fat_scratch_peak_bytes=98568192
(Worker_TP1 pid=1240) INFO 09-02 23:12:12 [exl3.py:451] exl3 fat-expert P0: layers=2268 fat_layers=2098 (92.5%) fat_expert_slots=48174 max_rows=2048 avg_max_rows=1280.1 hist_le128=170 hist_gt128=2098 hist=[0, 14, 23, 133, 68, 203, 267, 1560, 0]
(Worker_TP1 pid=1240) INFO 09-02 23:12:12 [exl3.py:464] exl3 e2 diag schema=1 configured_tier=kernel effective_tier=kernel tier_reason=kernel_ok shared_suh=1 shared_suh_layers=42/42 sym_exl3_moe=1 sym_fat_gemm=1 sym_fat_gemm_scatter=1 cap=12.1 cap_ok=1 tp_rank=1 tp_size=4 prefill_layer_calls=2268 thin_calls=170 row_tile_calls=0 fallback_calls=kernel=2097,batched=0,sorted=0,legacy=0 fallback_reasons=kernel_ok=2097,thin_only=170 fat_expert_runs=48163 direct_calls=48163 scatter_calls=48163 fat_layers=2098 fat_expert_slots=48174 max_rows=2048 fused_temps_allocs=1 fused_temps_bytes=14155776 fat_scratch_allocs=1 fat_scratch_bytes=98568192 fat_scratch_peak_bytes=98568192
(Worker_TP1 pid=1240) INFO 09-02 23:12:14 [exl3.py:451] exl3 fat-expert P0: layers=2310 fat_layers=2140 (92.6%) fat_expert_slots=49240 max_rows=2048 avg_max_rows=1283.2 hist_le128=170 hist_gt128=2140 hist=[0, 14, 23, 133, 68, 207, 272, 1593, 0]
(Worker_TP1 pid=1240) INFO 09-02 23:12:14 [exl3.py:464] exl3 e2 diag schema=1 configured_tier=kernel effective_tier=kernel tier_reason=kernel_ok shared_suh=1 shared_suh_layers=42/42 sym_exl3_moe=1 sym_fat_gemm=1 sym_fat_gemm_scatter=1 cap=12.1 cap_ok=1 tp_rank=1 tp_size=4 prefill_layer_calls=2310 thin_calls=170 row_tile_calls=0 fallback_calls=kernel=2139,batched=0,sorted=0,legacy=0 fallback_reasons=kernel_ok=2139,thin_only=170 fat_expert_runs=49229 direct_calls=49229 scatter_calls=49229 fat_layers=2140 fat_expert_slots=49240 max_rows=2048 fused_temps_allocs=1 fused_temps_bytes=14155776 fat_scratch_allocs=1 fat_scratch_bytes=98568192 fat_scratch_peak_bytes=98568192
(Worker_TP1 pid=1240) INFO 09-02 23:12:15 [exl3.py:451] exl3 fat-expert P0: layers=2352 fat_layers=2182 (92.8%) fat_expert_slots=50310 max_rows=2048 avg_max_rows=1286.1 hist_le128=170 hist_gt128=2182 hist=[0, 14, 23, 133, 68, 211, 278, 1625, 0]
(Worker_TP1 pid=1240) INFO 09-02 23:12:15 [exl3.py:464] exl3 e2 diag schema=1 configured_tier=kernel effective_tier=kernel tier_reason=kernel_ok shared_suh=1 shared_suh_layers=42/42 sym_exl3_moe=1 sym_fat_gemm=1 sym_fat_gemm_scatter=1 cap=12.1 cap_ok=1 tp_rank=1 tp_size=4 prefill_layer_calls=2352 thin_calls=170 row_tile_calls=0 fallback_calls=kernel=2181,batched=0,sorted=0,legacy=0 fallback_reasons=kernel_ok=2181,thin_only=170 fat_expert_runs=50299 direct_calls=50299 scatter_calls=50299 fat_layers=2182 fat_expert_slots=50310 max_rows=2048 fused_temps_allocs=1 fused_temps_bytes=14155776 fat_scratch_allocs=1 fat_scratch_bytes=98568192 fat_scratch_peak_bytes=98568192
(Worker_TP1 pid=1240) INFO 09-02 23:12:17 [exl3.py:451] exl3 fat-expert P0: layers=2394 fat_layers=2224 (92.9%) fat_expert_slots=51391 max_rows=2048 avg_max_rows=1288.8 hist_le128=170 hist_gt128=2224 hist=[0, 14, 23, 133, 68, 215, 284, 1657, 0]
(Worker_TP1 pid=1240) INFO 09-02 23:12:17 [exl3.py:464] exl3 e2 diag schema=1 configured_tier=kernel effective_tier=kernel tier_reason=kernel_ok shared_suh=1 shared_suh_layers=42/42 sym_exl3_moe=1 sym_fat_gemm=1 sym_fat_gemm_scatter=1 cap=12.1 cap_ok=1 tp_rank=1 tp_size=4 prefill_layer_calls=2394 thin_calls=170 row_tile_calls=0 fallback_calls=kernel=2223,batched=0,sorted=0,legacy=0 fallback_reasons=kernel_ok=2223,thin_only=170 fat_expert_runs=51380 direct_calls=51380 scatter_calls=51380 fat_layers=2224 fat_expert_slots=51391 max_rows=2048 fused_temps_allocs=1 fused_temps_bytes=14155776 fat_scratch_allocs=1 fat_scratch_bytes=98568192 fat_scratch_peak_bytes=98568192
(Worker_TP1 pid=1240) INFO 09-02 23:12:18 [exl3.py:451] exl3 fat-expert P0: layers=2436 fat_layers=2266 (93.0%) fat_expert_slots=52490 max_rows=2048 avg_max_rows=1291.7 hist_le128=170 hist_gt128=2266 hist=[0, 14, 23, 133, 68, 219, 288, 1691, 0]
(Worker_TP1 pid=1240) INFO 09-02 23:12:18 [exl3.py:464] exl3 e2 diag schema=1 configured_tier=kernel effective_tier=kernel tier_reason=kernel_ok shared_suh=1 shared_suh_layers=42/42 sym_exl3_moe=1 sym_fat_gemm=1 sym_fat_gemm_scatter=1 cap=12.1 cap_ok=1 tp_rank=1 tp_size=4 prefill_layer_calls=2436 thin_calls=170 row_tile_calls=0 fallback_calls=kernel=2265,batched=0,sorted=0,legacy=0 fallback_reasons=kernel_ok=2265,thin_only=170 fat_expert_runs=52479 direct_calls=52479 scatter_calls=52479 fat_layers=2266 fat_expert_slots=52490 max_rows=2048 fused_temps_allocs=1 fused_temps_bytes=14155776 fat_scratch_allocs=1 fat_scratch_bytes=98568192 fat_scratch_peak_bytes=98568192
(Worker_TP1 pid=1240) INFO 09-02 23:12:20 [exl3.py:451] exl3 fat-expert P0: layers=2478 fat_layers=2308 (93.1%) fat_expert_slots=53589 max_rows=2048 avg_max_rows=1294.2 hist_le128=170 hist_gt128=2308 hist=[0, 14, 23, 133, 68, 223, 293, 1724, 0]
(Worker_TP1 pid=1240) INFO 09-02 23:12:20 [exl3.py:464] exl3 e2 diag schema=1 configured_tier=kernel effective_tier=kernel tier_reason=kernel_ok shared_suh=1 shared_suh_layers=42/42 sym_exl3_moe=1 sym_fat_gemm=1 sym_fat_gemm_scatter=1 cap=12.1 cap_ok=1 tp_rank=1 tp_size=4 prefill_layer_calls=2478 thin_calls=170 row_tile_calls=0 fallback_calls=kernel=2307,batched=0,sorted=0,legacy=0 fallback_reasons=kernel_ok=2307,thin_only=170 fat_expert_runs=53578 direct_calls=53578 scatter_calls=53578 fat_layers=2308 fat_expert_slots=53589 max_rows=2048 fused_temps_allocs=1 fused_temps_bytes=14155776 fat_scratch_allocs=1 fat_scratch_bytes=98568192 fat_scratch_peak_bytes=98568192
(Worker_TP1 pid=1240) INFO 09-02 23:12:21 [exl3.py:451] exl3 fat-expert P0: layers=2520 fat_layers=2350 (93.3%) fat_expert_slots=54679 max_rows=2048 avg_max_rows=1296.4 hist_le128=170 hist_gt128=2350 hist=[0, 14, 23, 133, 68, 227, 299, 1756, 0]
(Worker_TP1 pid=1240) INFO 09-02 23:12:21 [exl3.py:464] exl3 e2 diag schema=1 configured_tier=kernel effective_tier=kernel tier_reason=kernel_ok shared_suh=1 shared_suh_layers=42/42 sym_exl3_moe=1 sym_fat_gemm=1 sym_fat_gemm_scatter=1 cap=12.1 cap_ok=1 tp_rank=1 tp_size=4 prefill_layer_calls=2520 thin_calls=170 row_tile_calls=0 fallback_calls=kernel=2349,batched=0,sorted=0,legacy=0 fallback_reasons=kernel_ok=2349,thin_only=170 fat_expert_runs=54668 direct_calls=54668 scatter_calls=54668 fat_layers=2350 fat_expert_slots=54679 max_rows=2048 fused_temps_allocs=1 fused_temps_bytes=14155776 fat_scratch_allocs=1 fat_scratch_bytes=98568192 fat_scratch_peak_bytes=98568192
(Worker_TP1 pid=1240) INFO 09-02 23:12:22 [exl3.py:451] exl3 fat-expert P0: layers=2562 fat_layers=2389 (93.2%) fat_expert_slots=55021 max_rows=2048 avg_max_rows=1282.0 hist_le128=173 hist_gt128=2389 hist=[0, 14, 23, 136, 71, 250, 312, 1756, 0]
(Worker_TP1 pid=1240) INFO 09-02 23:12:22 [exl3.py:464] exl3 e2 diag schema=1 configured_tier=kernel effective_tier=kernel tier_reason=kernel_ok shared_suh=1 shared_suh_layers=42/42 sym_exl3_moe=1 sym_fat_gemm=1 sym_fat_gemm_scatter=1 cap=12.1 cap_ok=1 tp_rank=1 tp_size=4 prefill_layer_calls=2562 thin_calls=173 row_tile_calls=0 fallback_calls=kernel=2388,batched=0,sorted=0,legacy=0 fallback_reasons=kernel_ok=2388,thin_only=173 fat_expert_runs=55011 direct_calls=55011 scatter_calls=55011 fat_layers=2389 fat_expert_slots=55021 max_rows=2048 fused_temps_allocs=1 fused_temps_bytes=14155776 fat_scratch_allocs=1 fat_scratch_bytes=98568192 fat_scratch_peak_bytes=98568192
(Worker_TP1 pid=1240) INFO 09-02 23:12:23 [exl3.py:451] exl3 fat-expert P0: layers=2604 fat_layers=2431 (93.4%) fat_expert_slots=55808 max_rows=2048 avg_max_rows=1277.4 hist_le128=173 hist_gt128=2431 hist=[0, 14, 23, 136, 72, 255, 323, 1781, 0]
(Worker_TP1 pid=1240) INFO 09-02 23:12:23 [exl3.py:464] exl3 e2 diag schema=1 configured_tier=kernel effective_tier=kernel tier_reason=kernel_ok shared_suh=1 shared_suh_layers=42/42 sym_exl3_moe=1 sym_fat_gemm=1 sym_fat_gemm_scatter=1 cap=12.1 cap_ok=1 tp_rank=1 tp_size=4 prefill_layer_calls=2604 thin_calls=173 row_tile_calls=0 fallback_calls=kernel=2430,batched=0,sorted=0,legacy=0 fallback_reasons=kernel_ok=2430,thin_only=173 fat_expert_runs=55797 direct_calls=55797 scatter_calls=55797 fat_layers=2431 fat_expert_slots=55808 max_rows=2048 fused_temps_allocs=1 fused_temps_bytes=14155776 fat_scratch_allocs=1 fat_scratch_bytes=98568192 fat_scratch_peak_bytes=98568192
(Worker_TP1 pid=1240) INFO 09-02 23:12:35 [exl3.py:451] exl3 fat-expert P0: layers=2646 fat_layers=2436 (92.1%) fat_expert_slots=55813 max_rows=2048 avg_max_rows=1258.3 hist_le128=210 hist_gt128=2436 hist=[0, 15, 43, 152, 77, 255, 323, 1781, 0]
(Worker_TP1 pid=1240) INFO 09-02 23:12:35 [exl3.py:464] exl3 e2 diag schema=1 configured_tier=kernel effective_tier=kernel tier_reason=kernel_ok shared_suh=1 shared_suh_layers=42/42 sym_exl3_moe=1 sym_fat_gemm=1 sym_fat_gemm_scatter=1 cap=12.1 cap_ok=1 tp_rank=1 tp_size=4 prefill_layer_calls=2646 thin_calls=209 row_tile_calls=0 fallback_calls=kernel=2436,batched=0,sorted=0,legacy=0 fallback_reasons=kernel_ok=2436,thin_only=209 fat_expert_runs=55813 direct_calls=55813 scatter_calls=55813 fat_layers=2436 fat_expert_slots=55813 max_rows=2048 fused_temps_allocs=1 fused_temps_bytes=14155776 fat_scratch_allocs=1 fat_scratch_bytes=98568192 fat_scratch_peak_bytes=98568192
(Worker_TP1 pid=1240) INFO 09-02 23:12:35 [exl3.py:451] exl3 fat-expert P0: layers=2688 fat_layers=2437 (90.7%) fat_expert_slots=55814 max_rows=2048 avg_max_rows=1239.7 hist_le128=251 hist_gt128=2437 hist=[0, 19, 63, 169, 78, 255, 323, 1781, 0]
(Worker_TP1 pid=1240) INFO 09-02 23:12:35 [exl3.py:464] exl3 e2 diag schema=1 configured_tier=kernel effective_tier=kernel tier_reason=kernel_ok shared_suh=1 shared_suh_layers=42/42 sym_exl3_moe=1 sym_fat_gemm=1 sym_fat_gemm_scatter=1 cap=12.1 cap_ok=1 tp_rank=1 tp_size=4 prefill_layer_calls=2688 thin_calls=250 row_tile_calls=0 fallback_calls=kernel=2437,batched=0,sorted=0,legacy=0 fallback_reasons=kernel_ok=2437,thin_only=250 fat_expert_runs=55814 direct_calls=55814 scatter_calls=55814 fat_layers=2437 fat_expert_slots=55814 max_rows=2048 fused_temps_allocs=1 fused_temps_bytes=14155776 fat_scratch_allocs=1 fat_scratch_bytes=98568192 fat_scratch_peak_bytes=98568192
(Worker_TP1 pid=1240) INFO 09-02 23:12:56 [exl3.py:451] exl3 fat-expert P0: layers=2730 fat_layers=2472 (90.5%) fat_expert_slots=55897 max_rows=2048 avg_max_rows=1223.8 hist_le128=258 hist_gt128=2472 hist=[0, 19, 63, 176, 101, 267, 323, 1781, 0]
(Worker_TP1 pid=1240) INFO 09-02 23:12:56 [exl3.py:464] exl3 e2 diag schema=1 configured_tier=kernel effective_tier=kernel tier_reason=kernel_ok shared_suh=1 shared_suh_layers=42/42 sym_exl3_moe=1 sym_fat_gemm=1 sym_fat_gemm_scatter=1 cap=12.1 cap_ok=1 tp_rank=1 tp_size=4 prefill_layer_calls=2730 thin_calls=257 row_tile_calls=0 fallback_calls=kernel=2472,batched=0,sorted=0,legacy=0 fallback_reasons=kernel_ok=2472,thin_only=257 fat_expert_runs=55897 direct_calls=55897 scatter_calls=55897 fat_layers=2472 fat_expert_slots=55897 max_rows=2048 fused_temps_allocs=1 fused_temps_bytes=14155776 fat_scratch_allocs=1 fat_scratch_bytes=98568192 fat_scratch_peak_bytes=98568192
(Worker_TP1 pid=1240) INFO 09-02 23:12:57 [exl3.py:451] exl3 fat-expert P0: layers=2772 fat_layers=2503 (90.3%) fat_expert_slots=55957 max_rows=2048 avg_max_rows=1207.9 hist_le128=269 hist_gt128=2503 hist=[0, 19, 64, 186, 127, 272, 323, 1781, 0]
(Worker_TP1 pid=1240) INFO 09-02 23:12:57 [exl3.py:464] exl3 e2 diag schema=1 configured_tier=kernel effective_tier=kernel tier_reason=kernel_ok shared_suh=1 shared_suh_layers=42/42 sym_exl3_moe=1 sym_fat_gemm=1 sym_fat_gemm_scatter=1 cap=12.1 cap_ok=1 tp_rank=1 tp_size=4 prefill_layer_calls=2772 thin_calls=268 row_tile_calls=0 fallback_calls=kernel=2503,batched=0,sorted=0,legacy=0 fallback_reasons=kernel_ok=2503,thin_only=268 fat_expert_runs=55957 direct_calls=55957 scatter_calls=55957 fat_layers=2503 fat_expert_slots=55957 max_rows=2048 fused_temps_allocs=1 fused_temps_bytes=14155776 fat_scratch_allocs=1 fat_scratch_bytes=98568192 fat_scratch_peak_bytes=98568192
(Worker_TP1 pid=1240) INFO 09-02 23:13:39 [exl3.py:451] exl3 fat-expert P0: layers=2814 fat_layers=2545 (90.4%) fat_expert_slots=57045 max_rows=2048 avg_max_rows=1210.4 hist_le128=269 hist_gt128=2545 hist=[0, 19, 64, 186, 127, 276, 327, 1815, 0]
(Worker_TP1 pid=1240) INFO 09-02 23:13:39 [exl3.py:464] exl3 e2 diag schema=1 configured_tier=kernel effective_tier=kernel tier_reason=kernel_ok shared_suh=1 shared_suh_layers=42/42 sym_exl3_moe=1 sym_fat_gemm=1 sym_fat_gemm_scatter=1 cap=12.1 cap_ok=1 tp_rank=1 tp_size=4 prefill_layer_calls=2814 thin_calls=269 row_tile_calls=0 fallback_calls=kernel=2544,batched=0,sorted=0,legacy=0 fallback_reasons=kernel_ok=2544,thin_only=269 fat_expert_runs=57022 direct_calls=57022 scatter_calls=57022 fat_layers=2545 fat_expert_slots=57045 max_rows=2048 fused_temps_allocs=1 fused_temps_bytes=14155776 fat_scratch_allocs=1 fat_scratch_bytes=98568192 fat_scratch_peak_bytes=98568192
(Worker_TP1 pid=1240) INFO 09-02 23:13:40 [exl3.py:451] exl3 fat-expert P0: layers=2856 fat_layers=2587 (90.6%) fat_expert_slots=58100 max_rows=2048 avg_max_rows=1214.3 hist_le128=269 hist_gt128=2587 hist=[0, 19, 64, 186, 127, 280, 331, 1849, 0]
(Worker_TP1 pid=1240) INFO 09-02 23:13:40 [exl3.py:464] exl3 e2 diag schema=1 configured_tier=kernel effective_tier=kernel tier_reason=kernel_ok shared_suh=1 shared_suh_layers=42/42 sym_exl3_moe=1 sym_fat_gemm=1 sym_fat_gemm_scatter=1 cap=12.1 cap_ok=1 tp_rank=1 tp_size=4 prefill_layer_calls=2856 thin_calls=269 row_tile_calls=0 fallback_calls=kernel=2586,batched=0,sorted=0,legacy=0 fallback_reasons=kernel_ok=2586,thin_only=269 fat_expert_runs=58078 direct_calls=58078 scatter_calls=58078 fat_layers=2587 fat_expert_slots=58100 max_rows=2048 fused_temps_allocs=1 fused_temps_bytes=14155776 fat_scratch_allocs=1 fat_scratch_bytes=98568192 fat_scratch_peak_bytes=98568192
(Worker_TP1 pid=1240) INFO 09-02 23:13:41 [exl3.py:451] exl3 fat-expert P0: layers=2898 fat_layers=2629 (90.7%) fat_expert_slots=59154 max_rows=2048 avg_max_rows=1217.8 hist_le128=269 hist_gt128=2629 hist=[0, 19, 64, 186, 127, 284, 334, 1884, 0]
(Worker_TP1 pid=1240) INFO 09-02 23:13:41 [exl3.py:464] exl3 e2 diag schema=1 configured_tier=kernel effective_tier=kernel tier_reason=kernel_ok shared_suh=1 shared_suh_layers=42/42 sym_exl3_moe=1 sym_fat_gemm=1 sym_fat_gemm_scatter=1 cap=12.1 cap_ok=1 tp_rank=1 tp_size=4 prefill_layer_calls=2898 thin_calls=269 row_tile_calls=0 fallback_calls=kernel=2628,batched=0,sorted=0,legacy=0 fallback_reasons=kernel_ok=2628,thin_only=269 fat_expert_runs=59134 direct_calls=59134 scatter_calls=59134 fat_layers=2629 fat_expert_slots=59154 max_rows=2048 fused_temps_allocs=1 fused_temps_bytes=14155776 fat_scratch_allocs=1 fat_scratch_bytes=98568192 fat_scratch_peak_bytes=98568192
(Worker_TP1 pid=1240) INFO 09-02 23:13:43 [exl3.py:451] exl3 fat-expert P0: layers=2940 fat_layers=2671 (90.9%) fat_expert_slots=60196 max_rows=2048 avg_max_rows=1221.4 hist_le128=269 hist_gt128=2671 hist=[0, 19, 64, 186, 127, 288, 337, 1919, 0]
(Worker_TP1 pid=1240) INFO 09-02 23:13:43 [exl3.py:464] exl3 e2 diag schema=1 configured_tier=kernel effective_tier=kernel tier_reason=kernel_ok shared_suh=1 shared_suh_layers=42/42 sym_exl3_moe=1 sym_fat_gemm=1 sym_fat_gemm_scatter=1 cap=12.1 cap_ok=1 tp_rank=1 tp_size=4 prefill_layer_calls=2940 thin_calls=269 row_tile_calls=0 fallback_calls=kernel=2670,batched=0,sorted=0,legacy=0 fallback_reasons=kernel_ok=2670,thin_only=269 fat_expert_runs=60177 direct_calls=60177 scatter_calls=60177 fat_layers=2671 fat_expert_slots=60196 max_rows=2048 fused_temps_allocs=1 fused_temps_bytes=14155776 fat_scratch_allocs=1 fat_scratch_bytes=98568192 fat_scratch_peak_bytes=98568192
(Worker_TP1 pid=1240) INFO 09-02 23:13:44 [exl3.py:451] exl3 fat-expert P0: layers=2982 fat_layers=2713 (91.0%) fat_expert_slots=61252 max_rows=2048 avg_max_rows=1225.1 hist_le128=269 hist_gt128=2713 hist=[0, 19, 64, 186, 127, 291, 341, 1954, 0]
(Worker_TP1 pid=1240) INFO 09-02 23:13:44 [exl3.py:464] exl3 e2 diag schema=1 configured_tier=kernel effective_tier=kernel tier_reason=kernel_ok shared_suh=1 shared_suh_layers=42/42 sym_exl3_moe=1 sym_fat_gemm=1 sym_fat_gemm_scatter=1 cap=12.1 cap_ok=1 tp_rank=1 tp_size=4 prefill_layer_calls=2982 thin_calls=269 row_tile_calls=0 fallback_calls=kernel=2712,batched=0,sorted=0,legacy=0 fallback_reasons=kernel_ok=2712,thin_only=269 fat_expert_runs=61230 direct_calls=61230 scatter_calls=61230 fat_layers=2713 fat_expert_slots=61252 max_rows=2048 fused_temps_allocs=1 fused_temps_bytes=14155776 fat_scratch_allocs=1 fat_scratch_bytes=98568192 fat_scratch_peak_bytes=98568192
(Worker_TP1 pid=1240) INFO 09-02 23:13:46 [exl3.py:451] exl3 fat-expert P0: layers=3024 fat_layers=2755 (91.1%) fat_expert_slots=62283 max_rows=2048 avg_max_rows=1228.6 hist_le128=269 hist_gt128=2755 hist=[0, 19, 64, 186, 127, 294, 345, 1989, 0]
(Worker_TP1 pid=1240) INFO 09-02 23:13:46 [exl3.py:464] exl3 e2 diag schema=1 configured_tier=kernel effective_tier=kernel tier_reason=kernel_ok shared_suh=1 shared_suh_layers=42/42 sym_exl3_moe=1 sym_fat_gemm=1 sym_fat_gemm_scatter=1 cap=12.1 cap_ok=1 tp_rank=1 tp_size=4 prefill_layer_calls=3024 thin_calls=269 row_tile_calls=0 fallback_calls=kernel=2754,batched=0,sorted=0,legacy=0 fallback_reasons=kernel_ok=2754,thin_only=269 fat_expert_runs=62263 direct_calls=62263 scatter_calls=62263 fat_layers=2755 fat_expert_slots=62283 max_rows=2048 fused_temps_allocs=1 fused_temps_bytes=14155776 fat_scratch_allocs=1 fat_scratch_bytes=98568192 fat_scratch_peak_bytes=98568192
(Worker_TP1 pid=1240) INFO 09-02 23:13:47 [exl3.py:451] exl3 fat-expert P0: layers=3066 fat_layers=2797 (91.2%) fat_expert_slots=63321 max_rows=2048 avg_max_rows=1232.0 hist_le128=269 hist_gt128=2797 hist=[0, 19, 64, 186, 127, 297, 350, 2023, 0]
(Worker_TP1 pid=1240) INFO 09-02 23:13:47 [exl3.py:464] exl3 e2 diag schema=1 configured_tier=kernel effective_tier=kernel tier_reason=kernel_ok shared_suh=1 shared_suh_layers=42/42 sym_exl3_moe=1 sym_fat_gemm=1 sym_fat_gemm_scatter=1 cap=12.1 cap_ok=1 tp_rank=1 tp_size=4 prefill_layer_calls=3066 thin_calls=269 row_tile_calls=0 fallback_calls=kernel=2796,batched=0,sorted=0,legacy=0 fallback_reasons=kernel_ok=2796,thin_only=269 fat_expert_runs=63305 direct_calls=63305 scatter_calls=63305 fat_layers=2797 fat_expert_slots=63321 max_rows=2048 fused_temps_allocs=1 fused_temps_bytes=14155776 fat_scratch_allocs=1 fat_scratch_bytes=98568192 fat_scratch_peak_bytes=98568192
(Worker_TP1 pid=1240) INFO 09-02 23:13:48 [exl3.py:451] exl3 fat-expert P0: layers=3108 fat_layers=2839 (91.3%) fat_expert_slots=64374 max_rows=2048 avg_max_rows=1235.6 hist_le128=269 hist_gt128=2839 hist=[0, 19, 64, 186, 127, 300, 354, 2058, 0]
(Worker_TP1 pid=1240) INFO 09-02 23:13:48 [exl3.py:464] exl3 e2 diag schema=1 configured_tier=kernel effective_tier=kernel tier_reason=kernel_ok shared_suh=1 shared_suh_layers=42/42 sym_exl3_moe=1 sym_fat_gemm=1 sym_fat_gemm_scatter=1 cap=12.1 cap_ok=1 tp_rank=1 tp_size=4 prefill_layer_calls=3108 thin_calls=269 row_tile_calls=0 fallback_calls=kernel=2838,batched=0,sorted=0,legacy=0 fallback_reasons=kernel_ok=2838,thin_only=269 fat_expert_runs=64354 direct_calls=64354 scatter_calls=64354 fat_layers=2839 fat_expert_slots=64374 max_rows=2048 fused_temps_allocs=1 fused_temps_bytes=14155776 fat_scratch_allocs=1 fat_scratch_bytes=98568192 fat_scratch_peak_bytes=98568192
(Worker_TP1 pid=1240) INFO 09-02 23:13:50 [exl3.py:451] exl3 fat-expert P0: layers=3150 fat_layers=2881 (91.5%) fat_expert_slots=65411 max_rows=2048 avg_max_rows=1238.8 hist_le128=269 hist_gt128=2881 hist=[0, 19, 64, 186, 127, 304, 357, 2093, 0]
(Worker_TP1 pid=1240) INFO 09-02 23:13:50 [exl3.py:464] exl3 e2 diag schema=1 configured_tier=kernel effective_tier=kernel tier_reason=kernel_ok shared_suh=1 shared_suh_layers=42/42 sym_exl3_moe=1 sym_fat_gemm=1 sym_fat_gemm_scatter=1 cap=12.1 cap_ok=1 tp_rank=1 tp_size=4 prefill_layer_calls=3150 thin_calls=269 row_tile_calls=0 fallback_calls=kernel=2880,batched=0,sorted=0,legacy=0 fallback_reasons=kernel_ok=2880,thin_only=269 fat_expert_runs=65393 direct_calls=65393 scatter_calls=65393 fat_layers=2881 fat_expert_slots=65411 max_rows=2048 fused_temps_allocs=1 fused_temps_bytes=14155776 fat_scratch_allocs=1 fat_scratch_bytes=98568192 fat_scratch_peak_bytes=98568192
(Worker_TP1 pid=1240) INFO 09-02 23:13:51 [exl3.py:451] exl3 fat-expert P0: layers=3192 fat_layers=2923 (91.6%) fat_expert_slots=66455 max_rows=2048 avg_max_rows=1241.8 hist_le128=269 hist_gt128=2923 hist=[0, 19, 64, 186, 127, 307, 363, 2126, 0]
(Worker_TP1 pid=1240) INFO 09-02 23:13:51 [exl3.py:464] exl3 e2 diag schema=1 configured_tier=kernel effective_tier=kernel tier_reason=kernel_ok shared_suh=1 shared_suh_layers=42/42 sym_exl3_moe=1 sym_fat_gemm=1 sym_fat_gemm_scatter=1 cap=12.1 cap_ok=1 tp_rank=1 tp_size=4 prefill_layer_calls=3192 thin_calls=269 row_tile_calls=0 fallback_calls=kernel=2922,batched=0,sorted=0,legacy=0 fallback_reasons=kernel_ok=2922,thin_only=269 fat_expert_runs=66437 direct_calls=66437 scatter_calls=66437 fat_layers=2923 fat_expert_slots=66455 max_rows=2048 fused_temps_allocs=1 fused_temps_bytes=14155776 fat_scratch_allocs=1 fat_scratch_bytes=98568192 fat_scratch_peak_bytes=98568192
(Worker_TP1 pid=1240) INFO 09-02 23:13:53 [exl3.py:451] exl3 fat-expert P0: layers=3234 fat_layers=2965 (91.7%) fat_expert_slots=67512 max_rows=2048 avg_max_rows=1244.5 hist_le128=269 hist_gt128=2965 hist=[0, 19, 64, 186, 127, 310, 369, 2159, 0]
(Worker_TP1 pid=1240) INFO 09-02 23:13:53 [exl3.py:464] exl3 e2 diag schema=1 configured_tier=kernel effective_tier=kernel tier_reason=kernel_ok shared_suh=1 shared_suh_layers=42/42 sym_exl3_moe=1 sym_fat_gemm=1 sym_fat_gemm_scatter=1 cap=12.1 cap_ok=1 tp_rank=1 tp_size=4 prefill_layer_calls=3234 thin_calls=269 row_tile_calls=0 fallback_calls=kernel=2964,batched=0,sorted=0,legacy=0 fallback_reasons=kernel_ok=2964,thin_only=269 fat_expert_runs=67499 direct_calls=67499 scatter_calls=67499 fat_layers=2965 fat_expert_slots=67512 max_rows=2048 fused_temps_allocs=1 fused_temps_bytes=14155776 fat_scratch_allocs=1 fat_scratch_bytes=98568192 fat_scratch_peak_bytes=98568192
(Worker_TP1 pid=1240) INFO 09-02 23:13:54 [exl3.py:451] exl3 fat-expert P0: layers=3276 fat_layers=3007 (91.8%) fat_expert_slots=68565 max_rows=2048 avg_max_rows=1247.2 hist_le128=269 hist_gt128=3007 hist=[0, 19, 64, 186, 127, 313, 376, 2191, 0]
(Worker_TP1 pid=1240) INFO 09-02 23:13:54 [exl3.py:464] exl3 e2 diag schema=1 configured_tier=kernel effective_tier=kernel tier_reason=kernel_ok shared_suh=1 shared_suh_layers=42/42 sym_exl3_moe=1 sym_fat_gemm=1 sym_fat_gemm_scatter=1 cap=12.1 cap_ok=1 tp_rank=1 tp_size=4 prefill_layer_calls=3276 thin_calls=269 row_tile_calls=0 fallback_calls=kernel=3006,batched=0,sorted=0,legacy=0 fallback_reasons=kernel_ok=3006,thin_only=269 fat_expert_runs=68550 direct_calls=68550 scatter_calls=68550 fat_layers=3007 fat_expert_slots=68565 max_rows=2048 fused_temps_allocs=1 fused_temps_bytes=14155776 fat_scratch_allocs=1 fat_scratch_bytes=98568192 fat_scratch_peak_bytes=98568192
(Worker_TP1 pid=1240) WARNING 09-02 23:13:54 [jit_monitor.py:135] Triton kernel JIT compilation during inference: _gumbel_sample_kernel. This causes a latency spike; consider extending warmup to cover this shape/config.
(Worker_TP1 pid=1240) INFO 09-02 23:13:56 [exl3.py:451] exl3 fat-expert P0: layers=3318 fat_layers=3049 (91.9%) fat_expert_slots=69599 max_rows=2048 avg_max_rows=1249.8 hist_le128=269 hist_gt128=3049 hist=[0, 19, 64, 186, 127, 316, 384, 2222, 0]
(Worker_TP1 pid=1240) INFO 09-02 23:13:56 [exl3.py:464] exl3 e2 diag schema=1 configured_tier=kernel effective_tier=kernel tier_reason=kernel_ok shared_suh=1 shared_suh_layers=42/42 sym_exl3_moe=1 sym_fat_gemm=1 sym_fat_gemm_scatter=1 cap=12.1 cap_ok=1 tp_rank=1 tp_size=4 prefill_layer_calls=3318 thin_calls=269 row_tile_calls=0 fallback_calls=kernel=3048,batched=0,sorted=0,legacy=0 fallback_reasons=kernel_ok=3048,thin_only=269 fat_expert_runs=69585 direct_calls=69585 scatter_calls=69585 fat_layers=3049 fat_expert_slots=69599 max_rows=2048 fused_temps_allocs=1 fused_temps_bytes=14155776 fat_scratch_allocs=1 fat_scratch_bytes=98568192 fat_scratch_peak_bytes=98568192
(Worker_TP1 pid=1240) INFO 09-02 23:13:57 [exl3.py:451] exl3 fat-expert P0: layers=3360 fat_layers=3091 (92.0%) fat_expert_slots=70646 max_rows=2048 avg_max_rows=1252.3 hist_le128=269 hist_gt128=3091 hist=[0, 19, 64, 186, 127, 319, 390, 2255, 0]
(Worker_TP1 pid=1240) INFO 09-02 23:13:57 [exl3.py:464] exl3 e2 diag schema=1 configured_tier=kernel effective_tier=kernel tier_reason=kernel_ok shared_suh=1 shared_suh_layers=42/42 sym_exl3_moe=1 sym_fat_gemm=1 sym_fat_gemm_scatter=1 cap=12.1 cap_ok=1 tp_rank=1 tp_size=4 prefill_layer_calls=3360 thin_calls=269 row_tile_calls=0 fallback_calls=kernel=3090,batched=0,sorted=0,legacy=0 fallback_reasons=kernel_ok=3090,thin_only=269 fat_expert_runs=70632 direct_calls=70632 scatter_calls=70632 fat_layers=3091 fat_expert_slots=70646 max_rows=2048 fused_temps_allocs=1 fused_temps_bytes=14155776 fat_scratch_allocs=1 fat_scratch_bytes=98568192 fat_scratch_peak_bytes=98568192
(Worker_TP1 pid=1240) INFO 09-02 23:13:59 [exl3.py:451] exl3 fat-expert P0: layers=3402 fat_layers=3133 (92.1%) fat_expert_slots=71682 max_rows=2048 avg_max_rows=1254.8 hist_le128=269 hist_gt128=3133 hist=[0, 19, 64, 186, 127, 322, 397, 2287, 0]
(Worker_TP1 pid=1240) INFO 09-02 23:13:59 [exl3.py:464] exl3 e2 diag schema=1 configured_tier=kernel effective_tier=kernel tier_reason=kernel_ok shared_suh=1 shared_suh_layers=42/42 sym_exl3_moe=1 sym_fat_gemm=1 sym_fat_gemm_scatter=1 cap=12.1 cap_ok=1 tp_rank=1 tp_size=4 prefill_layer_calls=3402 thin_calls=269 row_tile_calls=0 fallback_calls=kernel=3132,batched=0,sorted=0,legacy=0 fallback_reasons=kernel_ok=3132,thin_only=269 fat_expert_runs=71667 direct_calls=71667 scatter_calls=71667 fat_layers=3133 fat_expert_slots=71682 max_rows=2048 fused_temps_allocs=1 fused_temps_bytes=14155776 fat_scratch_allocs=1 fat_scratch_bytes=98568192 fat_scratch_peak_bytes=98568192
(Worker_TP1 pid=1240) INFO 09-02 23:14:00 [exl3.py:451] exl3 fat-expert P0: layers=3444 fat_layers=3175 (92.2%) fat_expert_slots=72719 max_rows=2048 avg_max_rows=1257.4 hist_le128=269 hist_gt128=3175 hist=[0, 19, 64, 186, 127, 325, 403, 2320, 0]
(Worker_TP1 pid=1240) INFO 09-02 23:14:00 [exl3.py:464] exl3 e2 diag schema=1 configured_tier=kernel effective_tier=kernel tier_reason=kernel_ok shared_suh=1 shared_suh_layers=42/42 sym_exl3_moe=1 sym_fat_gemm=1 sym_fat_gemm_scatter=1 cap=12.1 cap_ok=1 tp_rank=1 tp_size=4 prefill_layer_calls=3444 thin_calls=269 row_tile_calls=0 fallback_calls=kernel=3174,batched=0,sorted=0,legacy=0 fallback_reasons=kernel_ok=3174,thin_only=269 fat_expert_runs=72706 direct_calls=72706 scatter_calls=72706 fat_layers=3175 fat_expert_slots=72719 max_rows=2048 fused_temps_allocs=1 fused_temps_bytes=14155776 fat_scratch_allocs=1 fat_scratch_bytes=98568192 fat_scratch_peak_bytes=98568192
(Worker_TP1 pid=1240) INFO 09-02 23:14:02 [exl3.py:451] exl3 fat-expert P0: layers=3486 fat_layers=3217 (92.3%) fat_expert_slots=73748 max_rows=2048 avg_max_rows=1259.7 hist_le128=269 hist_gt128=3217 hist=[0, 19, 64, 186, 127, 328, 409, 2353, 0]
(Worker_TP1 pid=1240) INFO 09-02 23:14:02 [exl3.py:464] exl3 e2 diag schema=1 configured_tier=kernel effective_tier=kernel tier_reason=kernel_ok shared_suh=1 shared_suh_layers=42/42 sym_exl3_moe=1 sym_fat_gemm=1 sym_fat_gemm_scatter=1 cap=12.1 cap_ok=1 tp_rank=1 tp_size=4 prefill_layer_calls=3486 thin_calls=269 row_tile_calls=0 fallback_calls=kernel=3216,batched=0,sorted=0,legacy=0 fallback_reasons=kernel_ok=3216,thin_only=269 fat_expert_runs=73735 direct_calls=73735 scatter_calls=73735 fat_layers=3217 fat_expert_slots=73748 max_rows=2048 fused_temps_allocs=1 fused_temps_bytes=14155776 fat_scratch_allocs=1 fat_scratch_bytes=98568192 fat_scratch_peak_bytes=98568192
(Worker_TP1 pid=1240) INFO 09-02 23:14:03 [exl3.py:451] exl3 fat-expert P0: layers=3528 fat_layers=3259 (92.4%) fat_expert_slots=74779 max_rows=2048 avg_max_rows=1261.9 hist_le128=269 hist_gt128=3259 hist=[0, 19, 64, 186, 127, 331, 415, 2386, 0]
(Worker_TP1 pid=1240) INFO 09-02 23:14:03 [exl3.py:464] exl3 e2 diag schema=1 configured_tier=kernel effective_tier=kernel tier_reason=kernel_ok shared_suh=1 shared_suh_layers=42/42 sym_exl3_moe=1 sym_fat_gemm=1 sym_fat_gemm_scatter=1 cap=12.1 cap_ok=1 tp_rank=1 tp_size=4 prefill_layer_calls=3528 thin_calls=269 row_tile_calls=0 fallback_calls=kernel=3258,batched=0,sorted=0,legacy=0 fallback_reasons=kernel_ok=3258,thin_only=269 fat_expert_runs=74766 direct_calls=74766 scatter_calls=74766 fat_layers=3259 fat_expert_slots=74779 max_rows=2048 fused_temps_allocs=1 fused_temps_bytes=14155776 fat_scratch_allocs=1 fat_scratch_bytes=98568192 fat_scratch_peak_bytes=98568192
(Worker_TP1 pid=1240) INFO 09-02 23:14:04 [exl3.py:451] exl3 fat-expert P0: layers=3570 fat_layers=3301 (92.5%) fat_expert_slots=75816 max_rows=2048 avg_max_rows=1264.2 hist_le128=269 hist_gt128=3301 hist=[0, 19, 64, 186, 127, 334, 421, 2419, 0]
(Worker_TP1 pid=1240) INFO 09-02 23:14:04 [exl3.py:464] exl3 e2 diag schema=1 configured_tier=kernel effective_tier=kernel tier_reason=kernel_ok shared_suh=1 shared_suh_layers=42/42 sym_exl3_moe=1 sym_fat_gemm=1 sym_fat_gemm_scatter=1 cap=12.1 cap_ok=1 tp_rank=1 tp_size=4 prefill_layer_calls=3570 thin_calls=269 row_tile_calls=0 fallback_calls=kernel=3300,batched=0,sorted=0,legacy=0 fallback_reasons=kernel_ok=3300,thin_only=269 fat_expert_runs=75802 direct_calls=75802 scatter_calls=75802 fat_layers=3301 fat_expert_slots=75816 max_rows=2048 fused_temps_allocs=1 fused_temps_bytes=14155776 fat_scratch_allocs=1 fat_scratch_bytes=98568192 fat_scratch_peak_bytes=98568192
(Worker_TP1 pid=1240) INFO 09-02 23:14:06 [exl3.py:451] exl3 fat-expert P0: layers=3612 fat_layers=3343 (92.6%) fat_expert_slots=76841 max_rows=2048 avg_max_rows=1266.1 hist_le128=269 hist_gt128=3343 hist=[0, 19, 64, 186, 127, 337, 427, 2452, 0]
(Worker_TP1 pid=1240) INFO 09-02 23:14:06 [exl3.py:464] exl3 e2 diag schema=1 configured_tier=kernel effective_tier=kernel tier_reason=kernel_ok shared_suh=1 shared_suh_layers=42/42 sym_exl3_moe=1 sym_fat_gemm=1 sym_fat_gemm_scatter=1 cap=12.1 cap_ok=1 tp_rank=1 tp_size=4 prefill_layer_calls=3612 thin_calls=269 row_tile_calls=0 fallback_calls=kernel=3342,batched=0,sorted=0,legacy=0 fallback_reasons=kernel_ok=3342,thin_only=269 fat_expert_runs=76826 direct_calls=76826 scatter_calls=76826 fat_layers=3343 fat_expert_slots=76841 max_rows=2048 fused_temps_allocs=1 fused_temps_bytes=14155776 fat_scratch_allocs=1 fat_scratch_bytes=98568192 fat_scratch_peak_bytes=98568192
(Worker_TP1 pid=1240) INFO 09-02 23:14:07 [exl3.py:451] exl3 fat-expert P0: layers=3654 fat_layers=3385 (92.6%) fat_expert_slots=77896 max_rows=2048 avg_max_rows=1268.2 hist_le128=269 hist_gt128=3385 hist=[0, 19, 64, 186, 127, 341, 431, 2486, 0]
(Worker_TP1 pid=1240) INFO 09-02 23:14:07 [exl3.py:464] exl3 e2 diag schema=1 configured_tier=kernel effective_tier=kernel tier_reason=kernel_ok shared_suh=1 shared_suh_layers=42/42 sym_exl3_moe=1 sym_fat_gemm=1 sym_fat_gemm_scatter=1 cap=12.1 cap_ok=1 tp_rank=1 tp_size=4 prefill_layer_calls=3654 thin_calls=269 row_tile_calls=0 fallback_calls=kernel=3384,batched=0,sorted=0,legacy=0 fallback_reasons=kernel_ok=3384,thin_only=269 fat_expert_runs=77882 direct_calls=77882 scatter_calls=77882 fat_layers=3385 fat_expert_slots=77896 max_rows=2048 fused_temps_allocs=1 fused_temps_bytes=14155776 fat_scratch_allocs=1 fat_scratch_bytes=98568192 fat_scratch_peak_bytes=98568192
(Worker_TP1 pid=1240) INFO 09-02 23:14:09 [exl3.py:451] exl3 fat-expert P0: layers=3696 fat_layers=3427 (92.7%) fat_expert_slots=78950 max_rows=2048 avg_max_rows=1270.5 hist_le128=269 hist_gt128=3427 hist=[0, 19, 64, 186, 127, 345, 436, 2519, 0]
(Worker_TP1 pid=1240) INFO 09-02 23:14:09 [exl3.py:464] exl3 e2 diag schema=1 configured_tier=kernel effective_tier=kernel tier_reason=kernel_ok shared_suh=1 shared_suh_layers=42/42 sym_exl3_moe=1 sym_fat_gemm=1 sym_fat_gemm_scatter=1 cap=12.1 cap_ok=1 tp_rank=1 tp_size=4 prefill_layer_calls=3696 thin_calls=269 row_tile_calls=0 fallback_calls=kernel=3426,batched=0,sorted=0,legacy=0 fallback_reasons=kernel_ok=3426,thin_only=269 fat_expert_runs=78935 direct_calls=78935 scatter_calls=78935 fat_layers=3427 fat_expert_slots=78950 max_rows=2048 fused_temps_allocs=1 fused_temps_bytes=14155776 fat_scratch_allocs=1 fat_scratch_bytes=98568192 fat_scratch_peak_bytes=98568192
(Worker_TP1 pid=1240) INFO 09-02 23:14:10 [exl3.py:451] exl3 fat-expert P0: layers=3738 fat_layers=3469 (92.8%) fat_expert_slots=80017 max_rows=2048 avg_max_rows=1272.7 hist_le128=269 hist_gt128=3469 hist=[0, 19, 64, 186, 127, 348, 443, 2551, 0]
(Worker_TP1 pid=1240) INFO 09-02 23:14:10 [exl3.py:464] exl3 e2 diag schema=1 configured_tier=kernel effective_tier=kernel tier_reason=kernel_ok shared_suh=1 shared_suh_layers=42/42 sym_exl3_moe=1 sym_fat_gemm=1 sym_fat_gemm_scatter=1 cap=12.1 cap_ok=1 tp_rank=1 tp_size=4 prefill_layer_calls=3738 thin_calls=269 row_tile_calls=0 fallback_calls=kernel=3468,batched=0,sorted=0,legacy=0 fallback_reasons=kernel_ok=3468,thin_only=269 fat_expert_runs=80004 direct_calls=80004 scatter_calls=80004 fat_layers=3469 fat_expert_slots=80017 max_rows=2048 fused_temps_allocs=1 fused_temps_bytes=14155776 fat_scratch_allocs=1 fat_scratch_bytes=98568192 fat_scratch_peak_bytes=98568192
(Worker_TP1 pid=1240) INFO 09-02 23:14:12 [exl3.py:451] exl3 fat-expert P0: layers=3780 fat_layers=3511 (92.9%) fat_expert_slots=81074 max_rows=2048 avg_max_rows=1274.9 hist_le128=269 hist_gt128=3511 hist=[0, 19, 64, 186, 127, 352, 448, 2584, 0]
(Worker_TP1 pid=1240) INFO 09-02 23:14:12 [exl3.py:464] exl3 e2 diag schema=1 configured_tier=kernel effective_tier=kernel tier_reason=kernel_ok shared_suh=1 shared_suh_layers=42/42 sym_exl3_moe=1 sym_fat_gemm=1 sym_fat_gemm_scatter=1 cap=12.1 cap_ok=1 tp_rank=1 tp_size=4 prefill_layer_calls=3780 thin_calls=269 row_tile_calls=0 fallback_calls=kernel=3510,batched=0,sorted=0,legacy=0 fallback_reasons=kernel_ok=3510,thin_only=269 fat_expert_runs=81062 direct_calls=81062 scatter_calls=81062 fat_layers=3511 fat_expert_slots=81074 max_rows=2048 fused_temps_allocs=1 fused_temps_bytes=14155776 fat_scratch_allocs=1 fat_scratch_bytes=98568192 fat_scratch_peak_bytes=98568192
(Worker_TP1 pid=1240) INFO 09-02 23:14:13 [exl3.py:451] exl3 fat-expert P0: layers=3822 fat_layers=3553 (93.0%) fat_expert_slots=82117 max_rows=2048 avg_max_rows=1276.9 hist_le128=269 hist_gt128=3553 hist=[0, 19, 64, 186, 127, 355, 454, 2617, 0]
(Worker_TP1 pid=1240) INFO 09-02 23:14:13 [exl3.py:464] exl3 e2 diag schema=1 configured_tier=kernel effective_tier=kernel tier_reason=kernel_ok shared_suh=1 shared_suh_layers=42/42 sym_exl3_moe=1 sym_fat_gemm=1 sym_fat_gemm_scatter=1 cap=12.1 cap_ok=1 tp_rank=1 tp_size=4 prefill_layer_calls=3822 thin_calls=269 row_tile_calls=0 fallback_calls=kernel=3552,batched=0,sorted=0,legacy=0 fallback_reasons=kernel_ok=3552,thin_only=269 fat_expert_runs=82105 direct_calls=82105 scatter_calls=82105 fat_layers=3553 fat_expert_slots=82117 max_rows=2048 fused_temps_allocs=1 fused_temps_bytes=14155776 fat_scratch_allocs=1 fat_scratch_bytes=98568192 fat_scratch_peak_bytes=98568192
(Worker_TP1 pid=1240) INFO 09-02 23:14:15 [exl3.py:451] exl3 fat-expert P0: layers=3864 fat_layers=3595 (93.0%) fat_expert_slots=83179 max_rows=2048 avg_max_rows=1278.9 hist_le128=269 hist_gt128=3595 hist=[0, 19, 64, 186, 127, 360, 459, 2649, 0]
(Worker_TP1 pid=1240) INFO 09-02 23:14:15 [exl3.py:464] exl3 e2 diag schema=1 configured_tier=kernel effective_tier=kernel tier_reason=kernel_ok shared_suh=1 shared_suh_layers=42/42 sym_exl3_moe=1 sym_fat_gemm=1 sym_fat_gemm_scatter=1 cap=12.1 cap_ok=1 tp_rank=1 tp_size=4 prefill_layer_calls=3864 thin_calls=269 row_tile_calls=0 fallback_calls=kernel=3594,batched=0,sorted=0,legacy=0 fallback_reasons=kernel_ok=3594,thin_only=269 fat_expert_runs=83168 direct_calls=83168 scatter_calls=83168 fat_layers=3595 fat_expert_slots=83179 max_rows=2048 fused_temps_allocs=1 fused_temps_bytes=14155776 fat_scratch_allocs=1 fat_scratch_bytes=98568192 fat_scratch_peak_bytes=98568192
(Worker_TP1 pid=1240) INFO 09-02 23:14:16 [exl3.py:451] exl3 fat-expert P0: layers=3906 fat_layers=3637 (93.1%) fat_expert_slots=84247 max_rows=2048 avg_max_rows=1280.7 hist_le128=269 hist_gt128=3637 hist=[0, 19, 64, 186, 127, 364, 465, 2681, 0]
(Worker_TP1 pid=1240) INFO 09-02 23:14:16 [exl3.py:464] exl3 e2 diag schema=1 configured_tier=kernel effective_tier=kernel tier_reason=kernel_ok shared_suh=1 shared_suh_layers=42/42 sym_exl3_moe=1 sym_fat_gemm=1 sym_fat_gemm_scatter=1 cap=12.1 cap_ok=1 tp_rank=1 tp_size=4 prefill_layer_calls=3906 thin_calls=269 row_tile_calls=0 fallback_calls=kernel=3636,batched=0,sorted=0,legacy=0 fallback_reasons=kernel_ok=3636,thin_only=269 fat_expert_runs=84236 direct_calls=84236 scatter_calls=84236 fat_layers=3637 fat_expert_slots=84247 max_rows=2048 fused_temps_allocs=1 fused_temps_bytes=14155776 fat_scratch_allocs=1 fat_scratch_bytes=98568192 fat_scratch_peak_bytes=98568192
(Worker_TP1 pid=1240) INFO 09-02 23:14:17 [exl3.py:451] exl3 fat-expert P0: layers=3948 fat_layers=3679 (93.2%) fat_expert_slots=85316 max_rows=2048 avg_max_rows=1282.6 hist_le128=269 hist_gt128=3679 hist=[0, 19, 64, 186, 127, 367, 471, 2714, 0]
(Worker_TP1 pid=1240) INFO 09-02 23:14:17 [exl3.py:464] exl3 e2 diag schema=1 configured_tier=kernel effective_tier=kernel tier_reason=kernel_ok shared_suh=1 shared_suh_layers=42/42 sym_exl3_moe=1 sym_fat_gemm=1 sym_fat_gemm_scatter=1 cap=12.1 cap_ok=1 tp_rank=1 tp_size=4 prefill_layer_calls=3948 thin_calls=269 row_tile_calls=0 fallback_calls=kernel=3678,batched=0,sorted=0,legacy=0 fallback_reasons=kernel_ok=3678,thin_only=269 fat_expert_runs=85304 direct_calls=85304 scatter_calls=85304 fat_layers=3679 fat_expert_slots=85316 max_rows=2048 fused_temps_allocs=1 fused_temps_bytes=14155776 fat_scratch_allocs=1 fat_scratch_bytes=98568192 fat_scratch_peak_bytes=98568192
(Worker_TP1 pid=1240) INFO 09-02 23:14:19 [exl3.py:451] exl3 fat-expert P0: layers=3990 fat_layers=3721 (93.3%) fat_expert_slots=86383 max_rows=2048 avg_max_rows=1284.4 hist_le128=269 hist_gt128=3721 hist=[0, 19, 64, 186, 127, 372, 475, 2747, 0]
(Worker_TP1 pid=1240) INFO 09-02 23:14:19 [exl3.py:464] exl3 e2 diag schema=1 configured_tier=kernel effective_tier=kernel tier_reason=kernel_ok shared_suh=1 shared_suh_layers=42/42 sym_exl3_moe=1 sym_fat_gemm=1 sym_fat_gemm_scatter=1 cap=12.1 cap_ok=1 tp_rank=1 tp_size=4 prefill_layer_calls=3990 thin_calls=269 row_tile_calls=0 fallback_calls=kernel=3720,batched=0,sorted=0,legacy=0 fallback_reasons=kernel_ok=3720,thin_only=269 fat_expert_runs=86372 direct_calls=86372 scatter_calls=86372 fat_layers=3721 fat_expert_slots=86383 max_rows=2048 fused_temps_allocs=1 fused_temps_bytes=14155776 fat_scratch_allocs=1 fat_scratch_bytes=98568192 fat_scratch_peak_bytes=98568192
(Worker_TP1 pid=1240) INFO 09-02 23:14:20 [exl3.py:451] exl3 fat-expert P0: layers=4032 fat_layers=3763 (93.3%) fat_expert_slots=87448 max_rows=2048 avg_max_rows=1286.1 hist_le128=269 hist_gt128=3763 hist=[0, 19, 64, 186, 127, 376, 480, 2780, 0]
(Worker_TP1 pid=1240) INFO 09-02 23:14:20 [exl3.py:464] exl3 e2 diag schema=1 configured_tier=kernel effective_tier=kernel tier_reason=kernel_ok shared_suh=1 shared_suh_layers=42/42 sym_exl3_moe=1 sym_fat_gemm=1 sym_fat_gemm_scatter=1 cap=12.1 cap_ok=1 tp_rank=1 tp_size=4 prefill_layer_calls=4032 thin_calls=269 row_tile_calls=0 fallback_calls=kernel=3762,batched=0,sorted=0,legacy=0 fallback_reasons=kernel_ok=3762,thin_only=269 fat_expert_runs=87438 direct_calls=87438 scatter_calls=87438 fat_layers=3763 fat_expert_slots=87448 max_rows=2048 fused_temps_allocs=1 fused_temps_bytes=14155776 fat_scratch_allocs=1 fat_scratch_bytes=98568192 fat_scratch_peak_bytes=98568192
(Worker_TP1 pid=1240) INFO 09-02 23:14:22 [exl3.py:451] exl3 fat-expert P0: layers=4074 fat_layers=3805 (93.4%) fat_expert_slots=88496 max_rows=2048 avg_max_rows=1287.6 hist_le128=269 hist_gt128=3805 hist=[0, 19, 64, 186, 127, 379, 486, 2813, 0]
(Worker_TP1 pid=1240) INFO 09-02 23:14:22 [exl3.py:464] exl3 e2 diag schema=1 configured_tier=kernel effective_tier=kernel tier_reason=kernel_ok shared_suh=1 shared_suh_layers=42/42 sym_exl3_moe=1 sym_fat_gemm=1 sym_fat_gemm_scatter=1 cap=12.1 cap_ok=1 tp_rank=1 tp_size=4 prefill_layer_calls=4074 thin_calls=269 row_tile_calls=0 fallback_calls=kernel=3804,batched=0,sorted=0,legacy=0 fallback_reasons=kernel_ok=3804,thin_only=269 fat_expert_runs=88485 direct_calls=88485 scatter_calls=88485 fat_layers=3805 fat_expert_slots=88496 max_rows=2048 fused_temps_allocs=1 fused_temps_bytes=14155776 fat_scratch_allocs=1 fat_scratch_bytes=98568192 fat_scratch_peak_bytes=98568192
(Worker_TP1 pid=1240) INFO 09-02 23:14:23 [exl3.py:451] exl3 fat-expert P0: layers=4116 fat_layers=3847 (93.5%) fat_expert_slots=89553 max_rows=2048 avg_max_rows=1289.1 hist_le128=269 hist_gt128=3847 hist=[0, 19, 64, 186, 127, 384, 491, 2845, 0]
(Worker_TP1 pid=1240) INFO 09-02 23:14:23 [exl3.py:464] exl3 e2 diag schema=1 configured_tier=kernel effective_tier=kernel tier_reason=kernel_ok shared_suh=1 shared_suh_layers=42/42 sym_exl3_moe=1 sym_fat_gemm=1 sym_fat_gemm_scatter=1 cap=12.1 cap_ok=1 tp_rank=1 tp_size=4 prefill_layer_calls=4116 thin_calls=269 row_tile_calls=0 fallback_calls=kernel=3846,batched=0,sorted=0,legacy=0 fallback_reasons=kernel_ok=3846,thin_only=269 fat_expert_runs=89541 direct_calls=89541 scatter_calls=89541 fat_layers=3847 fat_expert_slots=89553 max_rows=2048 fused_temps_allocs=1 fused_temps_bytes=14155776 fat_scratch_allocs=1 fat_scratch_bytes=98568192 fat_scratch_peak_bytes=98568192
(Worker_TP1 pid=1240) INFO 09-02 23:14:25 [exl3.py:451] exl3 fat-expert P0: layers=4158 fat_layers=3889 (93.5%) fat_expert_slots=90603 max_rows=2048 avg_max_rows=1290.6 hist_le128=269 hist_gt128=3889 hist=[0, 19, 64, 186, 127, 387, 498, 2877, 0]
(Worker_TP1 pid=1240) INFO 09-02 23:14:25 [exl3.py:464] exl3 e2 diag schema=1 configured_tier=kernel effective_tier=kernel tier_reason=kernel_ok shared_suh=1 shared_suh_layers=42/42 sym_exl3_moe=1 sym_fat_gemm=1 sym_fat_gemm_scatter=1 cap=12.1 cap_ok=1 tp_rank=1 tp_size=4 prefill_layer_calls=4158 thin_calls=269 row_tile_calls=0 fallback_calls=kernel=3888,batched=0,sorted=0,legacy=0 fallback_reasons=kernel_ok=3888,thin_only=269 fat_expert_runs=90592 direct_calls=90592 scatter_calls=90592 fat_layers=3889 fat_expert_slots=90603 max_rows=2048 fused_temps_allocs=1 fused_temps_bytes=14155776 fat_scratch_allocs=1 fat_scratch_bytes=98568192 fat_scratch_peak_bytes=98568192
(Worker_TP1 pid=1240) INFO 09-02 23:14:26 [exl3.py:451] exl3 fat-expert P0: layers=4200 fat_layers=3931 (93.6%) fat_expert_slots=91673 max_rows=2048 avg_max_rows=1291.9 hist_le128=269 hist_gt128=3931 hist=[0, 19, 64, 186, 127, 390, 505, 2909, 0]
(Worker_TP1 pid=1240) INFO 09-02 23:14:26 [exl3.py:464] exl3 e2 diag schema=1 configured_tier=kernel effective_tier=kernel tier_reason=kernel_ok shared_suh=1 shared_suh_layers=42/42 sym_exl3_moe=1 sym_fat_gemm=1 sym_fat_gemm_scatter=1 cap=12.1 cap_ok=1 tp_rank=1 tp_size=4 prefill_layer_calls=4200 thin_calls=269 row_tile_calls=0 fallback_calls=kernel=3930,batched=0,sorted=0,legacy=0 fallback_reasons=kernel_ok=3930,thin_only=269 fat_expert_runs=91662 direct_calls=91662 scatter_calls=91662 fat_layers=3931 fat_expert_slots=91673 max_rows=2048 fused_temps_allocs=1 fused_temps_bytes=14155776 fat_scratch_allocs=1 fat_scratch_bytes=98568192 fat_scratch_peak_bytes=98568192
(Worker_TP1 pid=1240) INFO 09-02 23:14:28 [exl3.py:451] exl3 fat-expert P0: layers=4242 fat_layers=3973 (93.7%) fat_expert_slots=92777 max_rows=2048 avg_max_rows=1293.2 hist_le128=269 hist_gt128=3973 hist=[0, 19, 64, 186, 127, 394, 511, 2941, 0]
(Worker_TP1 pid=1240) INFO 09-02 23:14:28 [exl3.py:464] exl3 e2 diag schema=1 configured_tier=kernel effective_tier=kernel tier_reason=kernel_ok shared_suh=1 shared_suh_layers=42/42 sym_exl3_moe=1 sym_fat_gemm=1 sym_fat_gemm_scatter=1 cap=12.1 cap_ok=1 tp_rank=1 tp_size=4 prefill_layer_calls=4242 thin_calls=269 row_tile_calls=0 fallback_calls=kernel=3972,batched=0,sorted=0,legacy=0 fallback_reasons=kernel_ok=3972,thin_only=269 fat_expert_runs=92766 direct_calls=92766 scatter_calls=92766 fat_layers=3973 fat_expert_slots=92777 max_rows=2048 fused_temps_allocs=1 fused_temps_bytes=14155776 fat_scratch_allocs=1 fat_scratch_bytes=98568192 fat_scratch_peak_bytes=98568192
(Worker_TP1 pid=1240) INFO 09-02 23:14:29 [exl3.py:451] exl3 fat-expert P0: layers=4284 fat_layers=4015 (93.7%) fat_expert_slots=93864 max_rows=2048 avg_max_rows=1294.3 hist_le128=269 hist_gt128=4015 hist=[0, 19, 64, 186, 127, 398, 517, 2973, 0]
(Worker_TP1 pid=1240) INFO 09-02 23:14:29 [exl3.py:464] exl3 e2 diag schema=1 configured_tier=kernel effective_tier=kernel tier_reason=kernel_ok shared_suh=1 shared_suh_layers=42/42 sym_exl3_moe=1 sym_fat_gemm=1 sym_fat_gemm_scatter=1 cap=12.1 cap_ok=1 tp_rank=1 tp_size=4 prefill_layer_calls=4284 thin_calls=269 row_tile_calls=0 fallback_calls=kernel=4014,batched=0,sorted=0,legacy=0 fallback_reasons=kernel_ok=4014,thin_only=269 fat_expert_runs=93853 direct_calls=93853 scatter_calls=93853 fat_layers=4015 fat_expert_slots=93864 max_rows=2048 fused_temps_allocs=1 fused_temps_bytes=14155776 fat_scratch_allocs=1 fat_scratch_bytes=98568192 fat_scratch_peak_bytes=98568192
(Worker_TP1 pid=1240) INFO 09-02 23:14:30 [exl3.py:451] exl3 fat-expert P0: layers=4326 fat_layers=4057 (93.8%) fat_expert_slots=94969 max_rows=2048 avg_max_rows=1295.7 hist_le128=269 hist_gt128=4057 hist=[0, 19, 64, 186, 127, 401, 524, 3005, 0]
(Worker_TP1 pid=1240) INFO 09-02 23:14:30 [exl3.py:464] exl3 e2 diag schema=1 configured_tier=kernel effective_tier=kernel tier_reason=kernel_ok shared_suh=1 shared_suh_layers=42/42 sym_exl3_moe=1 sym_fat_gemm=1 sym_fat_gemm_scatter=1 cap=12.1 cap_ok=1 tp_rank=1 tp_size=4 prefill_layer_calls=4326 thin_calls=269 row_tile_calls=0 fallback_calls=kernel=4056,batched=0,sorted=0,legacy=0 fallback_reasons=kernel_ok=4056,thin_only=269 fat_expert_runs=94958 direct_calls=94958 scatter_calls=94958 fat_layers=4057 fat_expert_slots=94969 max_rows=2048 fused_temps_allocs=1 fused_temps_bytes=14155776 fat_scratch_allocs=1 fat_scratch_bytes=98568192 fat_scratch_peak_bytes=98568192
(Worker_TP1 pid=1240) INFO 09-02 23:14:32 [exl3.py:451] exl3 fat-expert P0: layers=4368 fat_layers=4099 (93.8%) fat_expert_slots=96086 max_rows=2048 avg_max_rows=1296.7 hist_le128=269 hist_gt128=4099 hist=[0, 19, 64, 186, 127, 404, 531, 3037, 0]
(Worker_TP1 pid=1240) INFO 09-02 23:14:32 [exl3.py:464] exl3 e2 diag schema=1 configured_tier=kernel effective_tier=kernel tier_reason=kernel_ok shared_suh=1 shared_suh_layers=42/42 sym_exl3_moe=1 sym_fat_gemm=1 sym_fat_gemm_scatter=1 cap=12.1 cap_ok=1 tp_rank=1 tp_size=4 prefill_layer_calls=4368 thin_calls=269 row_tile_calls=0 fallback_calls=kernel=4098,batched=0,sorted=0,legacy=0 fallback_reasons=kernel_ok=4098,thin_only=269 fat_expert_runs=96075 direct_calls=96075 scatter_calls=96075 fat_layers=4099 fat_expert_slots=96086 max_rows=2048 fused_temps_allocs=1 fused_temps_bytes=14155776 fat_scratch_allocs=1 fat_scratch_bytes=98568192 fat_scratch_peak_bytes=98568192
(Worker_TP1 pid=1240) INFO 09-02 23:14:34 [exl3.py:451] exl3 fat-expert P0: layers=4410 fat_layers=4141 (93.9%) fat_expert_slots=97210 max_rows=2048 avg_max_rows=1297.7 hist_le128=269 hist_gt128=4141 hist=[0, 19, 64, 186, 127, 407, 538, 3069, 0]
(Worker_TP1 pid=1240) INFO 09-02 23:14:34 [exl3.py:464] exl3 e2 diag schema=1 configured_tier=kernel effective_tier=kernel tier_reason=kernel_ok shared_suh=1 shared_suh_layers=42/42 sym_exl3_moe=1 sym_fat_gemm=1 sym_fat_gemm_scatter=1 cap=12.1 cap_ok=1 tp_rank=1 tp_size=4 prefill_layer_calls=4410 thin_calls=269 row_tile_calls=0 fallback_calls=kernel=4140,batched=0,sorted=0,legacy=0 fallback_reasons=kernel_ok=4140,thin_only=269 fat_expert_runs=97198 direct_calls=97198 scatter_calls=97198 fat_layers=4141 fat_expert_slots=97210 max_rows=2048 fused_temps_allocs=1 fused_temps_bytes=14155776 fat_scratch_allocs=1 fat_scratch_bytes=98568192 fat_scratch_peak_bytes=98568192
(Worker_TP1 pid=1240) INFO 09-02 23:14:35 [exl3.py:451] exl3 fat-expert P0: layers=4452 fat_layers=4183 (94.0%) fat_expert_slots=98324 max_rows=2048 avg_max_rows=1298.8 hist_le128=269 hist_gt128=4183 hist=[0, 19, 64, 186, 127, 411, 544, 3101, 0]
(Worker_TP1 pid=1240) INFO 09-02 23:14:35 [exl3.py:464] exl3 e2 diag schema=1 configured_tier=kernel effective_tier=kernel tier_reason=kernel_ok shared_suh=1 shared_suh_layers=42/42 sym_exl3_moe=1 sym_fat_gemm=1 sym_fat_gemm_scatter=1 cap=12.1 cap_ok=1 tp_rank=1 tp_size=4 prefill_layer_calls=4452 thin_calls=269 row_tile_calls=0 fallback_calls=kernel=4182,batched=0,sorted=0,legacy=0 fallback_reasons=kernel_ok=4182,thin_only=269 fat_expert_runs=98312 direct_calls=98312 scatter_calls=98312 fat_layers=4183 fat_expert_slots=98324 max_rows=2048 fused_temps_allocs=1 fused_temps_bytes=14155776 fat_scratch_allocs=1 fat_scratch_bytes=98568192 fat_scratch_peak_bytes=98568192
(Worker_TP1 pid=1240) INFO 09-02 23:14:37 [exl3.py:451] exl3 fat-expert P0: layers=4494 fat_layers=4225 (94.0%) fat_expert_slots=99434 max_rows=2048 avg_max_rows=1299.7 hist_le128=269 hist_gt128=4225 hist=[0, 19, 64, 186, 127, 414, 551, 3133, 0]
(Worker_TP1 pid=1240) INFO 09-02 23:14:37 [exl3.py:464] exl3 e2 diag schema=1 configured_tier=kernel effective_tier=kernel tier_reason=kernel_ok shared_suh=1 shared_suh_layers=42/42 sym_exl3_moe=1 sym_fat_gemm=1 sym_fat_gemm_scatter=1 cap=12.1 cap_ok=1 tp_rank=1 tp_size=4 prefill_layer_calls=4494 thin_calls=269 row_tile_calls=0 fallback_calls=kernel=4224,batched=0,sorted=0,legacy=0 fallback_reasons=kernel_ok=4224,thin_only=269 fat_expert_runs=99422 direct_calls=99422 scatter_calls=99422 fat_layers=4225 fat_expert_slots=99434 max_rows=2048 fused_temps_allocs=1 fused_temps_bytes=14155776 fat_scratch_allocs=1 fat_scratch_bytes=98568192 fat_scratch_peak_bytes=98568192
(Worker_TP1 pid=1240) INFO 09-02 23:14:38 [exl3.py:451] exl3 fat-expert P0: layers=4536 fat_layers=4267 (94.1%) fat_expert_slots=100549 max_rows=2048 avg_max_rows=1300.6 hist_le128=269 hist_gt128=4267 hist=[0, 19, 64, 186, 127, 418, 556, 3166, 0]
(Worker_TP1 pid=1240) INFO 09-02 23:14:38 [exl3.py:464] exl3 e2 diag schema=1 configured_tier=kernel effective_tier=kernel tier_reason=kernel_ok shared_suh=1 shared_suh_layers=42/42 sym_exl3_moe=1 sym_fat_gemm=1 sym_fat_gemm_scatter=1 cap=12.1 cap_ok=1 tp_rank=1 tp_size=4 prefill_layer_calls=4536 thin_calls=269 row_tile_calls=0 fallback_calls=kernel=4266,batched=0,sorted=0,legacy=0 fallback_reasons=kernel_ok=4266,thin_only=269 fat_expert_runs=100538 direct_calls=100538 scatter_calls=100538 fat_layers=4267 fat_expert_slots=100549 max_rows=2048 fused_temps_allocs=1 fused_temps_bytes=14155776 fat_scratch_allocs=1 fat_scratch_bytes=98568192 fat_scratch_peak_bytes=98568192
(Worker_TP1 pid=1240) INFO 09-02 23:14:40 [exl3.py:451] exl3 fat-expert P0: layers=4578 fat_layers=4309 (94.1%) fat_expert_slots=101663 max_rows=2048 avg_max_rows=1301.5 hist_le128=269 hist_gt128=4309 hist=[0, 19, 64, 186, 127, 421, 562, 3199, 0]
(Worker_TP1 pid=1240) INFO 09-02 23:14:40 [exl3.py:464] exl3 e2 diag schema=1 configured_tier=kernel effective_tier=kernel tier_reason=kernel_ok shared_suh=1 shared_suh_layers=42/42 sym_exl3_moe=1 sym_fat_gemm=1 sym_fat_gemm_scatter=1 cap=12.1 cap_ok=1 tp_rank=1 tp_size=4 prefill_layer_calls=4578 thin_calls=269 row_tile_calls=0 fallback_calls=kernel=4308,batched=0,sorted=0,legacy=0 fallback_reasons=kernel_ok=4308,thin_only=269 fat_expert_runs=101653 direct_calls=101653 scatter_calls=101653 fat_layers=4309 fat_expert_slots=101663 max_rows=2048 fused_temps_allocs=1 fused_temps_bytes=14155776 fat_scratch_allocs=1 fat_scratch_bytes=98568192 fat_scratch_peak_bytes=98568192
(Worker_TP1 pid=1240) INFO 09-02 23:14:41 [exl3.py:451] exl3 fat-expert P0: layers=4620 fat_layers=4351 (94.2%) fat_expert_slots=102779 max_rows=2048 avg_max_rows=1302.4 hist_le128=269 hist_gt128=4351 hist=[0, 19, 64, 186, 127, 425, 567, 3232, 0]
(Worker_TP1 pid=1240) INFO 09-02 23:14:41 [exl3.py:464] exl3 e2 diag schema=1 configured_tier=kernel effective_tier=kernel tier_reason=kernel_ok shared_suh=1 shared_suh_layers=42/42 sym_exl3_moe=1 sym_fat_gemm=1 sym_fat_gemm_scatter=1 cap=12.1 cap_ok=1 tp_rank=1 tp_size=4 prefill_layer_calls=4620 thin_calls=269 row_tile_calls=0 fallback_calls=kernel=4350,batched=0,sorted=0,legacy=0 fallback_reasons=kernel_ok=4350,thin_only=269 fat_expert_runs=102769 direct_calls=102769 scatter_calls=102769 fat_layers=4351 fat_expert_slots=102779 max_rows=2048 fused_temps_allocs=1 fused_temps_bytes=14155776 fat_scratch_allocs=1 fat_scratch_bytes=98568192 fat_scratch_peak_bytes=98568192
(Worker_TP1 pid=1240) INFO 09-02 23:14:43 [exl3.py:451] exl3 fat-expert P0: layers=4662 fat_layers=4393 (94.2%) fat_expert_slots=103887 max_rows=2048 avg_max_rows=1303.3 hist_le128=269 hist_gt128=4393 hist=[0, 19, 64, 186, 127, 428, 574, 3264, 0]
(Worker_TP1 pid=1240) INFO 09-02 23:14:43 [exl3.py:464] exl3 e2 diag schema=1 configured_tier=kernel effective_tier=kernel tier_reason=kernel_ok shared_suh=1 shared_suh_layers=42/42 sym_exl3_moe=1 sym_fat_gemm=1 sym_fat_gemm_scatter=1 cap=12.1 cap_ok=1 tp_rank=1 tp_size=4 prefill_layer_calls=4662 thin_calls=269 row_tile_calls=0 fallback_calls=kernel=4392,batched=0,sorted=0,legacy=0 fallback_reasons=kernel_ok=4392,thin_only=269 fat_expert_runs=103877 direct_calls=103877 scatter_calls=103877 fat_layers=4393 fat_expert_slots=103887 max_rows=2048 fused_temps_allocs=1 fused_temps_bytes=14155776 fat_scratch_allocs=1 fat_scratch_bytes=98568192 fat_scratch_peak_bytes=98568192
(Worker_TP1 pid=1240) INFO 09-02 23:14:44 [exl3.py:451] exl3 fat-expert P0: layers=4704 fat_layers=4435 (94.3%) fat_expert_slots=105005 max_rows=2048 avg_max_rows=1304.1 hist_le128=269 hist_gt128=4435 hist=[0, 19, 64, 186, 127, 432, 580, 3296, 0]
(Worker_TP1 pid=1240) INFO 09-02 23:14:44 [exl3.py:464] exl3 e2 diag schema=1 configured_tier=kernel effective_tier=kernel tier_reason=kernel_ok shared_suh=1 shared_suh_layers=42/42 sym_exl3_moe=1 sym_fat_gemm=1 sym_fat_gemm_scatter=1 cap=12.1 cap_ok=1 tp_rank=1 tp_size=4 prefill_layer_calls=4704 thin_calls=269 row_tile_calls=0 fallback_calls=kernel=4434,batched=0,sorted=0,legacy=0 fallback_reasons=kernel_ok=4434,thin_only=269 fat_expert_runs=104994 direct_calls=104994 scatter_calls=104994 fat_layers=4435 fat_expert_slots=105005 max_rows=2048 fused_temps_allocs=1 fused_temps_bytes=14155776 fat_scratch_allocs=1 fat_scratch_bytes=98568192 fat_scratch_peak_bytes=98568192
(Worker_TP1 pid=1240) INFO 09-02 23:14:46 [exl3.py:451] exl3 fat-expert P0: layers=4746 fat_layers=4477 (94.3%) fat_expert_slots=106095 max_rows=2048 avg_max_rows=1305.0 hist_le128=269 hist_gt128=4477 hist=[0, 19, 64, 186, 127, 435, 587, 3328, 0]
(Worker_TP1 pid=1240) INFO 09-02 23:14:46 [exl3.py:464] exl3 e2 diag schema=1 configured_tier=kernel effective_tier=kernel tier_reason=kernel_ok shared_suh=1 shared_suh_layers=42/42 sym_exl3_moe=1 sym_fat_gemm=1 sym_fat_gemm_scatter=1 cap=12.1 cap_ok=1 tp_rank=1 tp_size=4 prefill_layer_calls=4746 thin_calls=269 row_tile_calls=0 fallback_calls=kernel=4476,batched=0,sorted=0,legacy=0 fallback_reasons=kernel_ok=4476,thin_only=269 fat_expert_runs=106084 direct_calls=106084 scatter_calls=106084 fat_layers=4477 fat_expert_slots=106095 max_rows=2048 fused_temps_allocs=1 fused_temps_bytes=14155776 fat_scratch_allocs=1 fat_scratch_bytes=98568192 fat_scratch_peak_bytes=98568192
(Worker_TP1 pid=1240) INFO 09-02 23:14:47 [exl3.py:451] exl3 fat-expert P0: layers=4788 fat_layers=4519 (94.4%) fat_expert_slots=107183 max_rows=2048 avg_max_rows=1305.9 hist_le128=269 hist_gt128=4519 hist=[0, 19, 64, 186, 127, 439, 593, 3360, 0]
(Worker_TP1 pid=1240) INFO 09-02 23:14:47 [exl3.py:464] exl3 e2 diag schema=1 configured_tier=kernel effective_tier=kernel tier_reason=kernel_ok shared_suh=1 shared_suh_layers=42/42 sym_exl3_moe=1 sym_fat_gemm=1 sym_fat_gemm_scatter=1 cap=12.1 cap_ok=1 tp_rank=1 tp_size=4 prefill_layer_calls=4788 thin_calls=269 row_tile_calls=0 fallback_calls=kernel=4518,batched=0,sorted=0,legacy=0 fallback_reasons=kernel_ok=4518,thin_only=269 fat_expert_runs=107171 direct_calls=107171 scatter_calls=107171 fat_layers=4519 fat_expert_slots=107183 max_rows=2048 fused_temps_allocs=1 fused_temps_bytes=14155776 fat_scratch_allocs=1 fat_scratch_bytes=98568192 fat_scratch_peak_bytes=98568192
(Worker_TP1 pid=1240) INFO 09-02 23:14:48 [exl3.py:451] exl3 fat-expert P0: layers=4830 fat_layers=4561 (94.4%) fat_expert_slots=108288 max_rows=2048 avg_max_rows=1306.8 hist_le128=269 hist_gt128=4561 hist=[0, 19, 64, 186, 127, 443, 599, 3392, 0]
(Worker_TP1 pid=1240) INFO 09-02 23:14:48 [exl3.py:464] exl3 e2 diag schema=1 configured_tier=kernel effective_tier=kernel tier_reason=kernel_ok shared_suh=1 shared_suh_layers=42/42 sym_exl3_moe=1 sym_fat_gemm=1 sym_fat_gemm_scatter=1 cap=12.1 cap_ok=1 tp_rank=1 tp_size=4 prefill_layer_calls=4830 thin_calls=269 row_tile_calls=0 fallback_calls=kernel=4560,batched=0,sorted=0,legacy=0 fallback_reasons=kernel_ok=4560,thin_only=269 fat_expert_runs=108277 direct_calls=108277 scatter_calls=108277 fat_layers=4561 fat_expert_slots=108288 max_rows=2048 fused_temps_allocs=1 fused_temps_bytes=14155776 fat_scratch_allocs=1 fat_scratch_bytes=98568192 fat_scratch_peak_bytes=98568192
(Worker_TP1 pid=1240) INFO 09-02 23:14:50 [exl3.py:451] exl3 fat-expert P0: layers=4872 fat_layers=4603 (94.5%) fat_expert_slots=109393 max_rows=2048 avg_max_rows=1307.6 hist_le128=269 hist_gt128=4603 hist=[0, 19, 64, 186, 127, 447, 604, 3425, 0]
(Worker_TP1 pid=1240) INFO 09-02 23:14:50 [exl3.py:464] exl3 e2 diag schema=1 configured_tier=kernel effective_tier=kernel tier_reason=kernel_ok shared_suh=1 shared_suh_layers=42/42 sym_exl3_moe=1 sym_fat_gemm=1 sym_fat_gemm_scatter=1 cap=12.1 cap_ok=1 tp_rank=1 tp_size=4 prefill_layer_calls=4872 thin_calls=269 row_tile_calls=0 fallback_calls=kernel=4602,batched=0,sorted=0,legacy=0 fallback_reasons=kernel_ok=4602,thin_only=269 fat_expert_runs=109381 direct_calls=109381 scatter_calls=109381 fat_layers=4603 fat_expert_slots=109393 max_rows=2048 fused_temps_allocs=1 fused_temps_bytes=14155776 fat_scratch_allocs=1 fat_scratch_bytes=98568192 fat_scratch_peak_bytes=98568192
(Worker_TP1 pid=1240) INFO 09-02 23:14:51 [exl3.py:451] exl3 fat-expert P0: layers=4914 fat_layers=4645 (94.5%) fat_expert_slots=110361 max_rows=2048 avg_max_rows=1307.0 hist_le128=269 hist_gt128=4645 hist=[0, 19, 64, 186, 127, 451, 610, 3457, 0]
(Worker_TP1 pid=1240) INFO 09-02 23:14:51 [exl3.py:464] exl3 e2 diag schema=1 configured_tier=kernel effective_tier=kernel tier_reason=kernel_ok shared_suh=1 shared_suh_layers=42/42 sym_exl3_moe=1 sym_fat_gemm=1 sym_fat_gemm_scatter=1 cap=12.1 cap_ok=1 tp_rank=1 tp_size=4 prefill_layer_calls=4914 thin_calls=269 row_tile_calls=0 fallback_calls=kernel=4644,batched=0,sorted=0,legacy=0 fallback_reasons=kernel_ok=4644,thin_only=269 fat_expert_runs=110349 direct_calls=110349 scatter_calls=110349 fat_layers=4645 fat_expert_slots=110361 max_rows=2048 fused_temps_allocs=1 fused_temps_bytes=14155776 fat_scratch_allocs=1 fat_scratch_bytes=98568192 fat_scratch_peak_bytes=98568192
